ISO-10303-21;
HEADER;
FILE_DESCRIPTION (( 'STEP AP214' ),
    '1' );
FILE_NAME ('LCD 1602 2x16 Blue-White.STEP',
    '2025-08-21T23:07:56',
    ( '' ),
    ( '' ),
    'SwSTEP 2.0',
    'SolidWorks 2021',
    '' );
FILE_SCHEMA (( 'AUTOMOTIVE_DESIGN' ));
ENDSEC;

DATA;
#1 = VERTEX_POINT ( 'NONE', #740 ) ;
#2 = COLOUR_RGB ( '',1.000000000000000000, 0.8117647058823529438, 0.5019607843137254832 ) ;
#3 = DIRECTION ( 'NONE',  ( 1.000000000000000000, 0.000000000000000000, 2.775557561562888984E-15 ) ) ;
#4 = CARTESIAN_POINT ( 'NONE',  ( -20.94000000000000128, 1.600000000000000089, -15.49999999999999645 ) ) ;
#5 = ORIENTED_EDGE ( 'NONE', *, *, #3848, .T. ) ;
#6 = CARTESIAN_POINT ( 'NONE',  ( 1.202081528017144407, -2.399999999999999467, 12.66923881554250642 ) ) ;
#7 = CARTESIAN_POINT ( 'NONE',  ( 35.15000000000001279, 1.600000000000000089, -11.50000000000002487 ) ) ;
#8 = CARTESIAN_POINT ( 'NONE',  ( -37.69999999999967599, 1.600000000000000089, 13.50000000000000000 ) ) ;
#9 = AXIS2_PLACEMENT_3D ( 'NONE', #5620, #5552, #766 ) ;
#10 = EDGE_CURVE ( 'NONE', #4035, #3933, #5853, .T. ) ;
#11 = LINE ( 'NONE', #9931, #4375 ) ;
#12 = EDGE_LOOP ( 'NONE', ( #6970, #2178, #4844, #7413 ) ) ;
#13 = CARTESIAN_POINT ( 'NONE',  ( -9.139999999999998792, 0.000000000000000000, -14.59999999999999787 ) ) ;
#14 = ORIENTED_EDGE ( 'NONE', *, *, #300, .F. ) ;
#15 = CARTESIAN_POINT ( 'NONE',  ( 37.70000000000032969, -6.222539674441619262, 17.09999999999999432 ) ) ;
#16 = ORIENTED_EDGE ( 'NONE', *, *, #2540, .F. ) ;
#17 = ORIENTED_EDGE ( 'NONE', *, *, #6915, .F. ) ;
#18 = CARTESIAN_POINT ( 'NONE',  ( 35.14292893218813418, 8.200000000000001066, 11.69797999999999938 ) ) ;
#19 = CARTESIAN_POINT ( 'NONE',  ( -29.46000000000000085, -6.222539674441619262, -15.49999999999999645 ) ) ;
#20 = ORIENTED_EDGE ( 'NONE', *, *, #9400, .F. ) ;
#21 = VECTOR ( 'NONE', #12380, 1000.000000000000000 ) ;
#22 = CARTESIAN_POINT ( 'NONE',  ( -37.69999999999967599, 0.000000000000000000, 15.69999999999999929 ) ) ;
#23 = CARTESIAN_POINT ( 'NONE',  ( 3.560000000000000497, 1.600000000000000089, -15.49999999999999645 ) ) ;
#24 = VERTEX_POINT ( 'NONE', #12730 ) ;
#25 = DIRECTION ( 'NONE',  ( -0.000000000000000000, 0.000000000000000000, 1.000000000000000000 ) ) ;
#26 = DIRECTION ( 'NONE',  ( 1.000000000000000000, -0.000000000000000000, 0.000000000000000000 ) ) ;
#27 = DIRECTION ( 'NONE',  ( -0.7071067811865501263, 0.000000000000000000, -0.7071067811865449082 ) ) ;
#28 = EDGE_CURVE ( 'NONE', #2877, #8239, #2857, .T. ) ;
#29 = VERTEX_POINT ( 'NONE', #4215 ) ;
#30 = DIRECTION ( 'NONE',  ( 0.000000000000000000, 1.000000000000000000, -0.000000000000000000 ) ) ;
#31 = ORIENTED_EDGE ( 'NONE', *, *, #8769, .F. ) ;
#32 = ORIENTED_EDGE ( 'NONE', *, *, #1351, .T. ) ;
#33 = ORIENTED_EDGE ( 'NONE', *, *, #12299, .F. ) ;
#34 = LINE ( 'NONE', #8993, #9995 ) ;
#35 = DIRECTION ( 'NONE',  ( 0.000000000000000000, 0.000000000000000000, 1.000000000000000000 ) ) ;
#36 = ORIENTED_EDGE ( 'NONE', *, *, #9920, .F. ) ;
#37 = DIRECTION ( 'NONE',  ( 0.000000000000000000, 0.000000000000000000, 1.000000000000000000 ) ) ;
#38 = ORIENTED_EDGE ( 'NONE', *, *, #2361, .T. ) ;
#39 = EDGE_CURVE ( 'NONE', #11666, #5458, #1076, .T. ) ;
#40 = DIRECTION ( 'NONE',  ( 0.000000000000000000, 1.000000000000000000, 0.000000000000000000 ) ) ;
#41 = DIRECTION ( 'NONE',  ( 0.000000000000000000, -0.000000000000000000, -1.000000000000000000 ) ) ;
#42 = ADVANCED_FACE ( 'NONE', ( #8142 ), #11084, .T. ) ;
#43 = DIRECTION ( 'NONE',  ( -0.000000000000000000, 1.000000000000000000, -0.000000000000000000 ) ) ;
#44 = LINE ( 'NONE', #4033, #12082 ) ;
#45 = LINE ( 'NONE', #753, #3521 ) ;
#46 = VERTEX_POINT ( 'NONE', #224 ) ;
#47 = EDGE_CURVE ( 'NONE', #5129, #8428, #12261, .T. ) ;
#48 = FACE_OUTER_BOUND ( 'NONE', #3891, .T. ) ;
#49 = AXIS2_PLACEMENT_3D ( 'NONE', #3943, #9820, #4132 ) ;
#50 = VERTEX_POINT ( 'NONE', #11348 ) ;
#51 = EDGE_CURVE ( 'NONE', #2813, #9343, #9103, .T. ) ;
#52 = CARTESIAN_POINT ( 'NONE',  ( -10.03999999999999027, 0.000000000000000000, -18.00000000000000000 ) ) ;
#53 = PLANE ( 'NONE',  #5575 ) ;
#54 = VERTEX_POINT ( 'NONE', #3164 ) ;
#55 = LINE ( 'NONE', #6461, #1416 ) ;
#56 = DIRECTION ( 'NONE',  ( -3.469446951953605354E-14, -1.000000000000000000, 0.000000000000000000 ) ) ;
#57 = DIRECTION ( 'NONE',  ( 0.000000000000000000, 1.000000000000000000, -0.000000000000000000 ) ) ;
#58 = AXIS2_PLACEMENT_3D ( 'NONE', #3995, #2800, #8036 ) ;
#59 = FACE_OUTER_BOUND ( 'NONE', #3214, .T. ) ;
#60 = CARTESIAN_POINT ( 'NONE',  ( 34.98222040359948437, 8.400000000000000355, -11.55246666847516579 ) ) ;
#61 = EDGE_CURVE ( 'NONE', #8129, #5915, #1271, .T. ) ;
#62 = EDGE_LOOP ( 'NONE', ( #10980, #11940, #2393, #10920 ) ) ;
#63 = VERTEX_POINT ( 'NONE', #2318 ) ;
#64 = EDGE_CURVE ( 'NONE', #1362, #7353, #2237, .T. ) ;
#65 = CARTESIAN_POINT ( 'NONE',  ( -34.95000000000000284, 8.400000000000000355, 11.50000000000000000 ) ) ;
#66 = DIRECTION ( 'NONE',  ( 0.000000000000000000, 1.000000000000000000, 0.000000000000000000 ) ) ;
#67 = ORIENTED_EDGE ( 'NONE', *, *, #8184, .F. ) ;
#68 = DIRECTION ( 'NONE',  ( -1.000000000000000000, 0.000000000000000000, 0.000000000000000000 ) ) ;
#69 = DIRECTION ( 'NONE',  ( -0.000000000000000000, 1.000000000000000000, -0.000000000000000000 ) ) ;
#70 = EDGE_CURVE ( 'NONE', #6182, #6964, #5383, .T. ) ;
#71 = CARTESIAN_POINT ( 'NONE',  ( 35.14999999999999858, 1.600000000000000089, 11.50000000000002309 ) ) ;
#72 = DIRECTION ( 'NONE',  ( 0.000000000000000000, 0.000000000000000000, 1.000000000000000000 ) ) ;
#73 = FACE_OUTER_BOUND ( 'NONE', #2146, .T. ) ;
#74 = ORIENTED_EDGE ( 'NONE', *, *, #1720, .T. ) ;
#75 = CARTESIAN_POINT ( 'NONE',  ( 35.14292893218813418, 4.406130238865231423E-14, 11.90000000000003055 ) ) ;
#76 = COLOUR_RGB ( '',1.000000000000000000, 0.8117647058823529438, 0.5019607843137254832 ) ;
#77 = VERTEX_POINT ( 'NONE', #10291 ) ;
#78 = CARTESIAN_POINT ( 'NONE',  ( -5.700000000000000178, 0.000000000000000000, -15.49999999999999645 ) ) ;
#79 = DIRECTION ( 'NONE',  ( 0.000000000000000000, 1.000000000000000000, 0.000000000000000000 ) ) ;
#80 = VERTEX_POINT ( 'NONE', #4336 ) ;
#81 = DIRECTION ( 'NONE',  ( 0.000000000000000000, 1.000000000000000000, 0.000000000000000000 ) ) ;
#82 = CARTESIAN_POINT ( 'NONE',  ( -1.060660171779823635, 0.000000000000000000, 10.68933982822018436 ) ) ;
#83 = CARTESIAN_POINT ( 'NONE',  ( 6.100000000000001421, -6.222539674441619262, -14.59999999999999787 ) ) ;
#84 = ORIENTED_EDGE ( 'NONE', *, *, #459, .T. ) ;
#85 = CARTESIAN_POINT ( 'NONE',  ( -24.37999999999999901, 0.000000000000000000, -15.49999999999999645 ) ) ;
#86 = CARTESIAN_POINT ( 'NONE',  ( -4.059999999999997833, 0.000000000000000000, -15.49999999999999645 ) ) ;
#87 = CARTESIAN_POINT ( 'NONE',  ( -35.14999999999999858, 8.199999999999999289, 11.90000000000000036 ) ) ;
#88 = CARTESIAN_POINT ( 'NONE',  ( -40.00000000000000000, 0.000000000000000000, -18.00000000000000000 ) ) ;
#89 = VERTEX_POINT ( 'NONE', #1196 ) ;
#90 = VERTEX_POINT ( 'NONE', #5064 ) ;
#91 = ORIENTED_EDGE ( 'NONE', *, *, #2984, .F. ) ;
#92 = CARTESIAN_POINT ( 'NONE',  ( 5.080000000000000071, 0.000000000000000000, 0.000000000000000000 ) ) ;
#93 = CARTESIAN_POINT ( 'NONE',  ( 31.86862915010155106, -2.399999999999999467, -12.73994949366116991 ) ) ;
#94 = ORIENTED_EDGE ( 'NONE', *, *, #4385, .T. ) ;
#95 = PLANE ( 'NONE',  #5943 ) ;
#96 = ADVANCED_FACE ( 'NONE', ( #8263 ), #6301, .F. ) ;
#97 = ORIENTED_EDGE ( 'NONE', *, *, #10978, .T. ) ;
#98 = DIRECTION ( 'NONE',  ( 0.000000000000000000, 1.000000000000000000, -0.000000000000000000 ) ) ;
#99 = PLANE ( 'NONE',  #8775 ) ;
#100 = EDGE_CURVE ( 'NONE', #8880, #377, #7275, .T. ) ;
#101 = LINE ( 'NONE', #6175, #8891 ) ;
#102 = CARTESIAN_POINT ( 'NONE',  ( 6.999999999999999112, 0.000000000000000000, -15.49999999999999645 ) ) ;
#103 = LINE ( 'NONE', #5208, #4763 ) ;
#104 = ORIENTED_EDGE ( 'NONE', *, *, #5471, .T. ) ;
#105 = DIRECTION ( 'NONE',  ( 1.000000000000000000, -0.000000000000000000, 0.000000000000000000 ) ) ;
#106 = ORIENTED_EDGE ( 'NONE', *, *, #9217, .T. ) ;
#107 = EDGE_CURVE ( 'NONE', #7662, #5282, #6105, .T. ) ;
#108 = EDGE_CURVE ( 'NONE', #4910, #4927, #12340, .T. ) ;
#109 = CARTESIAN_POINT ( 'NONE',  ( -35.14292893218813418, 8.200000000000001066, -11.69999999999999929 ) ) ;
#110 = CARTESIAN_POINT ( 'NONE',  ( 3.560000000000000497, 0.000000000000000000, -14.59999999999999787 ) ) ;
#111 = ORIENTED_EDGE ( 'NONE', *, *, #6767, .F. ) ;
#112 = DIRECTION ( 'NONE',  ( 2.775557561562888984E-15, 0.000000000000000000, -1.000000000000000000 ) ) ;
#113 = CARTESIAN_POINT ( 'NONE',  ( 33.80000000000000426, 7.399999999999999467, -7.249999999999996447 ) ) ;
#114 = DIRECTION ( 'NONE',  ( -0.000000000000000000, 1.000000000000000000, -0.000000000000000000 ) ) ;
#115 =( NAMED_UNIT ( * ) PLANE_ANGLE_UNIT ( ) SI_UNIT ( $, .RADIAN. ) );
#116 = ADVANCED_FACE ( 'NONE', ( #2238 ), #1137, .F. ) ;
#117 = PLANE ( 'NONE',  #3303 ) ;
#118 = ORIENTED_EDGE ( 'NONE', *, *, #12822, .T. ) ;
#119 = CARTESIAN_POINT ( 'NONE',  ( -34.10000000000000142, 8.500000000000000000, -9.625000000000003553 ) ) ;
#120 = AXIS2_PLACEMENT_3D ( 'NONE', #2598, #6519, #6572 ) ;
#121 = PLANE ( 'NONE',  #781 ) ;
#122 = EDGE_CURVE ( 'NONE', #3488, #3604, #10024, .T. ) ;
#123 = ORIENTED_EDGE ( 'NONE', *, *, #8751, .T. ) ;
#124 = PLANE ( 'NONE',  #4411 ) ;
#125 = CARTESIAN_POINT ( 'NONE',  ( -26.91999999999999815, 0.000000000000000000, -15.49999999999999645 ) ) ;
#126 = AXIS2_PLACEMENT_3D ( 'NONE', #8979, #10881, #2958 ) ;
#127 = ADVANCED_FACE ( 'NONE', ( #11142 ), #2171, .T. ) ;
#128 = DIRECTION ( 'NONE',  ( 0.000000000000000000, 1.000000000000000000, -0.000000000000000000 ) ) ;
#129 = EDGE_CURVE ( 'NONE', #155, #6083, #9246, .T. ) ;
#130 = EDGE_CURVE ( 'NONE', #1975, #4080, #1658, .T. ) ;
#131 = DIRECTION ( 'NONE',  ( 0.000000000000000000, 1.000000000000000000, 0.000000000000000000 ) ) ;
#132 = AXIS2_PLACEMENT_3D ( 'NONE', #6960, #11810, #6824 ) ;
#133 = CARTESIAN_POINT ( 'NONE',  ( 34.06066017177984406, -16.60000000000000497, 10.54791847198286980 ) ) ;
#134 = VERTEX_POINT ( 'NONE', #12524 ) ;
#135 = LINE ( 'NONE', #7133, #11452 ) ;
#136 = DIRECTION ( 'NONE',  ( 0.000000000000000000, 1.000000000000000000, 0.000000000000000000 ) ) ;
#137 = VECTOR ( 'NONE', #11437, 1000.000000000000000 ) ;
#138 = ORIENTED_EDGE ( 'NONE', *, *, #10830, .F. ) ;
#139 = CARTESIAN_POINT ( 'NONE',  ( 35.07861928812542374, 8.304397331752657152, 11.67844538072196414 ) ) ;
#140 = CARTESIAN_POINT ( 'NONE',  ( -16.76000000000000156, 1.600000000000000089, -15.49999999999999645 ) ) ;
#141 = ORIENTED_EDGE ( 'NONE', *, *, #274, .F. ) ;
#142 = DIRECTION ( 'NONE',  ( 0.000000000000000000, 0.000000000000000000, 1.000000000000000000 ) ) ;
#143 = LINE ( 'NONE', #83, #9353 ) ;
#144 = ORIENTED_EDGE ( 'NONE', *, *, #9603, .T. ) ;
#145 = AXIS2_PLACEMENT_3D ( 'NONE', #7917, #11839, #2016 ) ;
#146 = LINE ( 'NONE', #7143, #6238 ) ;
#147 = AXIS2_PLACEMENT_3D ( 'NONE', #5934, #11041, #11957 ) ;
#148 = LINE ( 'NONE', #2894, #385 ) ;
#149 = ADVANCED_FACE ( 'NONE', ( #664 ), #4415, .F. ) ;
#150 = LINE ( 'NONE', #87, #3531 ) ;
#151 = CLOSED_SHELL ( 'NONE', ( #9075, #7725, #655, #7062, #1657, #1936, #3868, #11985, #9157 ) ) ;
#152 = DIRECTION ( 'NONE',  ( 0.000000000000000000, 1.000000000000000000, -0.000000000000000000 ) ) ;
#153 =( NAMED_UNIT ( * ) PLANE_ANGLE_UNIT ( ) SI_UNIT ( $, .RADIAN. ) );
#154 = VECTOR ( 'NONE', #2850, 1000.000000000000000 ) ;
#155 = VERTEX_POINT ( 'NONE', #4597 ) ;
#156 = ORIENTED_EDGE ( 'NONE', *, *, #4248, .F. ) ;
#157 = EDGE_LOOP ( 'NONE', ( #8430, #4234, #4967, #5859, #4944 ) ) ;
#158 = LINE ( 'NONE', #7945, #12141 ) ;
#159 = DIRECTION ( 'NONE',  ( 0.000000000000000000, 0.000000000000000000, 1.000000000000000000 ) ) ;
#160 = VERTEX_POINT ( 'NONE', #2380 ) ;
#161 = PRESENTATION_LAYER_ASSIGNMENT (  '', '', ( #10175 ) ) ;
#162 = DIRECTION ( 'NONE',  ( 0.000000000000000000, 1.000000000000000000, -0.000000000000000000 ) ) ;
#163 = DIRECTION ( 'NONE',  ( 0.000000000000000000, 1.000000000000000000, 0.000000000000000000 ) ) ;
#164 = VECTOR ( 'NONE', #2570, 1000.000000000000000 ) ;
#165 = ORIENTED_EDGE ( 'NONE', *, *, #8640, .F. ) ;
#166 = CARTESIAN_POINT ( 'NONE',  ( 20.32000000000000028, -6.222539674441619262, -18.00000000000000000 ) ) ;
#167 = CYLINDRICAL_SURFACE ( 'NONE', #5443, 0.8999999999999980238 ) ;
#168 = CIRCLE ( 'NONE', #3092, 0.8999999999999980238 ) ;
#169 = CARTESIAN_POINT ( 'NONE',  ( -34.10000000000000142, 8.500000000000000000, -9.525000000000002132 ) ) ;
#170 = CARTESIAN_POINT ( 'NONE',  ( 3.560000000000000497, 0.000000000000000000, -14.59999999999999787 ) ) ;
#171 = CARTESIAN_POINT ( 'NONE',  ( -40.00000000000000000, 0.000000000000000000, -18.00000000000000000 ) ) ;
#172 = VECTOR ( 'NONE', #10963, 1000.000000000000000 ) ;
#173 = ORIENTED_EDGE ( 'NONE', *, *, #6681, .F. ) ;
#174 = CARTESIAN_POINT ( 'NONE',  ( 34.80000000000000426, 8.599999999999999645, -6.249999999999995559 ) ) ;
#175 = CIRCLE ( 'NONE', #1011, 0.8999999999999980238 ) ;
#176 = ADVANCED_FACE ( 'NONE', ( #3426 ), #5641, .F. ) ;
#177 = ORIENTED_EDGE ( 'NONE', *, *, #8888, .F. ) ;
#178 = ADVANCED_FACE ( 'NONE', ( #7601 ), #9374, .F. ) ;
#179 = VECTOR ( 'NONE', #10699, 1000.000000000000000 ) ;
#180 = LINE ( 'NONE', #109, #3479 ) ;
#181 = AXIS2_PLACEMENT_3D ( 'NONE', #1117, #5104, #9083 ) ;
#182 = CARTESIAN_POINT ( 'NONE',  ( -6.599999999999997868, 1.600000000000000089, -14.99999999999999822 ) ) ;
#183 = ORIENTED_EDGE ( 'NONE', *, *, #9229, .F. ) ;
#184 = AXIS2_PLACEMENT_3D ( 'NONE', #86, #4074, #8059 ) ;
#185 = CARTESIAN_POINT ( 'NONE',  ( 37.70000000000032969, 1.600000000000000089, 15.69999999999999929 ) ) ;
#186 = CARTESIAN_POINT ( 'NONE',  ( -21.83999999999999986, -6.222539674441619262, -15.49999999999999645 ) ) ;
#187 = VECTOR ( 'NONE', #7970, 1000.000000000000000 ) ;
#188 = CARTESIAN_POINT ( 'NONE',  ( -33.64999999999999858, 8.599999999999999645, 9.625000000000003553 ) ) ;
#189 = VECTOR ( 'NONE', #5567, 1000.000000000000000 ) ;
#190 = LINE ( 'NONE', #12021, #4571 ) ;
#191 = VECTOR ( 'NONE', #3297, 1000.000000000000000 ) ;
#192 = DIRECTION ( 'NONE',  ( 1.000000000000000000, -3.491481338843133355E-15, 0.000000000000000000 ) ) ;
#193 = CIRCLE ( 'NONE', #3752, 0.1999999999999987899 ) ;
#194 = STYLED_ITEM ( 'NONE', ( #12295 ), #12230 ) ;
#196 = VERTEX_POINT ( 'NONE', #2517 ) ;
#195 = AXIS2_PLACEMENT_3D ( 'NONE', #6733, #2807, #10730 ) ;
#197 = DIRECTION ( 'NONE',  ( 2.775557561562888984E-15, 0.000000000000000000, -1.000000000000000000 ) ) ;
#198 = CARTESIAN_POINT ( 'NONE',  ( -34.95000000000000284, 8.599999999999999645, 11.50000000000000000 ) ) ;
#199 = ORIENTED_EDGE ( 'NONE', *, *, #9477, .T. ) ;
#200 = CARTESIAN_POINT ( 'NONE',  ( 33.80000000000000426, 7.399999999999999467, -7.249999999999996447 ) ) ;
#201 = DIRECTION ( 'NONE',  ( -0.7071067811865563435, 0.000000000000000000, 0.7071067811865388020 ) ) ;
#202 = B_SPLINE_CURVE_WITH_KNOTS ( 'NONE', 3,
 ( #1038, #6909, #10171, #1228, #5089, #8873 ),
 .UNSPECIFIED., .F., .F.,
 ( 4, 2, 4 ),
 ( 0.000000000000000000, 0.0003268290260693020965, 0.0006536580521386041931 ),
 .UNSPECIFIED. ) ;
#203 = CYLINDRICAL_SURFACE ( 'NONE', #8904, 0.4500000000000007327 ) ;
#204 = B_SPLINE_SURFACE_WITH_KNOTS ( 'NONE', 1, 3, ( 
 ( #8848, #12851, #933, #3876, #7861, #9885 ),
 ( #10944, #4919, #8905, #1970, #12918, #5968 ),
 ( #4210, #7406, #1267, #9179, #10346, #5258 ),
 ( #9368, #10584, #1385, #12256, #3221, #2233 ) ),
 .UNSPECIFIED., .F., .F., .F.,
 ( 2, 1, 1, 2 ),
 ( 4, 2, 4 ),
 ( -0.01000000000000000021, 0.000000000000000000, 1.000000000000000000, 1.010099999999999998 ),
 ( 0.000000000000000000, 0.5000000000000000000, 1.000000000000000000 ),
 .UNSPECIFIED. ) ;
#205 = EDGE_CURVE ( 'NONE', #9127, #11013, #2626, .T. ) ;
#206 = AXIS2_PLACEMENT_3D ( 'NONE', #10558, #1601, #7621 ) ;
#207 = FACE_OUTER_BOUND ( 'NONE', #1859, .T. ) ;
#208 = EDGE_CURVE ( 'NONE', #12142, #2254, #8586, .T. ) ;
#209 = ORIENTED_EDGE ( 'NONE', *, *, #978, .T. ) ;
#210 = DIRECTION ( 'NONE',  ( -0.000000000000000000, 1.000000000000000000, -0.000000000000000000 ) ) ;
#211 = VECTOR ( 'NONE', #1197, 1000.000000000000000 ) ;
#212 = ADVANCED_FACE ( 'NONE', ( #5456 ), #423, .F. ) ;
#213 = ORIENTED_EDGE ( 'NONE', *, *, #12315, .F. ) ;
#214 = LINE ( 'NONE', #7195, #676 ) ;
#215 = CARTESIAN_POINT ( 'NONE',  ( 37.70000000000032969, 0.000000000000000000, 15.69999999999999929 ) ) ;
#216 = ORIENTED_EDGE ( 'NONE', *, *, #51, .F. ) ;
#217 = PLANE ( 'NONE',  #4020 ) ;
#218 = CARTESIAN_POINT ( 'NONE',  ( 27.94000000000000128, -6.222539674441619262, -18.00000000000000000 ) ) ;
#219 = ORIENTED_EDGE ( 'NONE', *, *, #2799, .T. ) ;
#220 = VECTOR ( 'NONE', #4988, 1000.000000000000000 ) ;
#221 = DIRECTION ( 'NONE',  ( 0.000000000000000000, 0.000000000000000000, 1.000000000000000000 ) ) ;
#222 = FACE_OUTER_BOUND ( 'NONE', #2243, .T. ) ;
#223 = DIRECTION ( 'NONE',  ( 0.000000000000000000, 1.000000000000000000, 0.000000000000000000 ) ) ;
#224 = CARTESIAN_POINT ( 'NONE',  ( -20.93999999999999417, 1.600000000000000089, -18.00000000000000000 ) ) ;
#225 = ORIENTED_EDGE ( 'NONE', *, *, #4238, .F. ) ;
#226 = DIRECTION ( 'NONE',  ( 0.000000000000000000, -1.000000000000000000, 0.000000000000000000 ) ) ;
#227 = VECTOR ( 'NONE', #1894, 1000.000000000000000 ) ;
#228 = ORIENTED_EDGE ( 'NONE', *, *, #8153, .F. ) ;
#229 = ORIENTED_EDGE ( 'NONE', *, *, #7306, .F. ) ;
#230 = DIRECTION ( 'NONE',  ( 0.000000000000000000, 1.000000000000000000, -0.000000000000000000 ) ) ;
#231 = CARTESIAN_POINT ( 'NONE',  ( 6.999999999999999112, 1.600000000000000089, -15.49999999999999645 ) ) ;
#232 = VERTEX_POINT ( 'NONE', #5384 ) ;
#233 = CARTESIAN_POINT ( 'NONE',  ( 37.70000000000000284, 1.600000000000000089, -13.50000000000000000 ) ) ;
#234 = EDGE_CURVE ( 'NONE', #10042, #3429, #9974, .T. ) ;
#235 = DIRECTION ( 'NONE',  ( -0.000000000000000000, -1.000000000000000000, 0.000000000000000000 ) ) ;
#236 = ORIENTED_EDGE ( 'NONE', *, *, #7175, .F. ) ;
#237 =( NAMED_UNIT ( * ) SI_UNIT ( $, .STERADIAN. ) SOLID_ANGLE_UNIT ( ) );
#238 = DIRECTION ( 'NONE',  ( 0.000000000000000000, 0.000000000000000000, 1.000000000000000000 ) ) ;
#239 = DIRECTION ( 'NONE',  ( 0.000000000000000000, 1.000000000000000000, -0.000000000000000000 ) ) ;
#240 = EDGE_CURVE ( 'NONE', #2884, #10986, #585, .T. ) ;
#241 = DIRECTION ( 'NONE',  ( 0.000000000000000000, 1.000000000000000000, -0.000000000000000000 ) ) ;
#242 = DIRECTION ( 'NONE',  ( -0.000000000000000000, 1.000000000000000000, 0.000000000000000000 ) ) ;
#243 = ORIENTED_EDGE ( 'NONE', *, *, #7083, .F. ) ;
#244 = FACE_OUTER_BOUND ( 'NONE', #9560, .T. ) ;
#245 = ORIENTED_EDGE ( 'NONE', *, *, #1236, .T. ) ;
#246 = DIRECTION ( 'NONE',  ( 1.000000000000000000, -0.000000000000000000, 0.000000000000000000 ) ) ;
#247 = CARTESIAN_POINT ( 'NONE',  ( 35.07887356333952056, 8.304061888614164388, -11.67869423227495140 ) ) ;
#248 = ORIENTED_EDGE ( 'NONE', *, *, #10606, .T. ) ;
#249 = DIRECTION ( 'NONE',  ( 1.000000000000000000, 0.000000000000000000, 2.775557561562888984E-15 ) ) ;
#250 = DIRECTION ( 'NONE',  ( 0.000000000000000000, 1.000000000000000000, -0.000000000000000000 ) ) ;
#251 = CARTESIAN_POINT ( 'NONE',  ( -22.50000000000000000, 4.599999999999999645, -4.592425496802574367E-15 ) ) ;
#252 = DIRECTION ( 'NONE',  ( 0.000000000000000000, -0.000000000000000000, -1.000000000000000000 ) ) ;
#253 = DIRECTION ( 'NONE',  ( 0.000000000000000000, 1.000000000000000000, 0.000000000000000000 ) ) ;
#254 = ORIENTED_EDGE ( 'NONE', *, *, #7494, .T. ) ;
#255 = ORIENTED_EDGE ( 'NONE', *, *, #10994, .F. ) ;
#256 = UNCERTAINTY_MEASURE_WITH_UNIT (LENGTH_MEASURE( 1.000000000000000082E-05 ), #9090, 'distance_accuracy_value', 'NONE');
#257 = VECTOR ( 'NONE', #6202, 1000.000000000000000 ) ;
#258 = ORIENTED_EDGE ( 'NONE', *, *, #6978, .T. ) ;
#259 = EDGE_LOOP ( 'NONE', ( #236, #1365, #8662, #6682 ) ) ;
#260 = CYLINDRICAL_SURFACE ( 'NONE', #1913, 0.8999999999999980238 ) ;
#261 = VECTOR ( 'NONE', #7536, 1000.000000000000000 ) ;
#262 = CARTESIAN_POINT ( 'NONE',  ( -4.959999999999995524, 1.600000000000000089, -18.00000000000000000 ) ) ;
#263 = ORIENTED_EDGE ( 'NONE', *, *, #514, .T. ) ;
#264 = CARTESIAN_POINT ( 'NONE',  ( -1.131370849898481135, -16.60000000000000497, -12.73994949366116813 ) ) ;
#265 = EDGE_CURVE ( 'NONE', #7170, #3397, #11405, .T. ) ;
#266 = PLANE ( 'NONE',  #3729 ) ;
#267 = CARTESIAN_POINT ( 'NONE',  ( -2.419999999999998597, 0.000000000000000000, -18.00000000000000000 ) ) ;
#268 = EDGE_CURVE ( 'NONE', #3087, #10711, #10424, .T. ) ;
#269 = DIRECTION ( 'NONE',  ( 1.000000000000000000, -0.000000000000000000, 2.775557561562888984E-15 ) ) ;
#270 = DIRECTION ( 'NONE',  ( 0.000000000000000000, 0.000000000000000000, 1.000000000000000000 ) ) ;
#271 = VERTEX_POINT ( 'NONE', #8642 ) ;
#272 = DIRECTION ( 'NONE',  ( 0.7071067811865301422, 0.000000000000000000, 0.7071067811865648922 ) ) ;
#273 = ADVANCED_FACE ( 'NONE', ( #12635 ), #9551, .T. ) ;
#274 = EDGE_CURVE ( 'NONE', #9066, #6499, #10489, .T. ) ;
#275 = ORIENTED_EDGE ( 'NONE', *, *, #3991, .T. ) ;
#276 = LINE ( 'NONE', #1378, #9023 ) ;
#277 = DIRECTION ( 'NONE',  ( 0.000000000000000000, 0.000000000000000000, 1.000000000000000000 ) ) ;
#278 = EDGE_LOOP ( 'NONE', ( #5251, #10299, #9581, #796, #3865 ) ) ;
#279 = CYLINDRICAL_SURFACE ( 'NONE', #7447, 0.8999999999999980238 ) ;
#280 = DIRECTION ( 'NONE',  ( 2.775557561562888984E-15, 0.000000000000000000, -1.000000000000000000 ) ) ;
#281 = EDGE_LOOP ( 'NONE', ( #3945, #9640, #8420, #1626 ) ) ;
#282 = CIRCLE ( 'NONE', #11390, 0.4999999999999987232 ) ;
#283 = DIRECTION ( 'NONE',  ( 0.000000000000000000, 0.000000000000000000, 1.000000000000000000 ) ) ;
#284 = EDGE_CURVE ( 'NONE', #5066, #11923, #11241, .T. ) ;
#285 = EDGE_CURVE ( 'NONE', #4907, #10354, #8317, .T. ) ;
#286 = CARTESIAN_POINT ( 'NONE',  ( -16.76000000000000156, 0.000000000000000000, -14.59999999999999787 ) ) ;
#287 = DIRECTION ( 'NONE',  ( -0.000000000000000000, -0.000000000000000000, -1.000000000000000000 ) ) ;
#288 = DIRECTION ( 'NONE',  ( 0.000000000000000000, 0.000000000000000000, 1.000000000000000000 ) ) ;
#289 = PRESENTATION_LAYER_ASSIGNMENT (  '', '', ( #1541 ) ) ;
#290 = VERTEX_POINT ( 'NONE', #8520 ) ;
#291 = FACE_OUTER_BOUND ( 'NONE', #2732, .T. ) ;
#292 = ORIENTED_EDGE ( 'NONE', *, *, #688, .F. ) ;
#293 = ORIENTED_EDGE ( 'NONE', *, *, #8485, .F. ) ;
#294 = DIRECTION ( 'NONE',  ( 0.000000000000000000, 0.000000000000000000, 1.000000000000000000 ) ) ;
#295 = DIRECTION ( 'NONE',  ( -0.7071067811865517916, 0.000000000000000000, -0.7071067811865431318 ) ) ;
#296 = ORIENTED_EDGE ( 'NONE', *, *, #4980, .T. ) ;
#297 = CYLINDRICAL_SURFACE ( 'NONE', #4274, 0.4999999999999987232 ) ;
#298 = DIRECTION ( 'NONE',  ( 2.775557561562888984E-15, 0.000000000000000000, -1.000000000000000000 ) ) ;
#299 = VERTEX_POINT ( 'NONE', #3557 ) ;
#300 = EDGE_CURVE ( 'NONE', #12562, #4029, #10401, .T. ) ;
#301 = FACE_OUTER_BOUND ( 'NONE', #3017, .T. ) ;
#302 = SURFACE_STYLE_FILL_AREA ( #10305 ) ;
#303 = VECTOR ( 'NONE', #8256, 1000.000000000000000 ) ;
#304 = CIRCLE ( 'NONE', #1549, 0.8999999999999980238 ) ;
#305 = LINE ( 'NONE', #2334, #10373 ) ;
#306 = CARTESIAN_POINT ( 'NONE',  ( -33.64999999999999858, 8.500000000000000000, 9.075000000000002842 ) ) ;
#307 = DIRECTION ( 'NONE',  ( 0.000000000000000000, 1.000000000000000000, -0.000000000000000000 ) ) ;
#308 = ORIENTED_EDGE ( 'NONE', *, *, #8499, .F. ) ;
#309 = CARTESIAN_POINT ( 'NONE',  ( 34.10000000000000142, 8.500000000000000000, -9.525000000000002132 ) ) ;
#310 = EDGE_CURVE ( 'NONE', #3591, #716, #10206, .T. ) ;
#311 = ORIENTED_EDGE ( 'NONE', *, *, #11492, .T. ) ;
#312 = DIRECTION ( 'NONE',  ( 0.000000000000000000, 1.000000000000000000, -0.000000000000000000 ) ) ;
#313 = ADVANCED_FACE ( 'NONE', ( #1182 ), #4063, .F. ) ;
#314 = CARTESIAN_POINT ( 'NONE',  ( 3.560000000000000497, 0.000000000000000000, -15.49999999999999645 ) ) ;
#315 = AXIS2_PLACEMENT_3D ( 'NONE', #4349, #1281, #4537 ) ;
#316 = ORIENTED_EDGE ( 'NONE', *, *, #8251, .T. ) ;
#317 = PLANE ( 'NONE',  #1000 ) ;
#318 = CARTESIAN_POINT ( 'NONE',  ( -26.91999999999999815, 1.600000000000000089, -14.59999999999999787 ) ) ;
#319 = CARTESIAN_POINT ( 'NONE',  ( -3.160000000000041442, 1.600000000000000089, -8.631984016460597151E-14 ) ) ;
#320 = DIRECTION ( 'NONE',  ( 0.000000000000000000, 1.000000000000000000, 0.000000000000000000 ) ) ;
#321 = ORIENTED_EDGE ( 'NONE', *, *, #6536, .T. ) ;
#322 = ORIENTED_EDGE ( 'NONE', *, *, #10593, .F. ) ;
#323 = CARTESIAN_POINT ( 'NONE',  ( -33.79999999999999005, -0.0009999999999992653654, -6.249999999999994671 ) ) ;
#324 = ORIENTED_EDGE ( 'NONE', *, *, #6595, .T. ) ;
#325 = ORIENTED_EDGE ( 'NONE', *, *, #8029, .F. ) ;
#326 = CARTESIAN_POINT ( 'NONE',  ( -15.11999999999999034, 0.000000000000000000, -18.00000000000000000 ) ) ;
#327 = CARTESIAN_POINT ( 'NONE',  ( -25.27999999999999758, 0.000000000000000000, -18.00000000000000000 ) ) ;
#328 = EDGE_LOOP ( 'NONE', ( #10874, #10450, #2203, #7016, #9590 ) ) ;
#329 = CARTESIAN_POINT ( 'NONE',  ( 35.05498854351900206, 8.599999999999997868, -11.53223735510389325 ) ) ;
#330 = FACE_OUTER_BOUND ( 'NONE', #6152, .T. ) ;
#331 = DIRECTION ( 'NONE',  ( -2.965339275174023124E-16, -0.000000000000000000, 1.000000000000000000 ) ) ;
#332 = LINE ( 'NONE', #12751, #7284 ) ;
#333 = CARTESIAN_POINT ( 'NONE',  ( -35.35000000000000142, 1.599999999999979661, 11.90000000000002522 ) ) ;
#334 = EDGE_CURVE ( 'NONE', #4631, #1235, #135, .T. ) ;
#335 = CIRCLE ( 'NONE', #7216, 0.8999999999999980238 ) ;
#336 = EDGE_LOOP ( 'NONE', ( #10627, #1960, #8490, #10327 ) ) ;
#337 = EDGE_CURVE ( 'NONE', #7088, #5632, #2157, .T. ) ;
#338 = EDGE_LOOP ( 'NONE', ( #10455, #12510, #5779, #11938 ) ) ;
#339 = DIRECTION ( 'NONE',  ( 0.000000000000000000, 1.000000000000000000, 0.000000000000000000 ) ) ;
#340 = ORIENTED_EDGE ( 'NONE', *, *, #10529, .T. ) ;
#341 = CARTESIAN_POINT ( 'NONE',  ( -0.6200000000000440714, 0.000000000000000000, -8.631984016460597151E-14 ) ) ;
#342 = CARTESIAN_POINT ( 'NONE',  ( -2.420000000000040341, -6.222539674441619262, -9.131584377541916332E-14 ) ) ;
#343 = VERTEX_POINT ( 'NONE', #4127 ) ;
#344 = CARTESIAN_POINT ( 'NONE',  ( -26.01999999999999602, 0.000000000000000000, -18.00000000000000000 ) ) ;
#345 = CYLINDRICAL_SURFACE ( 'NONE', #8743, 0.8999999999999980238 ) ;
#346 = AXIS2_PLACEMENT_3D ( 'NONE', #12279, #2185, #3179 ) ;
#347 = ADVANCED_FACE ( 'NONE', ( #3273 ), #8048, .F. ) ;
#348 = MECHANICAL_DESIGN_GEOMETRIC_PRESENTATION_REPRESENTATION (  '', ( #2437 ), #8295 ) ;
#349 = DIRECTION ( 'NONE',  ( 0.000000000000000000, 0.000000000000000000, 1.000000000000000000 ) ) ;
#350 = CARTESIAN_POINT ( 'NONE',  ( -33.79999999999999005, 6.899999999999999467, -6.249999999999994671 ) ) ;
#351 =( LENGTH_UNIT ( ) NAMED_UNIT ( * ) SI_UNIT ( .MILLI., .METRE. ) );
#352 = EDGE_LOOP ( 'NONE', ( #8268, #4835, #8236, #10688 ) ) ;
#353 = DIRECTION ( 'NONE',  ( 0.000000000000000000, 1.000000000000000000, 0.000000000000000000 ) ) ;
#354 = ORIENTED_EDGE ( 'NONE', *, *, #7237, .T. ) ;
#355 = DIRECTION ( 'NONE',  ( 2.775557561562888984E-15, 0.000000000000000000, -1.000000000000000000 ) ) ;
#356 = AXIS2_PLACEMENT_3D ( 'NONE', #4457, #3409, #4318 ) ;
#357 = PLANE ( 'NONE',  #9783 ) ;
#358 = ORIENTED_EDGE ( 'NONE', *, *, #10745, .F. ) ;
#359 = CARTESIAN_POINT ( 'NONE',  ( 33.98994949366120011, 0.000000000000000000, -10.61862915010154396 ) ) ;
#360 = CARTESIAN_POINT ( 'NONE',  ( 40.00000000000002132, 6.200000000000034817, 3.749999999999999556 ) ) ;
#361 = EDGE_LOOP ( 'NONE', ( #11207, #1682, #263, #10016 ) ) ;
#362 = CARTESIAN_POINT ( 'NONE',  ( 1.020000000000000018, 0.000000000000000000, -15.99999999999999645 ) ) ;
#363 = AXIS2_PLACEMENT_3D ( 'NONE', #4546, #6563, #12601 ) ;
#364 = DIRECTION ( 'NONE',  ( -0.000000000000000000, 1.000000000000000000, -0.000000000000000000 ) ) ;
#365 = LINE ( 'NONE', #6316, #4348 ) ;
#366 = EDGE_CURVE ( 'NONE', #10073, #6083, #4554, .T. ) ;
#367 = LINE ( 'NONE', #6252, #4109 ) ;
#368 = AXIS2_PLACEMENT_3D ( 'NONE', #5525, #5273, #6439 ) ;
#369 = VERTEX_POINT ( 'NONE', #11189 ) ;
#370 = LINE ( 'NONE', #3382, #2299 ) ;
#371 = ORIENTED_EDGE ( 'NONE', *, *, #12462, .T. ) ;
#372 = EDGE_CURVE ( 'NONE', #10393, #12518, #1256, .T. ) ;
#373 = COLOUR_RGB ( '',1.000000000000000000, 0.8117647058823529438, 0.5019607843137254832 ) ;
#374 = LINE ( 'NONE', #11366, #4112 ) ;
#375 = CLOSED_SHELL ( 'NONE', ( #7155, #9245, #10290, #1420, #12647, #2014, #1380, #10118, #4367 ) ) ;
#376 = CARTESIAN_POINT ( 'NONE',  ( -25.28000000000004022, 0.000000000000000000, -9.131584377541916332E-14 ) ) ;
#377 = VERTEX_POINT ( 'NONE', #5248 ) ;
#378 = EDGE_CURVE ( 'NONE', #8379, #3444, #2304, .T. ) ;
#379 = AXIS2_PLACEMENT_3D ( 'NONE', #10232, #5269, #9445 ) ;
#380 = EDGE_CURVE ( 'NONE', #2069, #11274, #1317, .T. ) ;
#381 = DIRECTION ( 'NONE',  ( 2.775557561562888984E-15, 0.000000000000000000, -1.000000000000000000 ) ) ;
#382 = LINE ( 'NONE', #7312, #7721 ) ;
#383 = CARTESIAN_POINT ( 'NONE',  ( -33.79999999999999005, 7.399999999999999467, 6.250000000000006217 ) ) ;
#384 = LINE ( 'NONE', #11373, #9546 ) ;
#385 = VECTOR ( 'NONE', #1002, 1000.000000000000000 ) ;
#386 = LINE ( 'NONE', #8176, #5173 ) ;
#387 = VECTOR ( 'NONE', #4895, 1000.000000000000000 ) ;
#388 = ORIENTED_EDGE ( 'NONE', *, *, #6361, .F. ) ;
#389 = VECTOR ( 'NONE', #4970, 1000.000000000000114 ) ;
#390 = ORIENTED_EDGE ( 'NONE', *, *, #10114, .T. ) ;
#391 = FACE_OUTER_BOUND ( 'NONE', #11255, .T. ) ;
#392 = FILL_AREA_STYLE ('',( #12493 ) ) ;
#393 = VERTEX_POINT ( 'NONE', #5309 ) ;
#394 = ORIENTED_EDGE ( 'NONE', *, *, #9704, .T. ) ;
#395 = AXIS2_PLACEMENT_3D ( 'NONE', #6117, #98, #4086 ) ;
#396 = CARTESIAN_POINT ( 'NONE',  ( -34.95000000000000284, 8.400000000000000355, 11.50000000000000178 ) ) ;
#397 = AXIS2_PLACEMENT_3D ( 'NONE', #8724, #8850, #877 ) ;
#398 = CARTESIAN_POINT ( 'NONE',  ( -8.240000000000000213, -6.222539674441619262, -15.49999999999999645 ) ) ;
#399 = EDGE_LOOP ( 'NONE', ( #12111, #5961, #7654, #325 ) ) ;
#400 = DIRECTION ( 'NONE',  ( 0.000000000000000000, 0.000000000000000000, -1.000000000000000000 ) ) ;
#401 = CIRCLE ( 'NONE', #10825, 1.399999999999995026 ) ;
#402 = EDGE_CURVE ( 'NONE', #3298, #7911, #5049, .T. ) ;
#403 = FACE_OUTER_BOUND ( 'NONE', #4873, .T. ) ;
#404 = VECTOR ( 'NONE', #12762, 1000.000000000000114 ) ;
#405 = LINE ( 'NONE', #3206, #9734 ) ;
#406 = EDGE_CURVE ( 'NONE', #1865, #9658, #1123, .T. ) ;
#407 = DIRECTION ( 'NONE',  ( 0.000000000000000000, 3.571489509364004629E-15, 1.000000000000000000 ) ) ;
#408 = AXIS2_PLACEMENT_3D ( 'NONE', #4748, #2300, #5306 ) ;
#409 = DIRECTION ( 'NONE',  ( 2.775557561562888984E-15, 0.000000000000000000, -1.000000000000000000 ) ) ;
#410 = VERTEX_POINT ( 'NONE', #10129 ) ;
#411 = DIRECTION ( 'NONE',  ( 0.000000000000000000, 0.000000000000000000, 1.000000000000000000 ) ) ;
#412 = CARTESIAN_POINT ( 'NONE',  ( -34.06066017177982275, -2.399999999999999467, 10.68933982822018969 ) ) ;
#413 = EDGE_LOOP ( 'NONE', ( #12532, #10358, #6869, #9521, #16, #4007, #7944, #8287 ) ) ;
#414 = CARTESIAN_POINT ( 'NONE',  ( 35.14292893218813418, 8.400000000000000355, -11.70000000000000107 ) ) ;
#415 = CARTESIAN_POINT ( 'NONE',  ( -31.09999999999999432, 1.600000000000000089, -18.00000000000000000 ) ) ;
#416 = EDGE_LOOP ( 'NONE', ( #5228, #7477, #7707, #11737 ) ) ;
#417 = LINE ( 'NONE', #8259, #9161 ) ;
#418 = AXIS2_PLACEMENT_3D ( 'NONE', #2444, #7210, #10356 ) ;
#419 = EDGE_CURVE ( 'NONE', #290, #3966, #10178, .T. ) ;
#420 = AXIS2_PLACEMENT_3D ( 'NONE', #10961, #1986, #8740 ) ;
#421 = DIRECTION ( 'NONE',  ( -0.000000000000000000, 1.000000000000000000, -0.000000000000000000 ) ) ;
#422 = AXIS2_PLACEMENT_3D ( 'NONE', #7531, #1455, #409 ) ;
#423 = PLANE ( 'NONE',  #12298 ) ;
#424 = DIRECTION ( 'NONE',  ( 2.775557561562888984E-15, 0.000000000000000000, -1.000000000000000000 ) ) ;
#425 = VERTEX_POINT ( 'NONE', #12122 ) ;
#426 = PRESENTATION_STYLE_ASSIGNMENT (( #5265 ) ) ;
#427 = ORIENTED_EDGE ( 'NONE', *, *, #783, .T. ) ;
#428 = ORIENTED_EDGE ( 'NONE', *, *, #1971, .T. ) ;
#429 = DIRECTION ( 'NONE',  ( 0.000000000000000000, 1.000000000000000000, -0.000000000000000000 ) ) ;
#430 = FACE_OUTER_BOUND ( 'NONE', #5073, .T. ) ;
#431 = ORIENTED_EDGE ( 'NONE', *, *, #10588, .F. ) ;
#432 = COLOUR_RGB ( '',0.2509803921568627416, 0.2509803921568627416, 0.2509803921568627416 ) ;
#433 = CARTESIAN_POINT ( 'NONE',  ( 37.70000000000000284, 1.600000000000000089, -13.50000000000000000 ) ) ;
#434 = CARTESIAN_POINT ( 'NONE',  ( 35.56000000000000227, 0.000000000000000000, -18.00000000000000000 ) ) ;
#435 = ORIENTED_EDGE ( 'NONE', *, *, #665, .F. ) ;
#436 = STYLED_ITEM ( 'NONE', ( #5263 ), #2640 ) ;
#437 = CARTESIAN_POINT ( 'NONE',  ( -18.39999999999999858, 1.600000000000000089, -15.49999999999999645 ) ) ;
#438 = CARTESIAN_POINT ( 'NONE',  ( -8.240000000000042846, 1.600000000000000089, -8.631984016460597151E-14 ) ) ;
#439 = EDGE_CURVE ( 'NONE', #601, #5847, #9166, .T. ) ;
#440 = CARTESIAN_POINT ( 'NONE',  ( -37.69999999999967599, 1.600000000000000089, 15.69999999999999929 ) ) ;
#441 = EDGE_CURVE ( 'NONE', #77, #10791, #4202, .T. ) ;
#442 = CARTESIAN_POINT ( 'NONE',  ( -4.059999999999997833, -6.222539674441619262, -15.49999999999999645 ) ) ;
#443 = VECTOR ( 'NONE', #9052, 1000.000000000000000 ) ;
#444 = CIRCLE ( 'NONE', #2094, 0.8999999999999980238 ) ;
#445 = ORIENTED_EDGE ( 'NONE', *, *, #5249, .F. ) ;
#446 = CARTESIAN_POINT ( 'NONE',  ( 34.94999999999999574, 8.400000000000000355, -11.50000000000000178 ) ) ;
#447 = ORIENTED_EDGE ( 'NONE', *, *, #439, .F. ) ;
#448 = DIRECTION ( 'NONE',  ( 0.000000000000000000, 0.000000000000000000, 1.000000000000000000 ) ) ;
#449 = DIRECTION ( 'NONE',  ( 0.000000000000000000, -0.000000000000000000, -1.000000000000000000 ) ) ;
#450 = EDGE_CURVE ( 'NONE', #7460, #11704, #6627, .T. ) ;
#451 = ORIENTED_EDGE ( 'NONE', *, *, #4061, .F. ) ;
#452 = EDGE_CURVE ( 'NONE', #1441, #11335, #4840, .T. ) ;
#453 = DIRECTION ( 'NONE',  ( -0.000000000000000000, -8.673617379884013384E-15, -1.000000000000000000 ) ) ;
#454 = CARTESIAN_POINT ( 'NONE',  ( -26.91999999999999815, 1.600000000000000089, -15.49999999999999645 ) ) ;
#455 = DIRECTION ( 'NONE',  ( -0.000000000000000000, 0.000000000000000000, 1.000000000000000000 ) ) ;
#456 = FILL_AREA_STYLE ('',( #4955 ) ) ;
#457 = LINE ( 'NONE', #12487, #8109 ) ;
#458 = ORIENTED_EDGE ( 'NONE', *, *, #11934, .F. ) ;
#459 = EDGE_CURVE ( 'NONE', #6991, #8146, #847, .T. ) ;
#460 = ADVANCED_FACE ( 'NONE', ( #6003 ), #10729, .F. ) ;
#461 = ORIENTED_EDGE ( 'NONE', *, *, #9217, .F. ) ;
#462 = DIRECTION ( 'NONE',  ( 0.000000000000000000, 0.000000000000000000, 1.000000000000000000 ) ) ;
#463 =( NAMED_UNIT ( * ) PLANE_ANGLE_UNIT ( ) SI_UNIT ( $, .RADIAN. ) );
#464 = ORIENTED_EDGE ( 'NONE', *, *, #8676, .T. ) ;
#465 = VERTEX_POINT ( 'NONE', #10053 ) ;
#466 = DIRECTION ( 'NONE',  ( 1.000000000000000000, 0.000000000000000000, 0.000000000000000000 ) ) ;
#467 = LINE ( 'NONE', #579, #5167 ) ;
#468 = ORIENTED_EDGE ( 'NONE', *, *, #2912, .T. ) ;
#469 = CARTESIAN_POINT ( 'NONE',  ( 37.70000000000032969, -6.222539674441619262, 15.69999999999999929 ) ) ;
#470 = LINE ( 'NONE', #6404, #5405 ) ;
#471 = CARTESIAN_POINT ( 'NONE',  ( -12.57999999999999829, 0.000000000000000000, -15.49999999999999645 ) ) ;
#472 = CARTESIAN_POINT ( 'NONE',  ( -32.90000000000004121, 1.600000000000000089, -9.131584377541916332E-14 ) ) ;
#473 = EDGE_CURVE ( 'NONE', #10182, #10571, #9918, .T. ) ;
#474 = VECTOR ( 'NONE', #11271, 1000.000000000000000 ) ;
#475 = ORIENTED_EDGE ( 'NONE', *, *, #3984, .T. ) ;
#476 = LINE ( 'NONE', #10342, #6521 ) ;
#477 = ADVANCED_FACE ( 'NONE', ( #7041, #11051 ), #5881, .T. ) ;
#478 = CARTESIAN_POINT ( 'NONE',  ( 0.000000000000000000, 1.599999999999978995, 11.70000000000002416 ) ) ;
#479 = ORIENTED_EDGE ( 'NONE', *, *, #1505, .F. ) ;
#480 = DIRECTION ( 'NONE',  ( 0.000000000000000000, 0.000000000000000000, 1.000000000000000000 ) ) ;
#481 = CARTESIAN_POINT ( 'NONE',  ( -23.47999999999999332, -6.222539674441619262, -18.00000000000000000 ) ) ;
#482 = ORIENTED_EDGE ( 'NONE', *, *, #7842, .T. ) ;
#483 = CARTESIAN_POINT ( 'NONE',  ( 34.95000000000000284, 8.400000000000000355, 11.50000000000002487 ) ) ;
#484 = DIRECTION ( 'NONE',  ( -0.000000000000000000, 1.000000000000000000, -0.000000000000000000 ) ) ;
#485 = CARTESIAN_POINT ( 'NONE',  ( -25.28000000000004022, 0.000000000000000000, -9.131584377541916332E-14 ) ) ;
#486 = FILL_AREA_STYLE ('',( #7602 ) ) ;
#487 = EDGE_LOOP ( 'NONE', ( #4263, #8610, #6757, #7853 ) ) ;
#488 = ORIENTED_EDGE ( 'NONE', *, *, #7722, .F. ) ;
#489 = ORIENTED_EDGE ( 'NONE', *, *, #70, .T. ) ;
#490 = DIRECTION ( 'NONE',  ( 0.000000000000000000, -0.000000000000000000, -1.000000000000000000 ) ) ;
#491 = DIRECTION ( 'NONE',  ( -0.7071067811865388020, 0.000000000000000000, 0.7071067811865561215 ) ) ;
#492 = EDGE_LOOP ( 'NONE', ( #7978, #7135, #3806, #8714 ) ) ;
#493 = CARTESIAN_POINT ( 'NONE',  ( -14.22000000000000064, 0.000000000000000000, -15.49999999999999645 ) ) ;
#494 = FACE_OUTER_BOUND ( 'NONE', #3643, .T. ) ;
#495 = ORIENTED_EDGE ( 'NONE', *, *, #4385, .F. ) ;
#496 = CARTESIAN_POINT ( 'NONE',  ( -33.79999999999999005, 6.899999999999999467, -7.249999999999994671 ) ) ;
#497 = CARTESIAN_POINT ( 'NONE',  ( -26.91999999999999815, 0.000000000000000000, -15.49999999999999645 ) ) ;
#498 = LINE ( 'NONE', #8220, #8532 ) ;
#499 = FACE_OUTER_BOUND ( 'NONE', #8478, .T. ) ;
#500 = ORIENTED_EDGE ( 'NONE', *, *, #8737, .F. ) ;
#501 = LINE ( 'NONE', #2588, #11064 ) ;
#502 = ORIENTED_EDGE ( 'NONE', *, *, #865, .F. ) ;
#503 = EDGE_CURVE ( 'NONE', #11700, #11887, #9859, .T. ) ;
#504 = DIRECTION ( 'NONE',  ( 0.000000000000000000, 0.000000000000000000, -1.000000000000000000 ) ) ;
#505 = DIRECTION ( 'NONE',  ( 0.000000000000000000, 0.000000000000000000, 1.000000000000000000 ) ) ;
#506 = ORIENTED_EDGE ( 'NONE', *, *, #3587, .T. ) ;
#507 = EDGE_CURVE ( 'NONE', #3513, #1931, #11967, .T. ) ;
#508 = MECHANICAL_DESIGN_GEOMETRIC_PRESENTATION_REPRESENTATION (  '', ( #10317 ), #8013 ) ;
#509 =( LENGTH_UNIT ( ) NAMED_UNIT ( * ) SI_UNIT ( .MILLI., .METRE. ) );
#510 = DIRECTION ( 'NONE',  ( 0.000000000000000000, 1.000000000000000000, 0.000000000000000000 ) ) ;
#511 = CARTESIAN_POINT ( 'NONE',  ( 5.199999999999961986, 1.600000000000000089, -9.131584377541916332E-14 ) ) ;
#512 = EDGE_CURVE ( 'NONE', #10184, #8633, #8879, .T. ) ;
#513 = VERTEX_POINT ( 'NONE', #7904 ) ;
#514 = EDGE_CURVE ( 'NONE', #9900, #2228, #11903, .T. ) ;
#515 = UNCERTAINTY_MEASURE_WITH_UNIT (LENGTH_MEASURE( 1.000000000000000082E-05 ), #4467, 'distance_accuracy_value', 'NONE');
#516 = DIRECTION ( 'NONE',  ( 0.000000000000000000, 0.000000000000000000, 1.000000000000000000 ) ) ;
#517 = SURFACE_SIDE_STYLE ('',( #3525 ) ) ;
#518 = EDGE_LOOP ( 'NONE', ( #3395, #8995 ) ) ;
#519 = ORIENTED_EDGE ( 'NONE', *, *, #1268, .F. ) ;
#520 = CARTESIAN_POINT ( 'NONE',  ( -17.66000000000003922, 0.000000000000000000, -9.131584377541916332E-14 ) ) ;
#521 = DIRECTION ( 'NONE',  ( 0.000000000000000000, 0.000000000000000000, 1.000000000000000000 ) ) ;
#522 = ORIENTED_EDGE ( 'NONE', *, *, #5886, .F. ) ;
#523 = PLANE ( 'NONE',  #2323 ) ;
#524 = CARTESIAN_POINT ( 'NONE',  ( -21.83999999999999986, 1.600000000000000089, -14.99999999999999822 ) ) ;
#525 = DIRECTION ( 'NONE',  ( -0.000000000000000000, 1.000000000000000000, -0.000000000000000000 ) ) ;
#526 = VERTEX_POINT ( 'NONE', #10918 ) ;
#527 = EDGE_CURVE ( 'NONE', #3604, #2188, #5942, .T. ) ;
#528 = CARTESIAN_POINT ( 'NONE',  ( -5.700000000000000178, 1.600000000000000089, -15.49999999999999645 ) ) ;
#529 = CARTESIAN_POINT ( 'NONE',  ( -33.64999999999999858, 8.500000000000000000, -10.07500000000000462 ) ) ;
#530 = ORIENTED_EDGE ( 'NONE', *, *, #12766, .F. ) ;
#531 = EDGE_CURVE ( 'NONE', #7791, #8225, #2253, .T. ) ;
#532 = DIRECTION ( 'NONE',  ( 0.000000000000000000, 1.000000000000000000, 0.000000000000000000 ) ) ;
#533 = EDGE_CURVE ( 'NONE', #6699, #12515, #8936, .T. ) ;
#534 = DIRECTION ( 'NONE',  ( 0.000000000000000000, 1.000000000000000000, 0.000000000000000000 ) ) ;
#535 = ORIENTED_EDGE ( 'NONE', *, *, #7321, .T. ) ;
#536 =( NAMED_UNIT ( * ) PLANE_ANGLE_UNIT ( ) SI_UNIT ( $, .RADIAN. ) );
#537 = PLANE ( 'NONE',  #2692 ) ;
#538 = EDGE_CURVE ( 'NONE', #1476, #10956, #1233, .T. ) ;
#539 = CARTESIAN_POINT ( 'NONE',  ( 6.100000000000001421, 0.000000000000000000, -15.49999999999999645 ) ) ;
#540 = CARTESIAN_POINT ( 'NONE',  ( 33.64999999999999858, 8.599999999999999645, -9.525000000000003908 ) ) ;
#541 = ORIENTED_EDGE ( 'NONE', *, *, #5638, .T. ) ;
#542 = VERTEX_POINT ( 'NONE', #5292 ) ;
#543 = CARTESIAN_POINT ( 'NONE',  ( -34.95000000000000284, 8.199999999999999289, -11.69292893218813667 ) ) ;
#544 = ORIENTED_EDGE ( 'NONE', *, *, #6445, .T. ) ;
#545 = CYLINDRICAL_SURFACE ( 'NONE', #5324, 0.8999999999999980238 ) ;
#546 = CARTESIAN_POINT ( 'NONE',  ( -0.6199999999999989964, 0.000000000000000000, -18.00000000000000000 ) ) ;
#547 = EDGE_LOOP ( 'NONE', ( #6696, #2165, #6575, #702 ) ) ;
#548 = AXIS2_PLACEMENT_3D ( 'NONE', #5670, #455, #1500 ) ;
#549 = CARTESIAN_POINT ( 'NONE',  ( -35.12844538072196343, 8.304397331752655376, 11.62861928812542622 ) ) ;
#550 = ADVANCED_FACE ( 'NONE', ( #8296 ), #117, .T. ) ;
#551 = CARTESIAN_POINT ( 'NONE',  ( -0.6200000000000440714, 0.000000000000000000, -8.631984016460597151E-14 ) ) ;
#552 = PLANE ( 'NONE',  #6605 ) ;
#553 = EDGE_CURVE ( 'NONE', #90, #2792, #3131, .T. ) ;
#554 = ORIENTED_EDGE ( 'NONE', *, *, #1700, .F. ) ;
#555 = DIRECTION ( 'NONE',  ( 0.000000000000000000, 1.000000000000000000, -0.000000000000000000 ) ) ;
#556 = CIRCLE ( 'NONE', #2436, 0.8999999999999980238 ) ;
#557 = ORIENTED_EDGE ( 'NONE', *, *, #6131, .F. ) ;
#558 = DIRECTION ( 'NONE',  ( 0.000000000000000000, 1.000000000000000000, 0.000000000000000000 ) ) ;
#559 = CARTESIAN_POINT ( 'NONE',  ( -35.14292893218813418, 8.400000000000000355, 11.70000000000000107 ) ) ;
#560 = ORIENTED_EDGE ( 'NONE', *, *, #630, .F. ) ;
#561 = AXIS2_PLACEMENT_3D ( 'NONE', #6193, #10177, #4243 ) ;
#562 = CARTESIAN_POINT ( 'NONE',  ( -35.07861928812542374, 8.409838636822840385, -11.85867521525114654 ) ) ;
#563 = CARTESIAN_POINT ( 'NONE',  ( 33.64999999999999858, 8.500000000000000000, 9.525000000000003908 ) ) ;
#564 = LINE ( 'NONE', #6634, #10570 ) ;
#565 = VECTOR ( 'NONE', #4237, 1000.000000000000000 ) ;
#566 = SURFACE_STYLE_USAGE ( .BOTH. , #9334 ) ;
#567 = EDGE_CURVE ( 'NONE', #1493, #8212, #11171, .T. ) ;
#568 = CARTESIAN_POINT ( 'NONE',  ( -20.93999999999999417, 0.000000000000000000, -18.00000000000000000 ) ) ;
#569 = VERTEX_POINT ( 'NONE', #11114 ) ;
#570 = ADVANCED_FACE ( 'NONE', ( #4303 ), #6329, .T. ) ;
#571 = VECTOR ( 'NONE', #4148, 1000.000000000000000 ) ;
#572 = ORIENTED_EDGE ( 'NONE', *, *, #9955, .F. ) ;
#573 = CARTESIAN_POINT ( 'NONE',  ( 4.460000000000005294, 0.000000000000000000, -18.00000000000000000 ) ) ;
#574 =( GEOMETRIC_REPRESENTATION_CONTEXT ( 3 ) GLOBAL_UNCERTAINTY_ASSIGNED_CONTEXT ( ( #2900 ) ) GLOBAL_UNIT_ASSIGNED_CONTEXT ( ( #11550, #12531, #4535 ) ) REPRESENTATION_CONTEXT ( 'NONE', 'WORKASPACE' ) );
#575 = VECTOR ( 'NONE', #8383, 1000.000000000000000 ) ;
#576 = ORIENTED_EDGE ( 'NONE', *, *, #9077, .F. ) ;
#577 = ORIENTED_EDGE ( 'NONE', *, *, #6969, .F. ) ;
#578 = DIRECTION ( 'NONE',  ( 0.000000000000000000, 0.000000000000000000, 1.000000000000000000 ) ) ;
#579 = CARTESIAN_POINT ( 'NONE',  ( 27.94000000000000128, 1.600000000000000089, -18.00000000000000000 ) ) ;
#580 = ORIENTED_EDGE ( 'NONE', *, *, #1328, .F. ) ;
#581 = AXIS2_PLACEMENT_3D ( 'NONE', #11754, #12809, #4626 ) ;
#582 = CARTESIAN_POINT ( 'NONE',  ( 40.00000000000002842, 7.949999999999783462, 3.750000000000000000 ) ) ;
#583 = MECHANICAL_DESIGN_GEOMETRIC_PRESENTATION_REPRESENTATION (  '', ( #2466 ), #11450 ) ;
#584 = DIRECTION ( 'NONE',  ( 0.000000000000000000, 0.000000000000000000, 1.000000000000000000 ) ) ;
#585 = CIRCLE ( 'NONE', #12073, 0.5000000000000004441 ) ;
#586 = AXIS2_PLACEMENT_3D ( 'NONE', #12514, #2747, #2562 ) ;
#587 = VECTOR ( 'NONE', #1779, 1000.000000000000000 ) ;
#588 = EDGE_CURVE ( 'NONE', #3099, #5944, #7118, .T. ) ;
#589 = VECTOR ( 'NONE', #5714, 1000.000000000000000 ) ;
#590 = CARTESIAN_POINT ( 'NONE',  ( 33.80000000000000426, 6.899999999999999467, -6.249999999999994671 ) ) ;
#591 = VECTOR ( 'NONE', #2977, 1000.000000000000000 ) ;
#592 = ORIENTED_EDGE ( 'NONE', *, *, #8248, .F. ) ;
#593 = CIRCLE ( 'NONE', #10420, 1.000000000000000000 ) ;
#594 = CARTESIAN_POINT ( 'NONE',  ( -23.48000000000000043, 0.000000000000000000, -15.49999999999999645 ) ) ;
#595 = AXIS2_PLACEMENT_3D ( 'NONE', #6544, #534, #1764 ) ;
#596 = CARTESIAN_POINT ( 'NONE',  ( 32.01005050633884252, -2.399999999999999467, -12.88137084989847381 ) ) ;
#597 = EDGE_LOOP ( 'NONE', ( #11071, #12828, #156, #7840 ) ) ;
#598 = DIRECTION ( 'NONE',  ( -0.000000000000000000, 1.000000000000000000, -0.000000000000000000 ) ) ;
#599 = EDGE_CURVE ( 'NONE', #11270, #1184, #3331, .T. ) ;
#600 = DIRECTION ( 'NONE',  ( 0.000000000000000000, 0.000000000000000000, 1.000000000000000000 ) ) ;
#601 = VERTEX_POINT ( 'NONE', #8233 ) ;
#602 = CIRCLE ( 'NONE', #1443, 1.000000000000000000 ) ;
#603 = AXIS2_PLACEMENT_3D ( 'NONE', #9291, #10646, #6576 ) ;
#604 = EDGE_CURVE ( 'NONE', #685, #8589, #386, .T. ) ;
#605 = CARTESIAN_POINT ( 'NONE',  ( -32.00000000000000000, 0.000000000000000000, -14.59999999999999787 ) ) ;
#606 = CIRCLE ( 'NONE', #3711, 0.8999999999999980238 ) ;
#607 = EDGE_CURVE ( 'NONE', #9785, #11554, #6270, .T. ) ;
#608 = CARTESIAN_POINT ( 'NONE',  ( -19.29999999999999716, 1.600000000000000089, -15.49999999999999645 ) ) ;
#609 = VERTEX_POINT ( 'NONE', #8371 ) ;
#610 = VECTOR ( 'NONE', #5245, 1000.000000000000000 ) ;
#611 = ORIENTED_EDGE ( 'NONE', *, *, #7466, .F. ) ;
#612 = ORIENTED_EDGE ( 'NONE', *, *, #7565, .F. ) ;
#613 = PLANE ( 'NONE',  #2903 ) ;
#614 = AXIS2_PLACEMENT_3D ( 'NONE', #9488, #5514, #5455 ) ;
#615 = CARTESIAN_POINT ( 'NONE',  ( -30.35999999999999233, 1.600000000000000089, -18.00000000000000000 ) ) ;
#616 = VERTEX_POINT ( 'NONE', #11240 ) ;
#617 = DIRECTION ( 'NONE',  ( -0.000000000000000000, 1.000000000000000000, -0.000000000000000000 ) ) ;
#618 = VECTOR ( 'NONE', #6433, 1000.000000000000000 ) ;
#619 = CARTESIAN_POINT ( 'NONE',  ( -40.00000000000000000, 0.000000000000000000, -18.00000000000000000 ) ) ;
#620 = VERTEX_POINT ( 'NONE', #12370 ) ;
#621 = CARTESIAN_POINT ( 'NONE',  ( 0.000000000000000000, -2.399999999999999467, 0.000000000000000000 ) ) ;
#622 = CYLINDRICAL_SURFACE ( 'NONE', #7481, 0.8999999999999980238 ) ;
#623 = EDGE_CURVE ( 'NONE', #6691, #4418, #11374, .T. ) ;
#624 = AXIS2_PLACEMENT_3D ( 'NONE', #1438, #9519, #10325 ) ;
#625 = DIRECTION ( 'NONE',  ( -1.000000000000000000, -2.569960705150817904E-15, 0.000000000000000000 ) ) ;
#626 = VERTEX_POINT ( 'NONE', #5152 ) ;
#627 = CARTESIAN_POINT ( 'NONE',  ( -0.6199999999999955547, -6.222539674441619262, -18.00000000000000000 ) ) ;
#628 = ORIENTED_EDGE ( 'NONE', *, *, #4266, .T. ) ;
#629 = VECTOR ( 'NONE', #12007, 1000.000000000000114 ) ;
#630 = EDGE_CURVE ( 'NONE', #1235, #7974, #10387, .T. ) ;
#631 = PLANE ( 'NONE',  #8378 ) ;
#632 = CARTESIAN_POINT ( 'NONE',  ( -35.15000000000000568, 8.199999999999999289, -11.50000000000002309 ) ) ;
#633 = ORIENTED_EDGE ( 'NONE', *, *, #3851, .F. ) ;
#634 = ADVANCED_FACE ( 'NONE', ( #1430 ), #7380, .T. ) ;
#635 = PLANE ( 'NONE',  #2673 ) ;
#636 = SURFACE_SIDE_STYLE ('',( #9406 ) ) ;
#637 = DIRECTION ( 'NONE',  ( 1.000000000000000000, 0.000000000000000000, 0.000000000000000000 ) ) ;
#638 = LINE ( 'NONE', #890, #6463 ) ;
#639 = CIRCLE ( 'NONE', #2313, 0.8999999999999980238 ) ;
#640 = DIRECTION ( 'NONE',  ( 1.000000000000000000, -0.000000000000000000, 0.000000000000000000 ) ) ;
#641 = ORIENTED_EDGE ( 'NONE', *, *, #6258, .T. ) ;
#642 = DIRECTION ( 'NONE',  ( 0.7071067811865172636, 0.000000000000000000, -0.7071067811865777708 ) ) ;
#643 = ORIENTED_EDGE ( 'NONE', *, *, #12683, .F. ) ;
#644 = DIRECTION ( 'NONE',  ( 2.775557561562888984E-15, 0.000000000000000000, -1.000000000000000000 ) ) ;
#645 = DIRECTION ( 'NONE',  ( -0.000000000000000000, -2.312964634635742957E-16, -1.000000000000000000 ) ) ;
#646 = DIRECTION ( 'NONE',  ( 2.775557561562888984E-15, 0.000000000000000000, -1.000000000000000000 ) ) ;
#647 = VECTOR ( 'NONE', #1566, 1000.000000000000000 ) ;
#648 = VERTEX_POINT ( 'NONE', #12232 ) ;
#649 = DIRECTION ( 'NONE',  ( 1.000000000000000000, 0.000000000000000000, 2.775557561562888984E-15 ) ) ;
#650 = LINE ( 'NONE', #4637, #6825 ) ;
#651 = LINE ( 'NONE', #3720, #6494 ) ;
#652 = DIRECTION ( 'NONE',  ( -0.000000000000000000, -1.000000000000000000, 0.000000000000000000 ) ) ;
#653 = DIRECTION ( 'NONE',  ( 0.000000000000000000, 0.000000000000000000, 1.000000000000000000 ) ) ;
#654 = VERTEX_POINT ( 'NONE', #12169 ) ;
#655 = ADVANCED_FACE ( 'NONE', ( #3195 ), #2200, .F. ) ;
#656 = PLANE ( 'NONE',  #883 ) ;
#657 = LINE ( 'NONE', #10537, #4766 ) ;
#658 = ORIENTED_EDGE ( 'NONE', *, *, #714, .F. ) ;
#659 = CARTESIAN_POINT ( 'NONE',  ( -37.70000000000000284, 1.600000000000000089, -17.09999999999999432 ) ) ;
#660 = EDGE_CURVE ( 'NONE', #1302, #1945, #10380, .T. ) ;
#661 = CARTESIAN_POINT ( 'NONE',  ( -22.73999999999998778, -6.222539674441619262, -18.00000000000000000 ) ) ;
#662 = DIRECTION ( 'NONE',  ( 0.000000000000000000, 1.000000000000000000, 0.000000000000000000 ) ) ;
#663 = CARTESIAN_POINT ( 'NONE',  ( -19.29999999999999716, -6.222539674441619262, -15.49999999999999645 ) ) ;
#664 = FACE_OUTER_BOUND ( 'NONE', #6368, .T. ) ;
#665 = EDGE_CURVE ( 'NONE', #4380, #8150, #1299, .T. ) ;
#666 = ORIENTED_EDGE ( 'NONE', *, *, #122, .F. ) ;
#667 = DIRECTION ( 'NONE',  ( -1.000000000000000000, 2.775557561563175735E-15, -0.000000000000000000 ) ) ;
#668 = VECTOR ( 'NONE', #3530, 1000.000000000000000 ) ;
#669 = ORIENTED_EDGE ( 'NONE', *, *, #4306, .F. ) ;
#670 = VERTEX_POINT ( 'NONE', #6520 ) ;
#671 = LINE ( 'NONE', #3677, #5003 ) ;
#672 = DIRECTION ( 'NONE',  ( 2.775557561562888984E-15, 0.000000000000000000, -1.000000000000000000 ) ) ;
#673 = ORIENTED_EDGE ( 'NONE', *, *, #11735, .T. ) ;
#674 = FACE_OUTER_BOUND ( 'NONE', #5793, .T. ) ;
#675 = LINE ( 'NONE', #7612, #4557 ) ;
#676 = VECTOR ( 'NONE', #12250, 1000.000000000000000 ) ;
#677 = ORIENTED_EDGE ( 'NONE', *, *, #7773, .T. ) ;
#678 = FACE_OUTER_BOUND ( 'NONE', #10379, .T. ) ;
#679 = EDGE_CURVE ( 'NONE', #5066, #2132, #5671, .T. ) ;
#680 = DIRECTION ( 'NONE',  ( 0.000000000000000000, 0.000000000000000000, 1.000000000000000000 ) ) ;
#681 = FACE_OUTER_BOUND ( 'NONE', #10155, .T. ) ;
#682 = ORIENTED_EDGE ( 'NONE', *, *, #10001, .T. ) ;
#683 = DIRECTION ( 'NONE',  ( 0.000000000000000000, 0.000000000000000000, 1.000000000000000000 ) ) ;
#684 = EDGE_LOOP ( 'NONE', ( #12825, #5401, #6200, #7811, #11643 ) ) ;
#685 = VERTEX_POINT ( 'NONE', #11695 ) ;
#686 = CARTESIAN_POINT ( 'NONE',  ( 35.35000000000000142, 8.199999999999999289, -11.69292893218813667 ) ) ;
#687 = CARTESIAN_POINT ( 'NONE',  ( -15.11999999999999744, 0.000000000000000000, -18.00000000000000000 ) ) ;
#688 = EDGE_CURVE ( 'NONE', #8885, #9091, #10464, .T. ) ;
#689 = VERTEX_POINT ( 'NONE', #5484 ) ;
#690 = EDGE_CURVE ( 'NONE', #12311, #5067, #457, .T. ) ;
#691 = CARTESIAN_POINT ( 'NONE',  ( -35.14292893218813418, 8.200000000000001066, -11.70000000000000107 ) ) ;
#692 = CARTESIAN_POINT ( 'NONE',  ( -33.79999999999999005, 7.399999999999999467, 7.250000000000006217 ) ) ;
#693 = ADVANCED_FACE ( 'NONE', ( #4627, #3520 ), #7514, .T. ) ;
#694 = DIRECTION ( 'NONE',  ( 0.000000000000000000, 0.000000000000000000, 1.000000000000000000 ) ) ;
#695 = AXIS2_PLACEMENT_3D ( 'NONE', #2448, #3300, #5464 ) ;
#696 = CARTESIAN_POINT ( 'NONE',  ( 0.000000000000000000, 8.500000000000000000, -10.07500000000000462 ) ) ;
#697 = EDGE_CURVE ( 'NONE', #10237, #12048, #5425, .T. ) ;
#698 = CARTESIAN_POINT ( 'NONE',  ( -33.79999999999999005, -0.0009999999999992653654, -7.249999999999994671 ) ) ;
#699 = ORIENTED_EDGE ( 'NONE', *, *, #6683, .F. ) ;
#700 = DIRECTION ( 'NONE',  ( -1.000000000000000000, 0.000000000000000000, 2.566158988131371759E-17 ) ) ;
#701 = EDGE_CURVE ( 'NONE', #11270, #5913, #8559, .T. ) ;
#702 = ORIENTED_EDGE ( 'NONE', *, *, #5744, .F. ) ;
#703 = CARTESIAN_POINT ( 'NONE',  ( -15.85999999999999588, -6.222539674441619262, -18.00000000000000000 ) ) ;
#704 = PRESENTATION_LAYER_ASSIGNMENT (  '', '', ( #10317 ) ) ;
#705 = DIRECTION ( 'NONE',  ( 1.000000000000000000, 0.000000000000000000, 0.000000000000000000 ) ) ;
#706 = FILL_AREA_STYLE_COLOUR ( '', #76 ) ;
#707 = ORIENTED_EDGE ( 'NONE', *, *, #2728, .F. ) ;
#708 = LINE ( 'NONE', #2494, #2135 ) ;
#709 = LINE ( 'NONE', #12677, #11852 ) ;
#710 = DIRECTION ( 'NONE',  ( 1.000000000000000000, -0.000000000000000000, 2.775557561562888984E-15 ) ) ;
#711 = CARTESIAN_POINT ( 'NONE',  ( 35.14999999999999858, 8.400000000000000355, -11.69292893218813489 ) ) ;
#712 = CARTESIAN_POINT ( 'NONE',  ( -33.79999999999999005, 8.400000000000000355, 7.250000000000006217 ) ) ;
#713 = VECTOR ( 'NONE', #1394, 1000.000000000000000 ) ;
#714 = EDGE_CURVE ( 'NONE', #9293, #11666, #9588, .T. ) ;
#715 = CARTESIAN_POINT ( 'NONE',  ( 34.80000000000000426, 6.899999999999999467, 6.250000000000006217 ) ) ;
#716 = VERTEX_POINT ( 'NONE', #10643 ) ;
#717 = DIRECTION ( 'NONE',  ( 0.000000000000000000, 1.000000000000000000, 0.000000000000000000 ) ) ;
#718 = LINE ( 'NONE', #7653, #12506 ) ;
#719 = ORIENTED_EDGE ( 'NONE', *, *, #3413, .T. ) ;
#720 = DIRECTION ( 'NONE',  ( 0.000000000000000000, 0.000000000000000000, 1.000000000000000000 ) ) ;
#721 = DIRECTION ( 'NONE',  ( -0.000000000000000000, -0.000000000000000000, -1.000000000000000000 ) ) ;
#722 = CARTESIAN_POINT ( 'NONE',  ( -3.159999999999999698, 1.600000000000000089, -15.49999999999999645 ) ) ;
#723 = DIRECTION ( 'NONE',  ( -1.000000000000000000, 0.000000000000000000, -0.000000000000000000 ) ) ;
#724 = EDGE_CURVE ( 'NONE', #8345, #1545, #1688, .T. ) ;
#725 = DIRECTION ( 'NONE',  ( -1.000000000000000000, -0.000000000000000000, -0.000000000000000000 ) ) ;
#726 = ORIENTED_EDGE ( 'NONE', *, *, #8485, .T. ) ;
#727 = CARTESIAN_POINT ( 'NONE',  ( -27.81999999999999673, 0.000000000000000000, -15.49999999999999645 ) ) ;
#728 = ORIENTED_EDGE ( 'NONE', *, *, #697, .F. ) ;
#729 = ORIENTED_EDGE ( 'NONE', *, *, #7591, .F. ) ;
#730 = CARTESIAN_POINT ( 'NONE',  ( -35.15000000000000568, 5.700000000000255085, -11.69292893218813667 ) ) ;
#731 = CARTESIAN_POINT ( 'NONE',  ( -10.77999999999999758, 0.000000000000000000, -18.00000000000000000 ) ) ;
#732 = VERTEX_POINT ( 'NONE', #3453 ) ;
#733 = PLANE ( 'NONE',  #3552 ) ;
#734 = LINE ( 'NONE', #5118, #3515 ) ;
#735 = ORIENTED_EDGE ( 'NONE', *, *, #845, .F. ) ;
#736 = DIRECTION ( 'NONE',  ( 0.000000000000000000, -0.000000000000000000, -1.000000000000000000 ) ) ;
#737 = EDGE_CURVE ( 'NONE', #2254, #5458, #8618, .T. ) ;
#738 = DIRECTION ( 'NONE',  ( 0.000000000000000000, 1.000000000000000000, 0.000000000000000000 ) ) ;
#739 = CARTESIAN_POINT ( 'NONE',  ( -6.599999999999997868, -6.222539674441619262, -15.49999999999999645 ) ) ;
#740 = CARTESIAN_POINT ( 'NONE',  ( -37.69999999999967599, 1.600000000000000089, 17.89999999999999858 ) ) ;
#741 = DIRECTION ( 'NONE',  ( 0.000000000000000000, 0.000000000000000000, 1.000000000000000000 ) ) ;
#742 = VERTEX_POINT ( 'NONE', #7631 ) ;
#743 = ORIENTED_EDGE ( 'NONE', *, *, #3268, .F. ) ;
#744 = LINE ( 'NONE', #12738, #7076 ) ;
#745 = CIRCLE ( 'NONE', #6389, 0.4999999999999987232 ) ;
#746 = CARTESIAN_POINT ( 'NONE',  ( -24.37999999999999901, 0.000000000000000000, -15.49999999999999645 ) ) ;
#747 = VERTEX_POINT ( 'NONE', #3642 ) ;
#748 = AXIS2_PLACEMENT_3D ( 'NONE', #22, #5965, #10075 ) ;
#749 = FACE_OUTER_BOUND ( 'NONE', #7186, .T. ) ;
#750 = EDGE_CURVE ( 'NONE', #9266, #932, #11217, .T. ) ;
#751 = DIRECTION ( 'NONE',  ( 0.000000000000000000, 0.000000000000000000, -1.000000000000000000 ) ) ;
#752 = CARTESIAN_POINT ( 'NONE',  ( -32.00000000000000000, 1.600000000000000089, -14.59999999999999787 ) ) ;
#753 = CARTESIAN_POINT ( 'NONE',  ( 37.70000000000032969, -6.222539674441619262, 17.89999999999999858 ) ) ;
#754 = VECTOR ( 'NONE', #10728, 1000.000000000000000 ) ;
#755 = EDGE_LOOP ( 'NONE', ( #12464, #541, #10361, #6109 ) ) ;
#756 = EDGE_CURVE ( 'NONE', #2225, #10996, #12664, .T. ) ;
#757 = CYLINDRICAL_SURFACE ( 'NONE', #603, 0.3999999999999975797 ) ;
#758 = AXIS2_PLACEMENT_3D ( 'NONE', #10844, #5874, #9851 ) ;
#759 = EDGE_LOOP ( 'NONE', ( #9124, #11481, #6977 ) ) ;
#760 = EDGE_CURVE ( 'NONE', #8065, #3197, #6708, .T. ) ;
#761 = CARTESIAN_POINT ( 'NONE',  ( -25.27999999999999758, 0.000000000000000000, -15.49999999999999645 ) ) ;
#762 = AXIS2_PLACEMENT_3D ( 'NONE', #1800, #6901, #1930 ) ;
#763 = ORIENTED_EDGE ( 'NONE', *, *, #3284, .F. ) ;
#764 = CIRCLE ( 'NONE', #4110, 2.147727943148353802 ) ;
#765 = CARTESIAN_POINT ( 'NONE',  ( -28.55999999999999517, 1.600000000000000089, -18.00000000000000000 ) ) ;
#766 = DIRECTION ( 'NONE',  ( 0.000000000000000000, 0.000000000000000000, -1.000000000000000000 ) ) ;
#767 = AXIS2_PLACEMENT_3D ( 'NONE', #3047, #4948, #9977 ) ;
#768 = LINE ( 'NONE', #2612, #7704 ) ;
#769 = CYLINDRICAL_SURFACE ( 'NONE', #2063, 0.4500000000000007327 ) ;
#770 = AXIS2_PLACEMENT_3D ( 'NONE', #5191, #8205, #11203 ) ;
#771 = AXIS2_PLACEMENT_3D ( 'NONE', #12879, #11094, #1753 ) ;
#772 = CARTESIAN_POINT ( 'NONE',  ( -28.55999999999999517, 0.000000000000000000, -18.00000000000000000 ) ) ;
#773 = ORIENTED_EDGE ( 'NONE', *, *, #10406, .T. ) ;
#774 = EDGE_CURVE ( 'NONE', #4569, #1200, #7436, .T. ) ;
#775 = AXIS2_PLACEMENT_3D ( 'NONE', #12292, #249, #381 ) ;
#776 = CYLINDRICAL_SURFACE ( 'NONE', #5895, 0.4500000000000007327 ) ;
#777 = VECTOR ( 'NONE', #8456, 1000.000000000000000 ) ;
#778 = CARTESIAN_POINT ( 'NONE',  ( 37.70000000000000284, 0.000000000000000000, -13.50000000000000000 ) ) ;
#779 = EDGE_LOOP ( 'NONE', ( #8461, #12426, #11793, #840 ) ) ;
#780 = CARTESIAN_POINT ( 'NONE',  ( -27.81999999999999673, 0.000000000000000000, -15.49999999999999645 ) ) ;
#781 = AXIS2_PLACEMENT_3D ( 'NONE', #6336, #6140, #4114 ) ;
#782 = DIRECTION ( 'NONE',  ( 0.000000000000000000, 0.000000000000000000, 1.000000000000000000 ) ) ;
#783 = EDGE_CURVE ( 'NONE', #7381, #7154, #9467, .T. ) ;
#784 = VECTOR ( 'NONE', #11856, 1000.000000000000000 ) ;
#785 = CARTESIAN_POINT ( 'NONE',  ( -40.00000000000000000, 1.600000000000000089, -18.00000000000000000 ) ) ;
#786 = VECTOR ( 'NONE', #10746, 1000.000000000000000 ) ;
#787 = AXIS2_PLACEMENT_3D ( 'NONE', #9390, #11298, #12276 ) ;
#788 = DIRECTION ( 'NONE',  ( 0.000000000000000000, 1.000000000000000000, 0.000000000000000000 ) ) ;
#789 = VECTOR ( 'NONE', #640, 1000.000000000000000 ) ;
#790 = EDGE_LOOP ( 'NONE', ( #1963, #2241 ) ) ;
#791 = CYLINDRICAL_SURFACE ( 'NONE', #7507, 0.8999999999999980238 ) ;
#792 = VECTOR ( 'NONE', #9460, 1000.000000000000000 ) ;
#793 = VECTOR ( 'NONE', #1578, 1000.000000000000000 ) ;
#794 = ORIENTED_EDGE ( 'NONE', *, *, #12275, .F. ) ;
#795 = CARTESIAN_POINT ( 'NONE',  ( 35.14292893218813418, 1.599999999999979661, 11.90000000000002522 ) ) ;
#796 = ORIENTED_EDGE ( 'NONE', *, *, #406, .F. ) ;
#797 = ORIENTED_EDGE ( 'NONE', *, *, #3068, .T. ) ;
#798 = CARTESIAN_POINT ( 'NONE',  ( -14.22000000000000064, 1.600000000000000089, -15.49999999999999645 ) ) ;
#799 = ORIENTED_EDGE ( 'NONE', *, *, #9415, .T. ) ;
#800 = VECTOR ( 'NONE', #7077, 1000.000000000000000 ) ;
#801 = CARTESIAN_POINT ( 'NONE',  ( -16.76000000000000156, 1.600000000000000089, -15.49999999999999645 ) ) ;
#802 = AXIS2_PLACEMENT_3D ( 'NONE', #12098, #11113, #1042 ) ;
#803 = EDGE_CURVE ( 'NONE', #7822, #10805, #2480, .T. ) ;
#804 = DIRECTION ( 'NONE',  ( 2.775557561562888984E-15, 0.000000000000000000, -1.000000000000000000 ) ) ;
#805 = EDGE_LOOP ( 'NONE', ( #5473, #1381, #2882, #2710 ) ) ;
#806 = VECTOR ( 'NONE', #7804, 1000.000000000000000 ) ;
#807 = DIRECTION ( 'NONE',  ( 0.000000000000000000, 0.000000000000000000, 1.000000000000000000 ) ) ;
#808 = AXIS2_PLACEMENT_3D ( 'NONE', #7754, #5721, #10753 ) ;
#809 = DIRECTION ( 'NONE',  ( 0.000000000000000000, 0.000000000000000000, 1.000000000000000000 ) ) ;
#810 = CARTESIAN_POINT ( 'NONE',  ( -1.520000000000000462, -6.222539674441619262, -15.49999999999999645 ) ) ;
#811 = EDGE_LOOP ( 'NONE', ( #17, #12571, #2620, #1060 ) ) ;
#812 = DIRECTION ( 'NONE',  ( 5.930678550348046247E-16, -0.000000000000000000, -1.000000000000000000 ) ) ;
#813 = CIRCLE ( 'NONE', #2899, 1.000000000000000000 ) ;
#814 = CIRCLE ( 'NONE', #9576, 0.5000000000000004441 ) ;
#815 = VERTEX_POINT ( 'NONE', #10515 ) ;
#816 = ORIENTED_EDGE ( 'NONE', *, *, #11338, .T. ) ;
#817 = CIRCLE ( 'NONE', #2693, 0.8999999999999980238 ) ;
#818 = VERTEX_POINT ( 'NONE', #568 ) ;
#819 = CARTESIAN_POINT ( 'NONE',  ( -15.11999999999999744, 0.000000000000000000, -18.00000000000000000 ) ) ;
#820 = LINE ( 'NONE', #11805, #2483 ) ;
#821 = EDGE_LOOP ( 'NONE', ( #2181, #12274, #8511, #9893 ) ) ;
#822 = ADVANCED_FACE ( 'NONE', ( #4563 ), #12558, .F. ) ;
#823 = ORIENTED_EDGE ( 'NONE', *, *, #9431, .T. ) ;
#824 = VECTOR ( 'NONE', #5491, 1000.000000000000000 ) ;
#825 = CARTESIAN_POINT ( 'NONE',  ( -35.01430964406270618, 8.376643082376672211, -11.60334291870195322 ) ) ;
#826 = FILL_AREA_STYLE_COLOUR ( '', #2711 ) ;
#827 = DIRECTION ( 'NONE',  ( 0.000000000000000000, -1.000000000000000000, 0.000000000000000000 ) ) ;
#828 = AXIS2_PLACEMENT_3D ( 'NONE', #7762, #1932, #1027 ) ;
#829 = CARTESIAN_POINT ( 'NONE',  ( 33.64999999999999858, 8.500000000000000000, -9.525000000000003908 ) ) ;
#830 = AXIS2_PLACEMENT_3D ( 'NONE', #801, #6556, #12788 ) ;
#831 = CIRCLE ( 'NONE', #2514, 0.8999999999999980238 ) ;
#832 = EDGE_LOOP ( 'NONE', ( #9190, #3855, #10490, #3696 ) ) ;
#833 = LINE ( 'NONE', #5021, #11279 ) ;
#834 = EDGE_LOOP ( 'NONE', ( #4131, #8937, #475, #3485 ) ) ;
#835 = ADVANCED_FACE ( 'NONE', ( #1869 ), #4034, .F. ) ;
#836 = VECTOR ( 'NONE', #2412, 1000.000000000000114 ) ;
#837 = DIRECTION ( 'NONE',  ( 0.000000000000000000, 1.000000000000000000, 0.000000000000000000 ) ) ;
#838 = ADVANCED_FACE ( 'NONE', ( #9004 ), #11952, .F. ) ;
#839 = DIRECTION ( 'NONE',  ( 0.000000000000000000, 1.000000000000000000, -0.000000000000000000 ) ) ;
#840 = ORIENTED_EDGE ( 'NONE', *, *, #2922, .F. ) ;
#841 = CARTESIAN_POINT ( 'NONE',  ( -35.05447717945575192, 8.378451742169291450, -11.56434100780120389 ) ) ;
#842 =( GEOMETRIC_REPRESENTATION_CONTEXT ( 3 ) GLOBAL_UNCERTAINTY_ASSIGNED_CONTEXT ( ( #4443 ) ) GLOBAL_UNIT_ASSIGNED_CONTEXT ( ( #10673, #5695, #6599 ) ) REPRESENTATION_CONTEXT ( 'NONE', 'WORKASPACE' ) );
#843 = DIRECTION ( 'NONE',  ( -1.000000000000000000, -0.000000000000000000, -0.000000000000000000 ) ) ;
#844 = PLANE ( 'NONE',  #1653 ) ;
#845 = EDGE_CURVE ( 'NONE', #2935, #4288, #11458, .T. ) ;
#846 = ADVANCED_FACE ( 'NONE', ( #5867 ), #8745, .F. ) ;
#847 = LINE ( 'NONE', #3794, #9753 ) ;
#848 = EDGE_LOOP ( 'NONE', ( #6346, #9494, #11744, #36 ) ) ;
#849 = VECTOR ( 'NONE', #6012, 1000.000000000000000 ) ;
#850 = DIRECTION ( 'NONE',  ( 0.000000000000000000, 0.000000000000000000, 1.000000000000000000 ) ) ;
#851 = EDGE_LOOP ( 'NONE', ( #91, #3079, #2681, #8788, #5463 ) ) ;
#852 = CARTESIAN_POINT ( 'NONE',  ( -35.11070852858864555, 8.252466668475184619, 11.70000000000000107 ) ) ;
#853 = CARTESIAN_POINT ( 'NONE',  ( 33.64999999999999858, 8.500000000000000000, 10.07500000000000462 ) ) ;
#854 = EDGE_CURVE ( 'NONE', #12842, #2254, #7485, .T. ) ;
#855 = ORIENTED_EDGE ( 'NONE', *, *, #6263, .F. ) ;
#856 = DIRECTION ( 'NONE',  ( 0.000000000000000000, 0.000000000000000000, 1.000000000000000000 ) ) ;
#857 = CARTESIAN_POINT ( 'NONE',  ( -34.13137084989848802, 0.000000000000000000, -10.76005050633884963 ) ) ;
#858 = DIRECTION ( 'NONE',  ( 2.775557561562888984E-15, 0.000000000000000000, -1.000000000000000000 ) ) ;
#859 = EDGE_CURVE ( 'NONE', #3444, #7088, #10964, .T. ) ;
#860 = EDGE_CURVE ( 'NONE', #4323, #3098, #12871, .T. ) ;
#861 = CARTESIAN_POINT ( 'NONE',  ( 5.080000000000000071, 0.000000000000000000, -18.00000000000000000 ) ) ;
#862 = CIRCLE ( 'NONE', #5259, 2.199999999999998845 ) ;
#863 = EDGE_LOOP ( 'NONE', ( #12436, #8458, #3183, #8052 ) ) ;
#864 = CYLINDRICAL_SURFACE ( 'NONE', #1461, 1.399999999999995026 ) ;
#865 = EDGE_CURVE ( 'NONE', #2781, #8626, #45, .T. ) ;
#866 = ORIENTED_EDGE ( 'NONE', *, *, #11104, .F. ) ;
#867 = ORIENTED_EDGE ( 'NONE', *, *, #4433, .T. ) ;
#868 = EDGE_LOOP ( 'NONE', ( #10128, #2633, #2702, #10696 ) ) ;
#869 = DIRECTION ( 'NONE',  ( 0.000000000000000000, 0.000000000000000000, 1.000000000000000000 ) ) ;
#870 =( NAMED_UNIT ( * ) SI_UNIT ( $, .STERADIAN. ) SOLID_ANGLE_UNIT ( ) );
#871 = ORIENTED_EDGE ( 'NONE', *, *, #5503, .T. ) ;
#872 = CARTESIAN_POINT ( 'NONE',  ( -22.50000000000000000, -1.399999999999999911, -4.592425496802574367E-15 ) ) ;
#873 = DIRECTION ( 'NONE',  ( 0.000000000000000000, 1.000000000000000000, 0.000000000000000000 ) ) ;
#874 = ORIENTED_EDGE ( 'NONE', *, *, #1104, .F. ) ;
#875 = FACE_OUTER_BOUND ( 'NONE', #8914, .T. ) ;
#876 = LINE ( 'NONE', #7937, #2045 ) ;
#877 = DIRECTION ( 'NONE',  ( 0.000000000000000000, 0.000000000000000000, -1.000000000000000000 ) ) ;
#878 = ORIENTED_EDGE ( 'NONE', *, *, #5164, .F. ) ;
#879 = CYLINDRICAL_SURFACE ( 'NONE', #8975, 0.4999999999999987232 ) ;
#880 = ORIENTED_EDGE ( 'NONE', *, *, #4612, .F. ) ;
#881 = VERTEX_POINT ( 'NONE', #2787 ) ;
#882 = PLANE ( 'NONE',  #4825 ) ;
#883 = AXIS2_PLACEMENT_3D ( 'NONE', #3605, #4646, #7457 ) ;
#884 = CARTESIAN_POINT ( 'NONE',  ( 32.01005050633884252, -16.60000000000000497, -12.88137084989847381 ) ) ;
#885 = ORIENTED_EDGE ( 'NONE', *, *, #4383, .F. ) ;
#886 = EDGE_LOOP ( 'NONE', ( #9619, #3376, #4344, #11383, #308 ) ) ;
#887 = PLANE ( 'NONE',  #6002 ) ;
#888 = LINE ( 'NONE', #7021, #10244 ) ;
#889 = CARTESIAN_POINT ( 'NONE',  ( -15.85999999999999943, 0.000000000000000000, -18.00000000000000000 ) ) ;
#890 = CARTESIAN_POINT ( 'NONE',  ( -35.35000000000000142, 8.400000000000000355, -11.69292893218813667 ) ) ;
#891 = CARTESIAN_POINT ( 'NONE',  ( -35.35000000000000142, 8.199999999999999289, -11.69292893218813667 ) ) ;
#892 = EDGE_LOOP ( 'NONE', ( #9116, #2172, #11066, #4085 ) ) ;
#893 = FACE_OUTER_BOUND ( 'NONE', #5317, .T. ) ;
#894 = EDGE_CURVE ( 'NONE', #12850, #8858, #7022, .T. ) ;
#895 = VERTEX_POINT ( 'NONE', #891 ) ;
#896 = DIRECTION ( 'NONE',  ( -1.000000000000000000, -0.000000000000000000, -0.000000000000000000 ) ) ;
#897 = EDGE_CURVE ( 'NONE', #6195, #3513, #3896, .T. ) ;
#898 = CARTESIAN_POINT ( 'NONE',  ( 33.80000000000000426, 8.599999999999999645, -6.249999999999994671 ) ) ;
#899 = EDGE_LOOP ( 'NONE', ( #11659, #10339, #12967, #9050 ) ) ;
#900 = CARTESIAN_POINT ( 'NONE',  ( 2.540000000000000036, 1.600000000000000089, -18.00000000000000000 ) ) ;
#901 = DIRECTION ( 'NONE',  ( -0.000000000000000000, 1.000000000000000000, -0.000000000000000000 ) ) ;
#902 = CARTESIAN_POINT ( 'NONE',  ( -27.81999999999999673, 0.000000000000000000, -15.49999999999999645 ) ) ;
#903 = DIRECTION ( 'NONE',  ( 0.000000000000000000, 0.000000000000000000, -1.000000000000000000 ) ) ;
#904 = ADVANCED_FACE ( 'NONE', ( #11885 ), #5731, .T. ) ;
#905 = CARTESIAN_POINT ( 'NONE',  ( -40.00000000000000000, 1.600000000000000089, -18.00000000000000000 ) ) ;
#906 = ORIENTED_EDGE ( 'NONE', *, *, #12462, .F. ) ;
#907 = AXIS2_PLACEMENT_3D ( 'NONE', #6023, #11847, #10011 ) ;
#908 = CARTESIAN_POINT ( 'NONE',  ( -35.07861603620757762, 8.408781693757919840, 11.85686223849291387 ) ) ;
#909 = ORIENTED_EDGE ( 'NONE', *, *, #3437, .T. ) ;
#910 = DIRECTION ( 'NONE',  ( 1.000000000000000000, 0.000000000000000000, 0.000000000000000000 ) ) ;
#911 = CARTESIAN_POINT ( 'NONE',  ( 1.919999999999956408, 1.600000000000000089, -8.631984016460597151E-14 ) ) ;
#912 = VERTEX_POINT ( 'NONE', #1024 ) ;
#913 = DIRECTION ( 'NONE',  ( 0.000000000000000000, 0.000000000000000000, -1.000000000000000000 ) ) ;
#914 = AXIS2_PLACEMENT_3D ( 'NONE', #5675, #6769, #4632 ) ;
#915 = FACE_BOUND ( 'NONE', #7873, .T. ) ;
#916 = DIRECTION ( 'NONE',  ( -0.000000000000000000, 1.000000000000000000, -0.000000000000000000 ) ) ;
#917 = B_SPLINE_SURFACE_WITH_KNOTS ( 'NONE', 1, 3, ( 
 ( #5239, #8385, #9228, #6339, #9155, #10332 ),
 ( #4252, #329, #11387, #2418, #5301, #8243 ),
 ( #6402, #10398, #9287, #12437, #8438, #9348 ),
 ( #1448, #3344, #4316, #5437, #8307, #1371 ) ),
 .UNSPECIFIED., .F., .F., .F.,
 ( 2, 1, 1, 2 ),
 ( 4, 2, 4 ),
 ( -0.01000000000000000021, 0.000000000000000000, 1.000000000000000000, 1.010099999999999998 ),
 ( 0.000000000000000000, 0.5000000000000000000, 1.000000000000000000 ),
 .UNSPECIFIED. ) ;
#918 = LINE ( 'NONE', #861, #6465 ) ;
#919 = VERTEX_POINT ( 'NONE', #10762 ) ;
#920 = CARTESIAN_POINT ( 'NONE',  ( 0.1199999999999604161, 0.000000000000000000, -9.131584377541916332E-14 ) ) ;
#921 = ADVANCED_FACE ( 'NONE', ( #5018 ), #7821, .F. ) ;
#922 = ORIENTED_EDGE ( 'NONE', *, *, #8762, .F. ) ;
#923 = CARTESIAN_POINT ( 'NONE',  ( 35.11049060601118299, 8.305643053176606116, 11.90000000000000213 ) ) ;
#924 = EDGE_CURVE ( 'NONE', #3827, #3338, #6406, .T. ) ;
#925 = ORIENTED_EDGE ( 'NONE', *, *, #3572, .F. ) ;
#926 = ADVANCED_FACE ( 'NONE', ( #8016 ), #12010, .T. ) ;
#927 = EDGE_LOOP ( 'NONE', ( #592, #3063, #5115, #4841, #7592 ) ) ;
#928 = CARTESIAN_POINT ( 'NONE',  ( 25.40000000000000213, 0.000000000000000000, -18.00000000000000000 ) ) ;
#929 = VERTEX_POINT ( 'NONE', #4828 ) ;
#930 = CARTESIAN_POINT ( 'NONE',  ( -30.35999999999999943, 0.000000000000000000, -15.49999999999999645 ) ) ;
#931 = LINE ( 'NONE', #2105, #10181 ) ;
#932 = VERTEX_POINT ( 'NONE', #8808 ) ;
#933 = CARTESIAN_POINT ( 'NONE',  ( 35.30867521525114228, 8.409838636822836833, 11.62861928812542622 ) ) ;
#934 = LINE ( 'NONE', #11993, #12718 ) ;
#935 = FACE_OUTER_BOUND ( 'NONE', #11206, .T. ) ;
#936 = ORIENTED_EDGE ( 'NONE', *, *, #5503, .F. ) ;
#937 = DIRECTION ( 'NONE',  ( 0.000000000000000000, 0.000000000000000000, -1.000000000000000000 ) ) ;
#938 = ORIENTED_EDGE ( 'NONE', *, *, #7703, .T. ) ;
#939 = ORIENTED_EDGE ( 'NONE', *, *, #9609, .F. ) ;
#940 = ORIENTED_EDGE ( 'NONE', *, *, #7148, .T. ) ;
#941 = DIRECTION ( 'NONE',  ( -1.000000000000000000, -2.453639994309486367E-17, -1.064096724931068256E-31 ) ) ;
#942 = CARTESIAN_POINT ( 'NONE',  ( -22.73999999999999488, 1.600000000000000089, -15.49999999999999645 ) ) ;
#943 = VERTEX_POINT ( 'NONE', #12811 ) ;
#944 = DIRECTION ( 'NONE',  ( 1.000000000000000000, 0.000000000000000000, 0.000000000000000000 ) ) ;
#945 = EDGE_CURVE ( 'NONE', #10355, #10587, #11812, .T. ) ;
#946 = VERTEX_POINT ( 'NONE', #12081 ) ;
#947 = LINE ( 'NONE', #7878, #4973 ) ;
#948 = PRESENTATION_STYLE_ASSIGNMENT (( #10758 ) ) ;
#949 = FACE_OUTER_BOUND ( 'NONE', #4068, .T. ) ;
#950 = EDGE_CURVE ( 'NONE', #12455, #5591, #367, .T. ) ;
#951 = LINE ( 'NONE', #3180, #10404 ) ;
#952 = CARTESIAN_POINT ( 'NONE',  ( -27.81999999999999673, -6.222539674441619262, -15.49999999999999645 ) ) ;
#953 = ORIENTED_EDGE ( 'NONE', *, *, #334, .F. ) ;
#954 = PLANE ( 'NONE',  #12544 ) ;
#955 = VECTOR ( 'NONE', #10975, 1000.000000000000000 ) ;
#956 = ORIENTED_EDGE ( 'NONE', *, *, #8692, .F. ) ;
#957 = FILL_AREA_STYLE_COLOUR ( '', #9277 ) ;
#958 = CARTESIAN_POINT ( 'NONE',  ( 37.70000000000032969, 0.000000000000000000, 15.69999999999999929 ) ) ;
#959 = CARTESIAN_POINT ( 'NONE',  ( 4.459999999999957332, 1.600000000000000089, -8.631984016460597151E-14 ) ) ;
#960 = ORIENTED_EDGE ( 'NONE', *, *, #9949, .F. ) ;
#961 = DIRECTION ( 'NONE',  ( 0.000000000000000000, 1.000000000000000000, 0.000000000000000000 ) ) ;
#962 = DIRECTION ( 'NONE',  ( 0.000000000000000000, 1.000000000000000000, -0.000000000000000000 ) ) ;
#963 = EDGE_CURVE ( 'NONE', #9611, #3025, #4230, .T. ) ;
#964 = LINE ( 'NONE', #11964, #5756 ) ;
#965 = AXIS2_PLACEMENT_3D ( 'NONE', #1867, #7819, #2978 ) ;
#966 = DIRECTION ( 'NONE',  ( 0.000000000000000000, 0.000000000000000000, -1.000000000000000000 ) ) ;
#967 = CARTESIAN_POINT ( 'NONE',  ( -13.31999999999999851, 0.000000000000000000, -18.00000000000000000 ) ) ;
#968 = VERTEX_POINT ( 'NONE', #3380 ) ;
#969 = CARTESIAN_POINT ( 'NONE',  ( -35.14292893218813418, 8.199999999999999289, 11.70000000000000107 ) ) ;
#970 = CIRCLE ( 'NONE', #9123, 0.8999999999999980238 ) ;
#971 = ORIENTED_EDGE ( 'NONE', *, *, #11347, .T. ) ;
#972 = LINE ( 'NONE', #7976, #9466 ) ;
#973 = CARTESIAN_POINT ( 'NONE',  ( -35.15000000000001279, 1.600000000000000089, 11.70000000000002416 ) ) ;
#974 = ORIENTED_EDGE ( 'NONE', *, *, #2999, .F. ) ;
#975 = CARTESIAN_POINT ( 'NONE',  ( 12.50000000000000355, 0.000000000000000000, -4.898587196589413026E-15 ) ) ;
#976 = AXIS2_PLACEMENT_3D ( 'NONE', #3182, #7298, #1091 ) ;
#977 = DIRECTION ( 'NONE',  ( 0.000000000000000000, 1.000000000000000000, -0.000000000000000000 ) ) ;
#978 = EDGE_CURVE ( 'NONE', #2698, #7605, #12219, .T. ) ;
#979 = CARTESIAN_POINT ( 'NONE',  ( -4.959999999999988418, -6.222539674441619262, -18.00000000000000000 ) ) ;
#980 = CIRCLE ( 'NONE', #11441, 0.5000000000000004441 ) ;
#981 = CYLINDRICAL_SURFACE ( 'NONE', #8343, 1.000000000000000000 ) ;
#982 = ORIENTED_EDGE ( 'NONE', *, *, #2339, .T. ) ;
#983 = DIRECTION ( 'NONE',  ( 0.000000000000000000, 0.000000000000000000, 1.000000000000000000 ) ) ;
#984 = VERTEX_POINT ( 'NONE', #1288 ) ;
#985 =( NAMED_UNIT ( * ) PLANE_ANGLE_UNIT ( ) SI_UNIT ( $, .RADIAN. ) );
#986 = EDGE_CURVE ( 'NONE', #2286, #10215, #1214, .T. ) ;
#987 = STYLED_ITEM ( 'NONE', ( #11353 ), #7763 ) ;
#988 = ORIENTED_EDGE ( 'NONE', *, *, #12113, .F. ) ;
#989 = ADVANCED_FACE ( 'NONE', ( #5080 ), #6061, .F. ) ;
#990 = ORIENTED_EDGE ( 'NONE', *, *, #6969, .T. ) ;
#991 = CARTESIAN_POINT ( 'NONE',  ( 35.07861928812542374, 8.303342918701954289, 11.67664308237667115 ) ) ;
#992 = AXIS2_PLACEMENT_3D ( 'NONE', #8597, #7743, #5767 ) ;
#993 = DIRECTION ( 'NONE',  ( 0.000000000000000000, 0.000000000000000000, 1.000000000000000000 ) ) ;
#994 = ORIENTED_EDGE ( 'NONE', *, *, #12397, .F. ) ;
#995 = DIRECTION ( 'NONE',  ( 0.000000000000000000, 1.000000000000000000, -0.000000000000000000 ) ) ;
#996 = FACE_OUTER_BOUND ( 'NONE', #11561, .T. ) ;
#997 = EDGE_LOOP ( 'NONE', ( #445, #12195, #6276, #2371 ) ) ;
#998 = PLANE ( 'NONE',  #11457 ) ;
#999 = EDGE_CURVE ( 'NONE', #9293, #12842, #9766, .T. ) ;
#1000 = AXIS2_PLACEMENT_3D ( 'NONE', #8290, #2723, #5786 ) ;
#1001 = AXIS2_PLACEMENT_3D ( 'NONE', #539, #12453, #3482 ) ;
#1002 = DIRECTION ( 'NONE',  ( -0.000000000000000000, -0.000000000000000000, -1.000000000000000000 ) ) ;
#1003 = VECTOR ( 'NONE', #7137, 1000.000000000000000 ) ;
#1004 = EDGE_CURVE ( 'NONE', #10611, #7480, #7103, .T. ) ;
#1005 = FACE_OUTER_BOUND ( 'NONE', #2350, .T. ) ;
#1006 = VECTOR ( 'NONE', #5043, 1000.000000000000000 ) ;
#1007 = ORIENTED_EDGE ( 'NONE', *, *, #10274, .T. ) ;
#1008 = CARTESIAN_POINT ( 'NONE',  ( -17.66000000000000014, -6.222539674441619262, -15.49999999999999645 ) ) ;
#1009 = ORIENTED_EDGE ( 'NONE', *, *, #5172, .T. ) ;
#1010 = EDGE_LOOP ( 'NONE', ( #2103, #9209 ) ) ;
#1011 = AXIS2_PLACEMENT_3D ( 'NONE', #5769, #9752, #807 ) ;
#1012 = ORIENTED_EDGE ( 'NONE', *, *, #5060, .F. ) ;
#1013 = CARTESIAN_POINT ( 'NONE',  ( -2.419999999999991491, 0.000000000000000000, -18.00000000000000000 ) ) ;
#1014 = DIRECTION ( 'NONE',  ( -0.000000000000000000, 1.000000000000000000, -0.000000000000000000 ) ) ;
#1015 = ORIENTED_EDGE ( 'NONE', *, *, #3712, .F. ) ;
#1016 = CARTESIAN_POINT ( 'NONE',  ( 4.460000000000005294, 1.600000000000000089, -18.00000000000000000 ) ) ;
#1017 = AXIS2_PLACEMENT_3D ( 'NONE', #314, #5477, #4435 ) ;
#1018 = ORIENTED_EDGE ( 'NONE', *, *, #607, .T. ) ;
#1019 = CIRCLE ( 'NONE', #2685, 0.8999999999999980238 ) ;
#1020 = EDGE_CURVE ( 'NONE', #4684, #5267, #103, .T. ) ;
#1021 = DIRECTION ( 'NONE',  ( 1.000000000000000000, -0.000000000000000000, 2.775557561562888984E-15 ) ) ;
#1022 = DIRECTION ( 'NONE',  ( 0.000000000000000000, -1.000000000000000000, 0.000000000000000000 ) ) ;
#1023 = AXIS2_PLACEMENT_3D ( 'NONE', #4271, #3159, #1633 ) ;
#1024 = CARTESIAN_POINT ( 'NONE',  ( 0.1200000000000020495, 0.000000000000000000, -18.00000000000000000 ) ) ;
#1025 = AXIS2_PLACEMENT_3D ( 'NONE', #2658, #11263, #1616 ) ;
#1026 = ORIENTED_EDGE ( 'NONE', *, *, #8097, .T. ) ;
#1027 = DIRECTION ( 'NONE',  ( 2.965339275174023124E-16, 0.000000000000000000, -1.000000000000000000 ) ) ;
#1028 = EDGE_CURVE ( 'NONE', #9894, #8361, #11033, .T. ) ;
#1029 = CIRCLE ( 'NONE', #10662, 2.200000000000000622 ) ;
#1030 = VERTEX_POINT ( 'NONE', #1152 ) ;
#1031 = CARTESIAN_POINT ( 'NONE',  ( -35.15000000000001990, 8.991879477924548553E-14, -3.749999999999997780 ) ) ;
#1032 = ADVANCED_FACE ( 'NONE', ( #4090 ), #8356, .T. ) ;
#1033 = DIRECTION ( 'NONE',  ( -5.944228223417378173E-31, 2.312964634635742957E-16, 1.000000000000000000 ) ) ;
#1034 = VERTEX_POINT ( 'NONE', #10041 ) ;
#1035 = VECTOR ( 'NONE', #9738, 1000.000000000000000 ) ;
#1036 = B_SPLINE_SURFACE_WITH_KNOTS ( 'NONE', 1, 3, ( 
 ( #2528, #10499, #2581, #5654, #9629, #4664 ),
 ( #5527, #8654, #4542, #12725, #12646, #11605 ),
 ( #10689, #1727, #9500, #549, #7487, #11555 ),
 ( #4609, #8537, #4806, #12537, #5712, #6560 ) ),
 .UNSPECIFIED., .F., .F., .F.,
 ( 2, 1, 1, 2 ),
 ( 4, 2, 4 ),
 ( -0.01000000000000000021, 0.000000000000000000, 1.000000000000000000, 1.010099999999999998 ),
 ( 0.000000000000000000, 0.5000000000000000000, 1.000000000000000000 ),
 .UNSPECIFIED. ) ;
#1037 = AXIS2_PLACEMENT_3D ( 'NONE', #12084, #10102, #4362 ) ;
#1038 = CARTESIAN_POINT ( 'NONE',  ( 34.95000000000000284, 8.600000000000001421, -11.50000000000000000 ) ) ;
#1039 = LINE ( 'NONE', #6773, #2735 ) ;
#1040 = AXIS2_PLACEMENT_3D ( 'NONE', #1904, #4913, #11851 ) ;
#1041 = CARTESIAN_POINT ( 'NONE',  ( -33.64999999999999858, 8.500000000000000000, 10.07500000000000462 ) ) ;
#1042 = DIRECTION ( 'NONE',  ( 0.000000000000000000, 0.000000000000000000, -1.000000000000000000 ) ) ;
#1043 = VECTOR ( 'NONE', #7695, 1000.000000000000000 ) ;
#1044 = CARTESIAN_POINT ( 'NONE',  ( 35.01430964406271329, 8.556890761443925797, -11.70879466350531217 ) ) ;
#1045 = CIRCLE ( 'NONE', #624, 2.199999999999998845 ) ;
#1046 = ORIENTED_EDGE ( 'NONE', *, *, #10064, .F. ) ;
#1047 = CARTESIAN_POINT ( 'NONE',  ( 30.48000000000000043, -6.222539674441619262, -18.00000000000000000 ) ) ;
#1048 = ORIENTED_EDGE ( 'NONE', *, *, #12625, .F. ) ;
#1049 = AXIS2_PLACEMENT_3D ( 'NONE', #8277, #2333, #5205 ) ;
#1050 = CARTESIAN_POINT ( 'NONE',  ( -21.83999999999999986, 1.600000000000000089, -14.59999999999999787 ) ) ;
#1051 = LINE ( 'NONE', #12830, #8319 ) ;
#1052 = ORIENTED_EDGE ( 'NONE', *, *, #4517, .T. ) ;
#1053 = CIRCLE ( 'NONE', #3776, 0.8999999999999980238 ) ;
#1054 = LINE ( 'NONE', #4968, #4827 ) ;
#1055 = DIRECTION ( 'NONE',  ( 0.000000000000000000, 0.000000000000000000, 1.000000000000000000 ) ) ;
#1056 = DIRECTION ( 'NONE',  ( 0.000000000000000000, 0.000000000000000000, -1.000000000000000000 ) ) ;
#1057 = AXIS2_PLACEMENT_3D ( 'NONE', #2116, #8004, #10954 ) ;
#1058 = VECTOR ( 'NONE', #10865, 1000.000000000000000 ) ;
#1059 = DIRECTION ( 'NONE',  ( 0.000000000000000000, 0.000000000000000000, 1.000000000000000000 ) ) ;
#1060 = ORIENTED_EDGE ( 'NONE', *, *, #2202, .F. ) ;
#1061 = CARTESIAN_POINT ( 'NONE',  ( 12.70000000000000107, 1.600000000000000089, -18.00000000000000000 ) ) ;
#1062 = EDGE_CURVE ( 'NONE', #4491, #3708, #1183, .T. ) ;
#1063 = ORIENTED_EDGE ( 'NONE', *, *, #3721, .T. ) ;
#1064 = CARTESIAN_POINT ( 'NONE',  ( 35.11070869979882758, 8.251936197537249384, 11.69797999999999938 ) ) ;
#1065 = CARTESIAN_POINT ( 'NONE',  ( 34.95000000000000284, 8.199999999999999289, 11.50000000000002487 ) ) ;
#1066 = EDGE_LOOP ( 'NONE', ( #11077, #7735 ) ) ;
#1067 = AXIS2_PLACEMENT_3D ( 'NONE', #7968, #11963, #56 ) ;
#1068 = CARTESIAN_POINT ( 'NONE',  ( 35.15000000000000568, 6.200000000000047251, -4.250000000000000000 ) ) ;
#1069 = FACE_OUTER_BOUND ( 'NONE', #259, .T. ) ;
#1070 = DIRECTION ( 'NONE',  ( 0.000000000000000000, 1.000000000000000000, 0.000000000000000000 ) ) ;
#1071 = ORIENTED_EDGE ( 'NONE', *, *, #10301, .F. ) ;
#1072 = CARTESIAN_POINT ( 'NONE',  ( -23.48000000000000043, 1.600000000000000089, -15.49999999999999645 ) ) ;
#1073 = DIRECTION ( 'NONE',  ( 0.000000000000000000, 1.000000000000000000, 0.000000000000000000 ) ) ;
#1074 = EDGE_CURVE ( 'NONE', #10894, #1835, #6318, .T. ) ;
#1075 = CARTESIAN_POINT ( 'NONE',  ( 40.00000000000000000, 0.000000000000000000, 18.00000000000000000 ) ) ;
#1076 = LINE ( 'NONE', #7350, #571 ) ;
#1077 = SURFACE_STYLE_FILL_AREA ( #6302 ) ;
#1078 = ORIENTED_EDGE ( 'NONE', *, *, #5788, .F. ) ;
#1079 = ORIENTED_EDGE ( 'NONE', *, *, #9319, .T. ) ;
#1080 = ORIENTED_EDGE ( 'NONE', *, *, #7044, .T. ) ;
#1081 = CARTESIAN_POINT ( 'NONE',  ( -11.67999999999999972, -6.222539674441619262, -15.49999999999999645 ) ) ;
#1082 = CARTESIAN_POINT ( 'NONE',  ( 34.95000000000000995, 8.400000000000000355, 2.072772153346642720E-14 ) ) ;
#1083 = ORIENTED_EDGE ( 'NONE', *, *, #6379, .F. ) ;
#1084 = CARTESIAN_POINT ( 'NONE',  ( 35.12869423227496668, 8.304061888614167941, 11.62887356333951772 ) ) ;
#1085 = EDGE_CURVE ( 'NONE', #12734, #1982, #6807, .T. ) ;
#1086 = ORIENTED_EDGE ( 'NONE', *, *, #10153, .T. ) ;
#1087 = CARTESIAN_POINT ( 'NONE',  ( -37.70000000000000284, -6.222539674441619262, -17.09999999999999432 ) ) ;
#1088 = DIRECTION ( 'NONE',  ( 0.000000000000000000, 1.000000000000000000, 0.000000000000000000 ) ) ;
#1089 = CARTESIAN_POINT ( 'NONE',  ( 37.70000000000032969, 0.000000000000000000, 15.69999999999999929 ) ) ;
#1090 = FACE_OUTER_BOUND ( 'NONE', #9458, .T. ) ;
#1091 = DIRECTION ( 'NONE',  ( 0.000000000000000000, -1.000000000000000000, -2.478176394252935635E-16 ) ) ;
#1092 = ORIENTED_EDGE ( 'NONE', *, *, #4277, .T. ) ;
#1093 = LINE ( 'NONE', #2981, #2705 ) ;
#1094 = ORIENTED_EDGE ( 'NONE', *, *, #8429, .F. ) ;
#1095 = ADVANCED_FACE ( 'NONE', ( #9205 ), #2064, .F. ) ;
#1096 = PLANE ( 'NONE',  #7454 ) ;
#1097 = LINE ( 'NONE', #959, #6198 ) ;
#1098 = AXIS2_PLACEMENT_3D ( 'NONE', #4113, #1307, #5158 ) ;
#1099 = ORIENTED_EDGE ( 'NONE', *, *, #1330, .T. ) ;
#1100 = EDGE_CURVE ( 'NONE', #6991, #7595, #5992, .T. ) ;
#1101 = ADVANCED_FACE ( 'NONE', ( #2262 ), #4293, .T. ) ;
#1102 =( NAMED_UNIT ( * ) SI_UNIT ( $, .STERADIAN. ) SOLID_ANGLE_UNIT ( ) );
#1103 = CARTESIAN_POINT ( 'NONE',  ( -1.060660171779823635, -16.60000000000000497, 10.68933982822018436 ) ) ;
#1104 = EDGE_CURVE ( 'NONE', #3607, #7227, #11302, .T. ) ;
#1105 = CARTESIAN_POINT ( 'NONE',  ( 34.10000000000000142, 8.500000000000000000, -9.625000000000003553 ) ) ;
#1106 = CIRCLE ( 'NONE', #11345, 0.5000000000000004441 ) ;
#1107 = DIRECTION ( 'NONE',  ( 0.000000000000000000, -1.000000000000000000, 0.000000000000000000 ) ) ;
#1108 = DIRECTION ( 'NONE',  ( 2.775557561562888984E-15, 0.000000000000000000, -1.000000000000000000 ) ) ;
#1109 = ADVANCED_FACE ( 'NONE', ( #2399 ), #2586, .F. ) ;
#1110 = ORIENTED_EDGE ( 'NONE', *, *, #8122, .F. ) ;
#1111 = ORIENTED_EDGE ( 'NONE', *, *, #6949, .T. ) ;
#1112 = CARTESIAN_POINT ( 'NONE',  ( -0.9899494936611747953, 0.000000000000000000, -12.88137084989847736 ) ) ;
#1113 = DIRECTION ( 'NONE',  ( 0.000000000000000000, 1.000000000000000000, 0.000000000000000000 ) ) ;
#1114 = ORIENTED_EDGE ( 'NONE', *, *, #5380, .F. ) ;
#1115 = CYLINDRICAL_SURFACE ( 'NONE', #8380, 1.399999999999995026 ) ;
#1116 = EDGE_CURVE ( 'NONE', #4821, #6917, #4947, .T. ) ;
#1117 = CARTESIAN_POINT ( 'NONE',  ( -19.29999999999999716, 1.600000000000000089, -15.49999999999999645 ) ) ;
#1118 = CARTESIAN_POINT ( 'NONE',  ( -21.83999999999999986, 0.000000000000000000, -15.49999999999999645 ) ) ;
#1119 = ADVANCED_FACE ( 'NONE', ( #2532 ), #552, .F. ) ;
#1120 = CARTESIAN_POINT ( 'NONE',  ( -18.40000000000004121, -6.222539674441619262, -8.631984016460597151E-14 ) ) ;
#1121 = EDGE_CURVE ( 'NONE', #1839, #9667, #4614, .T. ) ;
#1122 = ORIENTED_EDGE ( 'NONE', *, *, #9479, .F. ) ;
#1123 = LINE ( 'NONE', #5175, #6423 ) ;
#1124 = DIRECTION ( 'NONE',  ( -0.000000000000000000, 1.000000000000000000, -0.000000000000000000 ) ) ;
#1125 = ORIENTED_EDGE ( 'NONE', *, *, #9550, .F. ) ;
#1126 = CARTESIAN_POINT ( 'NONE',  ( 34.98223735510389076, 8.599999999999999645, 11.60498854351901166 ) ) ;
#1127 = CARTESIAN_POINT ( 'NONE',  ( 6.100000000000001421, -6.222539674441619262, -15.49999999999999645 ) ) ;
#1128 = ORIENTED_EDGE ( 'NONE', *, *, #8762, .T. ) ;
#1129 = DIRECTION ( 'NONE',  ( -1.000000000000000000, -0.000000000000000000, -0.000000000000000000 ) ) ;
#1130 = CARTESIAN_POINT ( 'NONE',  ( -10.04000000000003823, 0.000000000000000000, -9.131584377541916332E-14 ) ) ;
#1131 = ORIENTED_EDGE ( 'NONE', *, *, #3329, .F. ) ;
#1132 = DIRECTION ( 'NONE',  ( -0.7071067811865344721, -0.000000000000000000, -0.7071067811865605623 ) ) ;
#1133 = ADVANCED_FACE ( 'NONE', ( #12543, #11558 ), #7368, .T. ) ;
#1134 = DIRECTION ( 'NONE',  ( 1.000000000000000000, 0.000000000000000000, -0.000000000000000000 ) ) ;
#1135 = ADVANCED_FACE ( 'NONE', ( #681 ), #10625, .T. ) ;
#1136 = CARTESIAN_POINT ( 'NONE',  ( 40.00000000000000000, 0.000000000000000000, -18.00000000000000000 ) ) ;
#1137 = PLANE ( 'NONE',  #12060 ) ;
#1138 = FILL_AREA_STYLE ('',( #6106 ) ) ;
#1139 = EDGE_LOOP ( 'NONE', ( #3562, #7833, #12359, #3012 ) ) ;
#1140 = ORIENTED_EDGE ( 'NONE', *, *, #9027, .F. ) ;
#1141 = EDGE_LOOP ( 'NONE', ( #7165, #6079, #7356, #8384, #1012, #5328, #5180, #3961, #1276, #11193 ) ) ;
#1142 = PLANE ( 'NONE',  #11711 ) ;
#1143 = DIRECTION ( 'NONE',  ( 0.000000000000000000, 1.000000000000000000, -0.000000000000000000 ) ) ;
#1144 = ORIENTED_EDGE ( 'NONE', *, *, #7138, .T. ) ;
#1145 = PLANE ( 'NONE',  #1325 ) ;
#1146 = CARTESIAN_POINT ( 'NONE',  ( -20.19999999999999574, 1.600000000000000089, -18.00000000000000000 ) ) ;
#1147 = ORIENTED_EDGE ( 'NONE', *, *, #6263, .T. ) ;
#1148 = FILL_AREA_STYLE ('',( #10095 ) ) ;
#1149 = FACE_OUTER_BOUND ( 'NONE', #1258, .T. ) ;
#1150 = CARTESIAN_POINT ( 'NONE',  ( -37.70000000000000284, 1.600000000000000089, -15.69999999999999929 ) ) ;
#1151 = ADVANCED_FACE ( 'NONE', ( #7426 ), #10369, .F. ) ;
#1152 = CARTESIAN_POINT ( 'NONE',  ( -25.27999999999999758, 0.000000000000000000, -15.49999999999999645 ) ) ;
#1153 = EDGE_LOOP ( 'NONE', ( #2028, #7788, #11290, #10952 ) ) ;
#1154 = CARTESIAN_POINT ( 'NONE',  ( 35.15000000000000568, 5.699999999999991296, 11.69292893218813667 ) ) ;
#1155 = EDGE_LOOP ( 'NONE', ( #20, #2696, #7373, #925 ) ) ;
#1156 = CARTESIAN_POINT ( 'NONE',  ( 7.000000000000006217, -6.222539674441619262, -18.00000000000000000 ) ) ;
#1157 = FACE_BOUND ( 'NONE', #12914, .T. ) ;
#1158 = ADVANCED_FACE ( 'NONE', ( #12650 ), #8541, .T. ) ;
#1159 = LINE ( 'NONE', #12959, #7888 ) ;
#1160 = FACE_OUTER_BOUND ( 'NONE', #6123, .T. ) ;
#1161 = CYLINDRICAL_SURFACE ( 'NONE', #5970, 1.000000000000000000 ) ;
#1162 = LINE ( 'NONE', #9138, #187 ) ;
#1163 = EDGE_CURVE ( 'NONE', #11013, #8987, #4429, .T. ) ;
#1164 = CARTESIAN_POINT ( 'NONE',  ( -40.00000000000000000, 1.600000000000000089, -18.00000000000000000 ) ) ;
#1165 = EDGE_CURVE ( 'NONE', #5875, #8009, #5586, .T. ) ;
#1166 = ORIENTED_EDGE ( 'NONE', *, *, #1473, .F. ) ;
#1167 = DIRECTION ( 'NONE',  ( 0.000000000000000000, 0.000000000000000000, -1.000000000000000000 ) ) ;
#1168 = ORIENTED_EDGE ( 'NONE', *, *, #12161, .F. ) ;
#1169 = CARTESIAN_POINT ( 'NONE',  ( -32.00000000000000000, 0.000000000000000000, -14.59999999999999787 ) ) ;
#1170 = AXIS2_PLACEMENT_3D ( 'NONE', #12369, #12096, #3391 ) ;
#1171 = FACE_OUTER_BOUND ( 'NONE', #1010, .T. ) ;
#1172 = ORIENTED_EDGE ( 'NONE', *, *, #7646, .F. ) ;
#1173 = CARTESIAN_POINT ( 'NONE',  ( 33.64999999999999858, 8.500000000000000000, 9.625000000000003553 ) ) ;
#1174 = DIRECTION ( 'NONE',  ( 0.000000000000000000, 0.000000000000000000, -1.000000000000000000 ) ) ;
#1175 = CARTESIAN_POINT ( 'NONE',  ( -6.599999999999997868, 1.600000000000000089, -14.59999999999999787 ) ) ;
#1176 = CARTESIAN_POINT ( 'NONE',  ( 3.560000000000000497, -6.222539674441619262, -15.99999999999999645 ) ) ;
#1177 = AXIS2_PLACEMENT_3D ( 'NONE', #2543, #1611, #11567 ) ;
#1178 = VECTOR ( 'NONE', #4706, 1000.000000000000000 ) ;
#1179 = CIRCLE ( 'NONE', #12041, 1.000000000000001776 ) ;
#1180 = ADVANCED_FACE ( 'NONE', ( #1411 ), #6511, .T. ) ;
#1181 = ORIENTED_EDGE ( 'NONE', *, *, #11505, .F. ) ;
#1182 = FACE_OUTER_BOUND ( 'NONE', #6112, .T. ) ;
#1183 = CIRCLE ( 'NONE', #4142, 0.8999999999999980238 ) ;
#1184 = VERTEX_POINT ( 'NONE', #7619 ) ;
#1185 = CARTESIAN_POINT ( 'NONE',  ( 22.86000000000000298, 0.000000000000000000, -18.00000000000000000 ) ) ;
#1186 =( LENGTH_UNIT ( ) NAMED_UNIT ( * ) SI_UNIT ( .MILLI., .METRE. ) );
#1187 = ORIENTED_EDGE ( 'NONE', *, *, #9071, .T. ) ;
#1188 = DIRECTION ( 'NONE',  ( 0.000000000000000000, 0.000000000000000000, 1.000000000000000000 ) ) ;
#1189 = LINE ( 'NONE', #1130, #4340 ) ;
#1190 = ORIENTED_EDGE ( 'NONE', *, *, #1406, .T. ) ;
#1191 = AXIS2_PLACEMENT_3D ( 'NONE', #1896, #11124, #9084 ) ;
#1192 = CARTESIAN_POINT ( 'NONE',  ( -20.19999999999999574, 0.000000000000000000, -18.00000000000000000 ) ) ;
#1193 = VECTOR ( 'NONE', #6816, 1000.000000000000000 ) ;
#1194 = CARTESIAN_POINT ( 'NONE',  ( -34.10000000000000142, 8.500000000000000000, 9.525000000000002132 ) ) ;
#1195 = VECTOR ( 'NONE', #1527, 1000.000000000000000 ) ;
#1196 = CARTESIAN_POINT ( 'NONE',  ( -0.6200000000000025491, 1.600000000000000089, -15.49999999999999645 ) ) ;
#1197 = DIRECTION ( 'NONE',  ( 1.000000000000000000, -2.569960705151068762E-15, -1.081882364577109843E-31 ) ) ;
#1198 = VECTOR ( 'NONE', #12570, 1000.000000000000000 ) ;
#1199 = ORIENTED_EDGE ( 'NONE', *, *, #10502, .T. ) ;
#1200 = VERTEX_POINT ( 'NONE', #5529 ) ;
#1201 = EDGE_LOOP ( 'NONE', ( #9270, #8452, #11745, #11697 ) ) ;
#1202 = LINE ( 'NONE', #5268, #10218 ) ;
#1203 = FACE_OUTER_BOUND ( 'NONE', #4811, .T. ) ;
#1204 = ORIENTED_EDGE ( 'NONE', *, *, #2945, .T. ) ;
#1205 = STYLED_ITEM ( 'NONE', ( #4560 ), #12185 ) ;
#1206 = DIRECTION ( 'NONE',  ( -0.000000000000000000, 1.000000000000000000, -0.000000000000000000 ) ) ;
#1207 = STYLED_ITEM ( 'NONE', ( #3583 ), #11310 ) ;
#1208 = CARTESIAN_POINT ( 'NONE',  ( 37.70000000000000284, 1.600000000000000089, -17.89999999999999858 ) ) ;
#1209 = VERTEX_POINT ( 'NONE', #11607 ) ;
#1210 = AXIS2_PLACEMENT_3D ( 'NONE', #2866, #6010, #6855 ) ;
#1211 = CARTESIAN_POINT ( 'NONE',  ( -30.35999999999999943, 1.600000000000000089, -15.49999999999999645 ) ) ;
#1212 = CIRCLE ( 'NONE', #11652, 1.000000000000001776 ) ;
#1213 = CARTESIAN_POINT ( 'NONE',  ( 0.000000000000000000, 4.319902142920090536E-14, -11.90000000000003055 ) ) ;
#1214 = LINE ( 'NONE', #5138, #8909 ) ;
#1215 = AXIS2_PLACEMENT_3D ( 'NONE', #9572, #2821, #10810 ) ;
#1216 = ORIENTED_EDGE ( 'NONE', *, *, #865, .T. ) ;
#1217 = CARTESIAN_POINT ( 'NONE',  ( 4.459999999999999076, 1.600000000000000089, -15.49999999999999645 ) ) ;
#1218 = CIRCLE ( 'NONE', #11251, 0.5000000000000004441 ) ;
#1219 = EDGE_LOOP ( 'NONE', ( #12779, #1125, #8182, #12379 ) ) ;
#1220 = CIRCLE ( 'NONE', #1643, 1.399999999999996803 ) ;
#1221 = ADVANCED_FACE ( 'NONE', ( #9394 ), #2641, .T. ) ;
#1222 = DIRECTION ( 'NONE',  ( -0.000000000000000000, 1.000000000000000000, -0.000000000000000000 ) ) ;
#1223 = VECTOR ( 'NONE', #11720, 1000.000000000000000 ) ;
#1224 = CARTESIAN_POINT ( 'NONE',  ( 35.11046488354881490, 8.252863412218349737, -11.70000000000000107 ) ) ;
#1225 = EDGE_CURVE ( 'NONE', #6917, #2309, #5657, .T. ) ;
#1226 = ORIENTED_EDGE ( 'NONE', *, *, #6915, .T. ) ;
#1227 = VECTOR ( 'NONE', #11139, 1000.000000000000000 ) ;
#1228 = CARTESIAN_POINT ( 'NONE',  ( 35.30674511696196305, 8.408981756223806059, -11.62854716866213423 ) ) ;
#1229 = DIRECTION ( 'NONE',  ( 1.000000000000000000, 0.000000000000000000, 0.000000000000000000 ) ) ;
#1230 = AXIS2_PLACEMENT_3D ( 'NONE', #10217, #6298, #8328 ) ;
#1231 = DIRECTION ( 'NONE',  ( 2.775557561562888984E-15, 0.000000000000000000, -1.000000000000000000 ) ) ;
#1232 = VECTOR ( 'NONE', #12260, 1000.000000000000000 ) ;
#1233 = LINE ( 'NONE', #9076, #12705 ) ;
#1234 = ADVANCED_FACE ( 'NONE', ( #499 ), #4487, .T. ) ;
#1235 = VERTEX_POINT ( 'NONE', #3955 ) ;
#1236 = EDGE_CURVE ( 'NONE', #9898, #5526, #6638, .T. ) ;
#1237 = ORIENTED_EDGE ( 'NONE', *, *, #4473, .F. ) ;
#1238 = CARTESIAN_POINT ( 'NONE',  ( -32.00000000000000000, 1.600000000000000089, -15.49999999999999645 ) ) ;
#1239 = VECTOR ( 'NONE', #6268, 1000.000000000000000 ) ;
#1240 = ORIENTED_EDGE ( 'NONE', *, *, #7646, .T. ) ;
#1241 = EDGE_LOOP ( 'NONE', ( #1114, #6950, #1324, #10840 ) ) ;
#1242 = CIRCLE ( 'NONE', #3340, 0.4500000000000007327 ) ;
#1243 = DIRECTION ( 'NONE',  ( 0.000000000000000000, 0.000000000000000000, -1.000000000000000000 ) ) ;
#1244 = CARTESIAN_POINT ( 'NONE',  ( -35.35000000000000142, 8.199999999999999289, 11.69292893218813667 ) ) ;
#1245 = ORIENTED_EDGE ( 'NONE', *, *, #12113, .T. ) ;
#1246 = CARTESIAN_POINT ( 'NONE',  ( 6.100000000000001421, -6.222539674441619262, -14.99999999999999822 ) ) ;
#1247 = ADVANCED_FACE ( 'NONE', ( #935 ), #1785, .F. ) ;
#1248 = CYLINDRICAL_SURFACE ( 'NONE', #12941, 0.4999999999999987232 ) ;
#1249 = VECTOR ( 'NONE', #3795, 1000.000000000000000 ) ;
#1250 = DIRECTION ( 'NONE',  ( -0.000000000000000000, 1.000000000000000000, -0.000000000000000000 ) ) ;
#1251 = CIRCLE ( 'NONE', #3550, 0.2000000000000005107 ) ;
#1252 = LINE ( 'NONE', #8246, #1454 ) ;
#1253 = PRESENTATION_LAYER_ASSIGNMENT (  '', '', ( #11502 ) ) ;
#1254 = LINE ( 'NONE', #9292, #610 ) ;
#1255 = ORIENTED_EDGE ( 'NONE', *, *, #11399, .F. ) ;
#1256 = LINE ( 'NONE', #6148, #4352 ) ;
#1257 = EDGE_CURVE ( 'NONE', #4171, #6055, #11865, .T. ) ;
#1258 = EDGE_LOOP ( 'NONE', ( #8951, #4886, #12222, #9234 ) ) ;
#1259 = CARTESIAN_POINT ( 'NONE',  ( -33.79999999999999005, 6.899999999999999467, 6.250000000000006217 ) ) ;
#1260 = DIRECTION ( 'NONE',  ( -0.000000000000000000, 1.000000000000000000, -0.000000000000000000 ) ) ;
#1261 = ORIENTED_EDGE ( 'NONE', *, *, #12151, .T. ) ;
#1262 = DIRECTION ( 'NONE',  ( -0.000000000000000000, 1.000000000000000000, -0.000000000000000000 ) ) ;
#1263 = EDGE_CURVE ( 'NONE', #946, #10889, #9889, .T. ) ;
#1264 = DIRECTION ( 'NONE',  ( -0.000000000000000000, 0.000000000000000000, 1.000000000000000000 ) ) ;
#1265 = VERTEX_POINT ( 'NONE', #5773 ) ;
#1266 = VECTOR ( 'NONE', #11428, 1000.000000000000000 ) ;
#1267 = CARTESIAN_POINT ( 'NONE',  ( 35.12844538072196343, 8.304397331752655376, 11.62861928812542622 ) ) ;
#1268 = EDGE_CURVE ( 'NONE', #6309, #9282, #4923, .T. ) ;
#1269 = CARTESIAN_POINT ( 'NONE',  ( -34.79999999999999005, 7.399999999999999467, 6.250000000000006217 ) ) ;
#1270 = EDGE_CURVE ( 'NONE', #2303, #12850, #9567, .T. ) ;
#1271 = LINE ( 'NONE', #10141, #3707 ) ;
#1272 = SURFACE_SIDE_STYLE ('',( #11143 ) ) ;
#1273 = ORIENTED_EDGE ( 'NONE', *, *, #122, .T. ) ;
#1274 = CARTESIAN_POINT ( 'NONE',  ( 0.000000000000000000, 0.000000000000000000, 0.000000000000000000 ) ) ;
#1275 = AXIS2_PLACEMENT_3D ( 'NONE', #12620, #3534, #5681 ) ;
#1276 = ORIENTED_EDGE ( 'NONE', *, *, #12336, .F. ) ;
#1277 = ORIENTED_EDGE ( 'NONE', *, *, #986, .T. ) ;
#1278 = DIRECTION ( 'NONE',  ( -0.000000000000000000, 1.000000000000000000, -0.000000000000000000 ) ) ;
#1279 = CARTESIAN_POINT ( 'NONE',  ( -40.00000000000000000, 0.000000000000000000, -18.00000000000000000 ) ) ;
#1280 = ORIENTED_EDGE ( 'NONE', *, *, #9336, .T. ) ;
#1281 = DIRECTION ( 'NONE',  ( 0.000000000000000000, 1.000000000000000000, 0.000000000000000000 ) ) ;
#1282 = DIRECTION ( 'NONE',  ( -1.000000000000000000, 2.775557561563175735E-15, -0.000000000000000000 ) ) ;
#1283 = EDGE_LOOP ( 'NONE', ( #10817, #7182, #7927, #8972 ) ) ;
#1284 = DIRECTION ( 'NONE',  ( 0.000000000000000000, 1.000000000000000000, -0.000000000000000000 ) ) ;
#1285 = DIRECTION ( 'NONE',  ( 0.000000000000000000, 0.000000000000000000, -1.000000000000000000 ) ) ;
#1286 = CARTESIAN_POINT ( 'NONE',  ( -11.67999999999999972, 1.600000000000000089, -15.49999999999999645 ) ) ;
#1287 = CARTESIAN_POINT ( 'NONE',  ( -18.40000000000004121, 0.000000000000000000, -8.631984016460597151E-14 ) ) ;
#1288 = CARTESIAN_POINT ( 'NONE',  ( -37.69999999999967599, 0.000000000000000000, 14.30000000000000249 ) ) ;
#1289 = ORIENTED_EDGE ( 'NONE', *, *, #10406, .F. ) ;
#1290 = PLANE ( 'NONE',  #8143 ) ;
#1291 = ORIENTED_EDGE ( 'NONE', *, *, #2999, .T. ) ;
#1292 = ADVANCED_FACE ( 'NONE', ( #2772 ), #11799, .T. ) ;
#1293 = LINE ( 'NONE', #6515, #1402 ) ;
#1294 = DIRECTION ( 'NONE',  ( 0.000000000000000000, 1.000000000000000000, -0.000000000000000000 ) ) ;
#1295 = ORIENTED_EDGE ( 'NONE', *, *, #4108, .T. ) ;
#1296 = CARTESIAN_POINT ( 'NONE',  ( -10.03999999999999737, 0.000000000000000000, -18.00000000000000000 ) ) ;
#1297 = CARTESIAN_POINT ( 'NONE',  ( -6.599999999999997868, 1.600000000000000089, -14.59999999999999787 ) ) ;
#1298 = LINE ( 'NONE', #3392, #1239 ) ;
#1299 = LINE ( 'NONE', #6637, #5365 ) ;
#1300 = ORIENTED_EDGE ( 'NONE', *, *, #599, .T. ) ;
#1301 = EDGE_CURVE ( 'NONE', #11831, #9652, #12729, .T. ) ;
#1302 = VERTEX_POINT ( 'NONE', #6808 ) ;
#1303 = AXIS2_PLACEMENT_3D ( 'NONE', #7709, #1563, #5549 ) ;
#1304 = DIRECTION ( 'NONE',  ( 0.000000000000000000, 1.000000000000000000, 0.000000000000000000 ) ) ;
#1305 = ORIENTED_EDGE ( 'NONE', *, *, #6913, .F. ) ;
#1306 = EDGE_LOOP ( 'NONE', ( #10321, #10029, #5344, #12220 ) ) ;
#1307 = DIRECTION ( 'NONE',  ( 0.000000000000000000, 0.000000000000000000, -1.000000000000000000 ) ) ;
#1308 = VECTOR ( 'NONE', #2427, 1000.000000000000000 ) ;
#1309 = DIRECTION ( 'NONE',  ( 0.000000000000000000, 1.000000000000000000, -0.000000000000000000 ) ) ;
#1310 = EDGE_LOOP ( 'NONE', ( #5174, #354, #2143, #8785, #3826 ) ) ;
#1311 = CARTESIAN_POINT ( 'NONE',  ( -40.00000000000000000, 1.600000000000000089, -18.00000000000000000 ) ) ;
#1312 = ADVANCED_FACE ( 'NONE', ( #1005 ), #6752, .T. ) ;
#1313 = DIRECTION ( 'NONE',  ( 0.000000000000000000, 1.000000000000000000, 0.000000000000000000 ) ) ;
#1314 = LINE ( 'NONE', #10270, #4320 ) ;
#1315 = PLANE ( 'NONE',  #408 ) ;
#1316 = VERTEX_POINT ( 'NONE', #2715 ) ;
#1317 = LINE ( 'NONE', #10068, #4751 ) ;
#1318 = ORIENTED_EDGE ( 'NONE', *, *, #588, .F. ) ;
#1319 = DIRECTION ( 'NONE',  ( 1.000000000000000000, 0.000000000000000000, 0.000000000000000000 ) ) ;
#1320 = SURFACE_STYLE_USAGE ( .BOTH. , #11192 ) ;
#1321 = ORIENTED_EDGE ( 'NONE', *, *, #12023, .F. ) ;
#1322 = CARTESIAN_POINT ( 'NONE',  ( 35.14999999999999858, 8.199999999999999289, 11.69292893218813667 ) ) ;
#1323 = DIRECTION ( 'NONE',  ( 0.000000000000000000, 1.000000000000000000, 0.000000000000000000 ) ) ;
#1324 = ORIENTED_EDGE ( 'NONE', *, *, #3007, .F. ) ;
#1325 = AXIS2_PLACEMENT_3D ( 'NONE', #5130, #4223, #12210 ) ;
#1326 = CARTESIAN_POINT ( 'NONE',  ( -29.46000000000000085, 0.000000000000000000, -14.59999999999999787 ) ) ;
#1327 =( LENGTH_UNIT ( ) NAMED_UNIT ( * ) SI_UNIT ( .MILLI., .METRE. ) );
#1328 = EDGE_CURVE ( 'NONE', #8784, #4608, #10691, .T. ) ;
#1329 = SPHERICAL_SURFACE ( 'NONE', #3732, 0.2000000000000000111 ) ;
#1330 = EDGE_CURVE ( 'NONE', #12457, #12562, #4729, .T. ) ;
#1331 = DIRECTION ( 'NONE',  ( -0.000000000000000000, 1.000000000000000000, -0.000000000000000000 ) ) ;
#1332 = ORIENTED_EDGE ( 'NONE', *, *, #8906, .T. ) ;
#1333 = CARTESIAN_POINT ( 'NONE',  ( -0.6200000000000025491, 1.600000000000000089, -15.49999999999999645 ) ) ;
#1334 = ORIENTED_EDGE ( 'NONE', *, *, #9928, .F. ) ;
#1335 = ORIENTED_EDGE ( 'NONE', *, *, #5960, .T. ) ;
#1336 = FACE_OUTER_BOUND ( 'NONE', #11109, .T. ) ;
#1337 = FILL_AREA_STYLE ('',( #6308 ) ) ;
#1338 = ORIENTED_EDGE ( 'NONE', *, *, #7053, .F. ) ;
#1339 = CARTESIAN_POINT ( 'NONE',  ( 6.100000000000001421, -6.222539674441619262, -15.99999999999999645 ) ) ;
#1340 = LINE ( 'NONE', #9315, #11866 ) ;
#1341 = ORIENTED_EDGE ( 'NONE', *, *, #11798, .F. ) ;
#1342 = SURFACE_STYLE_USAGE ( .BOTH. , #12519 ) ;
#1343 = ADVANCED_FACE ( 'NONE', ( #2895 ), #6694, .T. ) ;
#1344 = STYLED_ITEM ( 'NONE', ( #426 ), #3446 ) ;
#1345 = DIRECTION ( 'NONE',  ( 0.000000000000000000, 0.000000000000000000, 1.000000000000000000 ) ) ;
#1346 = CARTESIAN_POINT ( 'NONE',  ( -33.79999999999999005, 8.400000000000000355, 7.250000000000006217 ) ) ;
#1347 = DIRECTION ( 'NONE',  ( -0.000000000000000000, 1.000000000000000000, -0.000000000000000000 ) ) ;
#1348 = ORIENTED_EDGE ( 'NONE', *, *, #4146, .T. ) ;
#1349 = FACE_OUTER_BOUND ( 'NONE', #2593, .T. ) ;
#1350 = EDGE_LOOP ( 'NONE', ( #10492, #3969, #11679, #4564 ) ) ;
#1351 = EDGE_CURVE ( 'NONE', #1474, #2402, #7748, .T. ) ;
#1352 = FACE_BOUND ( 'NONE', #518, .T. ) ;
#1353 = CARTESIAN_POINT ( 'NONE',  ( -35.15000000000000568, 82.49217232609667860, -11.50000000000002309 ) ) ;
#1354 = ORIENTED_EDGE ( 'NONE', *, *, #1506, .F. ) ;
#1355 = ADVANCED_FACE ( 'NONE', ( #12794 ), #4808, .F. ) ;
#1356 = LINE ( 'NONE', #10459, #12689 ) ;
#1357 = CARTESIAN_POINT ( 'NONE',  ( -35.14292893218813418, 8.200000000000001066, -11.70000000000000107 ) ) ;
#1358 = CARTESIAN_POINT ( 'NONE',  ( -32.00000000000000000, 0.000000000000000000, -14.59999999999999787 ) ) ;
#1359 = CARTESIAN_POINT ( 'NONE',  ( -2.419999999999991491, -6.222539674441619262, -18.00000000000000000 ) ) ;
#1360 = CARTESIAN_POINT ( 'NONE',  ( 1.020000000000000018, -6.222539674441619262, -15.49999999999999645 ) ) ;
#1361 = EDGE_LOOP ( 'NONE', ( #12128, #228, #10731, #3578 ) ) ;
#1362 = VERTEX_POINT ( 'NONE', #5852 ) ;
#1363 = DIRECTION ( 'NONE',  ( -0.000000000000000000, 1.000000000000000000, -0.000000000000000000 ) ) ;
#1364 = CARTESIAN_POINT ( 'NONE',  ( 6.999999999999999112, 0.000000000000000000, -15.49999999999999645 ) ) ;
#1365 = ORIENTED_EDGE ( 'NONE', *, *, #2771, .F. ) ;
#1366 = VERTEX_POINT ( 'NONE', #4868 ) ;
#1367 = EDGE_CURVE ( 'NONE', #3444, #9312, #1912, .T. ) ;
#1368 = FACE_OUTER_BOUND ( 'NONE', #1141, .T. ) ;
#1369 = CARTESIAN_POINT ( 'NONE',  ( -35.35000000000000853, 8.305643053176602564, 11.66049060601118192 ) ) ;
#1370 = EDGE_LOOP ( 'NONE', ( #939, #1332, #9449, #8867 ) ) ;
#1371 = CARTESIAN_POINT ( 'NONE',  ( 35.14798000000000400, 8.199999999999999289, -11.69292893218813667 ) ) ;
#1372 = DIRECTION ( 'NONE',  ( -0.7071067811865388020, 0.000000000000000000, -0.7071067811865563435 ) ) ;
#1373 = CARTESIAN_POINT ( 'NONE',  ( 38.10000000000000142, -6.222539674441619262, -18.00000000000000000 ) ) ;
#1374 = CARTESIAN_POINT ( 'NONE',  ( 0.000000000000000000, 4.319902142920038786E-14, 11.90000000000003055 ) ) ;
#1375 = LINE ( 'NONE', #6408, #3546 ) ;
#1376 = AXIS2_PLACEMENT_3D ( 'NONE', #11766, #57, #4044 ) ;
#1377 = ORIENTED_EDGE ( 'NONE', *, *, #8061, .T. ) ;
#1378 = CARTESIAN_POINT ( 'NONE',  ( -33.79999999999999005, 6.899999999999999467, 7.250000000000006217 ) ) ;
#1379 = DIRECTION ( 'NONE',  ( 0.000000000000000000, 1.000000000000000000, 0.000000000000000000 ) ) ;
#1380 = ADVANCED_FACE ( 'NONE', ( #5716 ), #11741, .F. ) ;
#1381 = ORIENTED_EDGE ( 'NONE', *, *, #4613, .F. ) ;
#1382 = PLANE ( 'NONE',  #9646 ) ;
#1383 = DIRECTION ( 'NONE',  ( 1.000000000000000000, 0.000000000000000000, 0.000000000000000000 ) ) ;
#1384 = VERTEX_POINT ( 'NONE', #286 ) ;
#1385 = CARTESIAN_POINT ( 'NONE',  ( 35.12664308237666688, 8.303342918701952513, 11.62861928812542622 ) ) ;
#1386 = LINE ( 'NONE', #7202, #7496 ) ;
#1387 = AXIS2_PLACEMENT_3D ( 'NONE', #1089, #364, #12354 ) ;
#1388 = CARTESIAN_POINT ( 'NONE',  ( -35.12845174216926836, 8.304477179455744817, 11.62858792438693634 ) ) ;
#1389 = EDGE_CURVE ( 'NONE', #9168, #7664, #6300, .T. ) ;
#1390 = DIRECTION ( 'NONE',  ( -0.7071067811865368036, 0.000000000000000000, -0.7071067811865583419 ) ) ;
#1391 = EDGE_CURVE ( 'NONE', #8839, #2736, #6852, .T. ) ;
#1392 = AXIS2_PLACEMENT_3D ( 'NONE', #9846, #6764, #7024 ) ;
#1393 = ORIENTED_EDGE ( 'NONE', *, *, #7746, .T. ) ;
#1394 = DIRECTION ( 'NONE',  ( 1.000000000000000000, 0.000000000000000000, 0.000000000000000000 ) ) ;
#1395 = ORIENTED_EDGE ( 'NONE', *, *, #4765, .F. ) ;
#1396 = ORIENTED_EDGE ( 'NONE', *, *, #2832, .T. ) ;
#1397 = PLANE ( 'NONE',  #418 ) ;
#1398 = VECTOR ( 'NONE', #12955, 1000.000000000000000 ) ;
#1399 = DIRECTION ( 'NONE',  ( 0.000000000000000000, 0.000000000000000000, -1.000000000000000000 ) ) ;
#1400 = ORIENTED_EDGE ( 'NONE', *, *, #337, .T. ) ;
#1401 = DIRECTION ( 'NONE',  ( 0.000000000000000000, 1.000000000000000000, 0.000000000000000000 ) ) ;
#1402 = VECTOR ( 'NONE', #12223, 1000.000000000000000 ) ;
#1403 = FACE_OUTER_BOUND ( 'NONE', #3432, .T. ) ;
#1404 = ORIENTED_EDGE ( 'NONE', *, *, #3333, .F. ) ;
#1405 = DIRECTION ( 'NONE',  ( 0.000000000000000000, 0.000000000000000000, 1.000000000000000000 ) ) ;
#1406 = EDGE_CURVE ( 'NONE', #6533, #11596, #10023, .T. ) ;
#1407 = EDGE_CURVE ( 'NONE', #24, #8626, #11253, .T. ) ;
#1408 = DIRECTION ( 'NONE',  ( 0.000000000000000000, 0.000000000000000000, 1.000000000000000000 ) ) ;
#1409 = CLOSED_SHELL ( 'NONE', ( #7686, #9717, #6725, #1961, #6069, #5407 ) ) ;
#1410 = CARTESIAN_POINT ( 'NONE',  ( 35.35000000000000853, 5.699999999999992184, 11.89999999999999858 ) ) ;
#1411 = FACE_OUTER_BOUND ( 'NONE', #4225, .T. ) ;
#1412 = CIRCLE ( 'NONE', #5996, 0.5000000000000004441 ) ;
#1413 = ORIENTED_EDGE ( 'NONE', *, *, #2603, .F. ) ;
#1414 = FACE_OUTER_BOUND ( 'NONE', #2833, .T. ) ;
#1415 = ORIENTED_EDGE ( 'NONE', *, *, #11431, .F. ) ;
#1416 = VECTOR ( 'NONE', #12367, 1000.000000000000000 ) ;
#1417 = FACE_OUTER_BOUND ( 'NONE', #2507, .T. ) ;
#1418 = AXIS2_PLACEMENT_3D ( 'NONE', #8250, #7065, #4260 ) ;
#1419 = CARTESIAN_POINT ( 'NONE',  ( -6.599999999999997868, 0.000000000000000000, -14.59999999999999787 ) ) ;
#1420 = ADVANCED_FACE ( 'NONE', ( #2109, #3223 ), #4213, .T. ) ;
#1421 = ORIENTED_EDGE ( 'NONE', *, *, #12443, .F. ) ;
#1422 = VECTOR ( 'NONE', #5963, 1000.000000000000000 ) ;
#1423 = AXIS2_PLACEMENT_3D ( 'NONE', #218, #1264, #1383 ) ;
#1424 = DIRECTION ( 'NONE',  ( -1.000000000000000000, -0.000000000000000000, -0.000000000000000000 ) ) ;
#1425 = CARTESIAN_POINT ( 'NONE',  ( -34.95000000000000284, 8.397979999999996892, -11.50000000000000178 ) ) ;
#1426 = CARTESIAN_POINT ( 'NONE',  ( -29.46000000000000085, 0.000000000000000000, -15.49999999999999645 ) ) ;
#1427 = CIRCLE ( 'NONE', #9561, 2.200000000000000622 ) ;
#1428 = ADVANCED_FACE ( 'NONE', ( #5260 ), #11994, .T. ) ;
#1429 = AXIS2_PLACEMENT_3D ( 'NONE', #166, #8861, #9058 ) ;
#1430 = FACE_OUTER_BOUND ( 'NONE', #6172, .T. ) ;
#1431 = AXIS2_PLACEMENT_3D ( 'NONE', #2281, #8099, #9218 ) ;
#1432 = ORIENTED_EDGE ( 'NONE', *, *, #5603, .F. ) ;
#1433 = CIRCLE ( 'NONE', #2472, 2.200000000000000622 ) ;
#1434 = EDGE_CURVE ( 'NONE', #2385, #2303, #5061, .T. ) ;
#1435 = VECTOR ( 'NONE', #9230, 1000.000000000000000 ) ;
#1436 = ORIENTED_EDGE ( 'NONE', *, *, #1770, .F. ) ;
#1437 = UNCERTAINTY_MEASURE_WITH_UNIT (LENGTH_MEASURE( 1.000000000000000082E-05 ), #12673, 'distance_accuracy_value', 'NONE');
#1438 = CARTESIAN_POINT ( 'NONE',  ( -37.70000000000000284, 1.600000000000000089, -15.69999999999999929 ) ) ;
#1439 = CARTESIAN_POINT ( 'NONE',  ( 4.459999999999999076, 1.600000000000000089, -18.00000000000000000 ) ) ;
#1440 = ORIENTED_EDGE ( 'NONE', *, *, #2391, .T. ) ;
#1441 = VERTEX_POINT ( 'NONE', #9046 ) ;
#1442 = VECTOR ( 'NONE', #1073, 1000.000000000000000 ) ;
#1443 = AXIS2_PLACEMENT_3D ( 'NONE', #9858, #3792, #653 ) ;
#1444 = CARTESIAN_POINT ( 'NONE',  ( -34.10000000000000142, 8.500000000000000000, -9.625000000000003553 ) ) ;
#1445 = AXIS2_PLACEMENT_3D ( 'NONE', #11541, #6547, #9548 ) ;
#1446 = CARTESIAN_POINT ( 'NONE',  ( 1.919999999999956408, -6.222539674441619262, -8.631984016460597151E-14 ) ) ;
#1447 = ORIENTED_EDGE ( 'NONE', *, *, #3556, .F. ) ;
#1448 = CARTESIAN_POINT ( 'NONE',  ( 34.95000000000000284, 8.397979999999996892, -11.50000000000000355 ) ) ;
#1449 = VECTOR ( 'NONE', #1681, 1000.000000000000000 ) ;
#1450 = PLANE ( 'NONE',  #6642 ) ;
#1451 = CIRCLE ( 'NONE', #3736, 0.8999999999999980238 ) ;
#1452 = LINE ( 'NONE', #6342, #2644 ) ;
#1453 = MECHANICAL_DESIGN_GEOMETRIC_PRESENTATION_REPRESENTATION (  '', ( #194 ), #9139 ) ;
#1454 = VECTOR ( 'NONE', #4199, 1000.000000000000000 ) ;
#1455 = DIRECTION ( 'NONE',  ( 1.000000000000000000, -0.000000000000000000, 2.775557561562888984E-15 ) ) ;
#1456 = AXIS2_PLACEMENT_3D ( 'NONE', #5393, #7415, #490 ) ;
#1457 = ORIENTED_EDGE ( 'NONE', *, *, #2085, .T. ) ;
#1458 = LINE ( 'NONE', #5447, #3805 ) ;
#1459 = CARTESIAN_POINT ( 'NONE',  ( -7.499999999999996447, 0.000000000000000000, -18.00000000000000000 ) ) ;
#1460 = ORIENTED_EDGE ( 'NONE', *, *, #3244, .T. ) ;
#1461 = AXIS2_PLACEMENT_3D ( 'NONE', #4200, #10273, #2155 ) ;
#1462 = LINE ( 'NONE', #5450, #11962 ) ;
#1463 = DIRECTION ( 'NONE',  ( -0.000000000000000000, 1.000000000000000000, -0.000000000000000000 ) ) ;
#1464 = EDGE_LOOP ( 'NONE', ( #2965, #5691, #12928, #6953 ) ) ;
#1465 = CIRCLE ( 'NONE', #4387, 0.8999999999999980238 ) ;
#1466 =( NAMED_UNIT ( * ) SI_UNIT ( $, .STERADIAN. ) SOLID_ANGLE_UNIT ( ) );
#1467 = AXIS2_PLACEMENT_3D ( 'NONE', #10913, #3847, #1940 ) ;
#1468 = EDGE_CURVE ( 'NONE', #11320, #4361, #150, .T. ) ;
#1469 = FACE_OUTER_BOUND ( 'NONE', #12654, .T. ) ;
#1470 = VECTOR ( 'NONE', #9340, 1000.000000000000000 ) ;
#1471 = DIRECTION ( 'NONE',  ( 0.000000000000000000, -0.000000000000000000, -1.000000000000000000 ) ) ;
#1472 = LINE ( 'NONE', #8457, #5828 ) ;
#1473 = EDGE_CURVE ( 'NONE', #1856, #9900, #5198, .T. ) ;
#1474 = VERTEX_POINT ( 'NONE', #11141 ) ;
#1475 = ORIENTED_EDGE ( 'NONE', *, *, #11340, .F. ) ;
#1476 = VERTEX_POINT ( 'NONE', #8062 ) ;
#1477 = LINE ( 'NONE', #12345, #5424 ) ;
#1478 = FACE_BOUND ( 'NONE', #4474, .T. ) ;
#1479 = ORIENTED_EDGE ( 'NONE', *, *, #9470, .F. ) ;
#1480 = AXIS2_PLACEMENT_3D ( 'NONE', #10898, #4939, #7818 ) ;
#1481 = DIRECTION ( 'NONE',  ( 0.000000000000000000, 1.000000000000000000, 0.000000000000000000 ) ) ;
#1482 = DIRECTION ( 'NONE',  ( -0.000000000000000000, 1.000000000000000000, -0.000000000000000000 ) ) ;
#1483 = ORIENTED_EDGE ( 'NONE', *, *, #4273, .T. ) ;
#1484 = VECTOR ( 'NONE', #5385, 1000.000000000000000 ) ;
#1485 = CARTESIAN_POINT ( 'NONE',  ( 34.80000000000000426, 6.899999999999999467, -6.249999999999995559 ) ) ;
#1486 = EDGE_CURVE ( 'NONE', #6324, #4631, #7007, .T. ) ;
#1487 = CARTESIAN_POINT ( 'NONE',  ( -40.00000000000000000, 0.000000000000000000, -18.00000000000000000 ) ) ;
#1488 = DIRECTION ( 'NONE',  ( 0.000000000000000000, 1.000000000000000000, 0.000000000000000000 ) ) ;
#1489 = VECTOR ( 'NONE', #8663, 1000.000000000000000 ) ;
#1490 = AXIS2_PLACEMENT_3D ( 'NONE', #5509, #9540, #7596 ) ;
#1491 = VERTEX_POINT ( 'NONE', #11283 ) ;
#1492 = FACE_OUTER_BOUND ( 'NONE', #413, .T. ) ;
#1493 = VERTEX_POINT ( 'NONE', #1136 ) ;
#1494 = ADVANCED_FACE ( 'NONE', ( #4145, #8140 ), #3163, .T. ) ;
#1495 = LINE ( 'NONE', #7503, #6813 ) ;
#1496 = CARTESIAN_POINT ( 'NONE',  ( -35.15000000000001279, 6.200000000000242650, 3.749999999999999556 ) ) ;
#1497 = ORIENTED_EDGE ( 'NONE', *, *, #1539, .T. ) ;
#1498 = CARTESIAN_POINT ( 'NONE',  ( 37.70000000000000284, 0.000000000000000000, -15.69999999999999929 ) ) ;
#1499 = SURFACE_STYLE_USAGE ( .BOTH. , #10702 ) ;
#1500 = DIRECTION ( 'NONE',  ( 1.000000000000000000, 0.000000000000000000, 0.000000000000000000 ) ) ;
#1501 = DIRECTION ( 'NONE',  ( 0.000000000000000000, 0.000000000000000000, 1.000000000000000000 ) ) ;
#1502 = CARTESIAN_POINT ( 'NONE',  ( 0.000000000000000000, 8.500000000000000000, -9.075000000000002842 ) ) ;
#1503 = ORIENTED_EDGE ( 'NONE', *, *, #12032, .F. ) ;
#1504 = ORIENTED_EDGE ( 'NONE', *, *, #3417, .T. ) ;
#1505 = EDGE_CURVE ( 'NONE', #7248, #1302, #10139, .T. ) ;
#1506 = EDGE_CURVE ( 'NONE', #9658, #8987, #6040, .T. ) ;
#1507 = DIRECTION ( 'NONE',  ( 0.000000000000000000, 1.000000000000000000, 0.000000000000000000 ) ) ;
#1508 = ORIENTED_EDGE ( 'NONE', *, *, #2919, .F. ) ;
#1509 = ORIENTED_EDGE ( 'NONE', *, *, #2468, .T. ) ;
#1510 = CARTESIAN_POINT ( 'NONE',  ( -1.060660171779823635, -2.399999999999999467, 10.68933982822018436 ) ) ;
#1511 = CARTESIAN_POINT ( 'NONE',  ( -4.059999999999997833, 1.600000000000000089, -15.99999999999999645 ) ) ;
#1512 = VERTEX_POINT ( 'NONE', #11201 ) ;
#1513 = DIRECTION ( 'NONE',  ( 2.775557561562888984E-15, 0.000000000000000000, -1.000000000000000000 ) ) ;
#1514 = CARTESIAN_POINT ( 'NONE',  ( -13.32000000000000206, 1.600000000000000089, -15.49999999999999645 ) ) ;
#1515 = EDGE_CURVE ( 'NONE', #7940, #9957, #7204, .T. ) ;
#1516 = CARTESIAN_POINT ( 'NONE',  ( -1.060660171779823635, 0.000000000000000000, 10.68933982822018436 ) ) ;
#1517 = EDGE_LOOP ( 'NONE', ( #9751, #11196, #2282, #9684 ) ) ;
#1518 = ADVANCED_FACE ( 'NONE', ( #6232 ), #1329, .T. ) ;
#1519 = CARTESIAN_POINT ( 'NONE',  ( 7.620000000000000107, 1.600000000000000089, -18.00000000000000000 ) ) ;
#1520 =( LENGTH_UNIT ( ) NAMED_UNIT ( * ) SI_UNIT ( .MILLI., .METRE. ) );
#1521 = ORIENTED_EDGE ( 'NONE', *, *, #12724, .F. ) ;
#1522 = CYLINDRICAL_SURFACE ( 'NONE', #1490, 0.8999999999999980238 ) ;
#1523 = DIRECTION ( 'NONE',  ( -0.000000000000000000, 1.000000000000000000, -0.000000000000000000 ) ) ;
#1524 = EDGE_LOOP ( 'NONE', ( #1128, #628, #1015, #12171 ) ) ;
#1525 = EDGE_CURVE ( 'NONE', #7583, #5071, #12309, .T. ) ;
#1526 = CARTESIAN_POINT ( 'NONE',  ( 2.660000000000002807, 0.000000000000000000, -15.49999999999999645 ) ) ;
#1527 = DIRECTION ( 'NONE',  ( -3.965082230804699383E-15, -1.000000000000000000, 2.478176394252937114E-16 ) ) ;
#1528 = LINE ( 'NONE', #9618, #5446 ) ;
#1529 = ORIENTED_EDGE ( 'NONE', *, *, #9996, .F. ) ;
#1530 = EDGE_LOOP ( 'NONE', ( #10262, #3561 ) ) ;
#1531 = EDGE_LOOP ( 'NONE', ( #12604, #4532, #4026, #7280 ) ) ;
#1532 = CARTESIAN_POINT ( 'NONE',  ( 35.15000000000001279, 82.49217232609667860, -11.70000000000002416 ) ) ;
#1533 = ORIENTED_EDGE ( 'NONE', *, *, #9077, .T. ) ;
#1534 = LINE ( 'NONE', #1339, #4042 ) ;
#1535 = EDGE_CURVE ( 'NONE', #10826, #4927, #4573, .T. ) ;
#1536 = CARTESIAN_POINT ( 'NONE',  ( -18.39999999999999147, 0.000000000000000000, -18.00000000000000000 ) ) ;
#1537 = ORIENTED_EDGE ( 'NONE', *, *, #12769, .F. ) ;
#1538 = PLANE ( 'NONE',  #3722 ) ;
#1539 = EDGE_CURVE ( 'NONE', #5196, #8551, #3364, .T. ) ;
#1540 = DIRECTION ( 'NONE',  ( 2.775557561562888984E-15, 0.000000000000000000, -1.000000000000000000 ) ) ;
#1541 = STYLED_ITEM ( 'NONE', ( #11480 ), #3554 ) ;
#1542 = DIRECTION ( 'NONE',  ( 0.000000000000000000, 0.000000000000000000, 1.000000000000000000 ) ) ;
#1543 = ORIENTED_EDGE ( 'NONE', *, *, #7775, .F. ) ;
#1544 = CARTESIAN_POINT ( 'NONE',  ( 1.020000000000000018, 1.600000000000000089, -15.49999999999999645 ) ) ;
#1545 = VERTEX_POINT ( 'NONE', #10602 ) ;
#1546 = LINE ( 'NONE', #5534, #3692 ) ;
#1547 = DIRECTION ( 'NONE',  ( 0.000000000000000000, -1.000000000000000000, 0.000000000000000000 ) ) ;
#1548 = ORIENTED_EDGE ( 'NONE', *, *, #12841, .T. ) ;
#1549 = AXIS2_PLACEMENT_3D ( 'NONE', #2663, #7891, #3903 ) ;
#1550 = EDGE_CURVE ( 'NONE', #3449, #11270, #4334, .T. ) ;
#1551 = DIRECTION ( 'NONE',  ( 2.775557561562888984E-15, 0.000000000000000000, -1.000000000000000000 ) ) ;
#1552 = CARTESIAN_POINT ( 'NONE',  ( 34.20208152801715329, -2.399999999999999467, 10.68933982822018258 ) ) ;
#1553 = FACE_OUTER_BOUND ( 'NONE', #1219, .T. ) ;
#1554 = CARTESIAN_POINT ( 'NONE',  ( 34.80000000000000426, 8.400000000000000355, 6.250000000000006217 ) ) ;
#1555 = DIRECTION ( 'NONE',  ( 2.775557561562888984E-15, 0.000000000000000000, -1.000000000000000000 ) ) ;
#1556 = VERTEX_POINT ( 'NONE', #11346 ) ;
#1557 = VERTEX_POINT ( 'NONE', #1526 ) ;
#1558 = DIRECTION ( 'NONE',  ( 1.000000000000000000, 0.000000000000000000, 0.000000000000000000 ) ) ;
#1559 = EDGE_CURVE ( 'NONE', #3675, #5160, #8335, .T. ) ;
#1560 = CARTESIAN_POINT ( 'NONE',  ( 6.999999999999957367, 0.000000000000000000, -8.631984016460597151E-14 ) ) ;
#1561 = EDGE_LOOP ( 'NONE', ( #2927, #6338, #1669, #1009 ) ) ;
#1562 = VERTEX_POINT ( 'NONE', #3425 ) ;
#1563 = DIRECTION ( 'NONE',  ( 0.000000000000000000, -1.000000000000000000, 0.000000000000000000 ) ) ;
#1564 = FACE_OUTER_BOUND ( 'NONE', #7046, .T. ) ;
#1565 = ORIENTED_EDGE ( 'NONE', *, *, #2742, .T. ) ;
#1567 = EDGE_CURVE ( 'NONE', #29, #626, #7407, .T. ) ;
#1566 = DIRECTION ( 'NONE',  ( 2.569960705150817904E-15, -1.000000000000000000, 6.123233995736766036E-17 ) ) ;
#1568 = CARTESIAN_POINT ( 'NONE',  ( -37.70000000000000284, 1.600000000000000089, -15.69999999999999929 ) ) ;
#1569 = EDGE_CURVE ( 'NONE', #7992, #11320, #5106, .T. ) ;
#1570 = EDGE_CURVE ( 'NONE', #377, #3733, #9372, .T. ) ;
#1571 = DIRECTION ( 'NONE',  ( 0.000000000000000000, 0.000000000000000000, 1.000000000000000000 ) ) ;
#1572 = ORIENTED_EDGE ( 'NONE', *, *, #2369, .T. ) ;
#1573 = CARTESIAN_POINT ( 'NONE',  ( 1.020000000000000018, 0.000000000000000000, -15.49999999999999645 ) ) ;
#1574 = DIRECTION ( 'NONE',  ( 0.000000000000000000, 0.000000000000000000, 1.000000000000000000 ) ) ;
#1575 = EDGE_CURVE ( 'NONE', #6237, #7381, #9303, .T. ) ;
#1576 = EDGE_LOOP ( 'NONE', ( #6867, #794, #10054, #4091 ) ) ;
#1577 = LINE ( 'NONE', #3608, #7114 ) ;
#1578 = DIRECTION ( 'NONE',  ( 2.775557561562888984E-15, 0.000000000000000000, -1.000000000000000000 ) ) ;
#1579 = ORIENTED_EDGE ( 'NONE', *, *, #7408, .F. ) ;
#1580 = FACE_OUTER_BOUND ( 'NONE', #11323, .T. ) ;
#1581 = ADVANCED_FACE ( 'NONE', ( #2515 ), #2569, .F. ) ;
#1582 = CARTESIAN_POINT ( 'NONE',  ( 34.80000000000000426, 7.399999999999999467, 6.250000000000006217 ) ) ;
#1583 = VECTOR ( 'NONE', #10319, 1000.000000000000000 ) ;
#1584 = DIRECTION ( 'NONE',  ( 0.000000000000000000, -1.000000000000000000, 0.000000000000000000 ) ) ;
#1585 = CARTESIAN_POINT ( 'NONE',  ( -11.67999999999999972, -6.222539674441619262, -14.59999999999999787 ) ) ;
#1586 = EDGE_CURVE ( 'NONE', #3631, #5139, #10543, .T. ) ;
#1587 = VERTEX_POINT ( 'NONE', #8401 ) ;
#1588 = EDGE_LOOP ( 'NONE', ( #3360, #2546, #11409, #7749 ) ) ;
#1589 = ORIENTED_EDGE ( 'NONE', *, *, #10105, .F. ) ;
#1590 = CYLINDRICAL_SURFACE ( 'NONE', #4391, 0.8999999999999980238 ) ;
#1591 = DIRECTION ( 'NONE',  ( 2.775557561562888984E-15, 0.000000000000000000, -1.000000000000000000 ) ) ;
#1592 = ORIENTED_EDGE ( 'NONE', *, *, #10745, .T. ) ;
#1593 = LINE ( 'NONE', #6688, #7524 ) ;
#1594 = LINE ( 'NONE', #11603, #5598 ) ;
#1595 = VERTEX_POINT ( 'NONE', #11403 ) ;
#1596 = AXIS2_PLACEMENT_3D ( 'NONE', #10241, #4088, #5337 ) ;
#1597 = FACE_OUTER_BOUND ( 'NONE', #832, .T. ) ;
#1598 = CARTESIAN_POINT ( 'NONE',  ( 33.80000000000000426, 7.399999999999999467, 7.250000000000006217 ) ) ;
#1599 = DIRECTION ( 'NONE',  ( 2.775557561562888984E-15, 0.000000000000000000, -1.000000000000000000 ) ) ;
#1600 = ORIENTED_EDGE ( 'NONE', *, *, #6561, .F. ) ;
#1601 = DIRECTION ( 'NONE',  ( 0.000000000000000000, -1.000000000000000000, 0.000000000000000000 ) ) ;
#1602 = CIRCLE ( 'NONE', #9945, 0.8999999999999980238 ) ;
#1603 = ORIENTED_EDGE ( 'NONE', *, *, #8617, .T. ) ;
#1604 = ORIENTED_EDGE ( 'NONE', *, *, #3611, .F. ) ;
#1605 = CARTESIAN_POINT ( 'NONE',  ( -37.70000000000000284, -6.222539674441619262, -14.30000000000000426 ) ) ;
#1606 = DIRECTION ( 'NONE',  ( 2.775557561562888984E-15, 0.000000000000000000, -1.000000000000000000 ) ) ;
#1607 = ORIENTED_EDGE ( 'NONE', *, *, #10536, .F. ) ;
#1608 = VECTOR ( 'NONE', #6827, 1000.000000000000000 ) ;
#1609 = DIRECTION ( 'NONE',  ( 0.000000000000000000, -1.000000000000000000, 6.123233995736767268E-17 ) ) ;
#1610 = DIRECTION ( 'NONE',  ( -0.000000000000000000, -1.000000000000000000, 0.000000000000000000 ) ) ;
#1611 = DIRECTION ( 'NONE',  ( 0.000000000000000000, 1.000000000000000000, -0.000000000000000000 ) ) ;
#1612 = CIRCLE ( 'NONE', #4547, 0.4500000000000007327 ) ;
#1613 = PRESENTATION_STYLE_ASSIGNMENT (( #9776 ) ) ;
#1614 = DIRECTION ( 'NONE',  ( -0.000000000000000000, 1.000000000000000000, -0.000000000000000000 ) ) ;
#1615 = EDGE_LOOP ( 'NONE', ( #8803, #141, #9690, #3994 ) ) ;
#1616 = DIRECTION ( 'NONE',  ( 2.775557561562888984E-15, 0.000000000000000000, -1.000000000000000000 ) ) ;
#1617 = EDGE_CURVE ( 'NONE', #6545, #10815, #2439, .T. ) ;
#1618 = CLOSED_SHELL ( 'NONE', ( #10025, #1784, #10082, #11096, #7959, #1101, #5442, #9703, #1133 ) ) ;
#1619 = ORIENTED_EDGE ( 'NONE', *, *, #9890, .F. ) ;
#1620 = FACE_OUTER_BOUND ( 'NONE', #2283, .T. ) ;
#1621 = ADVANCED_FACE ( 'NONE', ( #1469 ), #6496, .T. ) ;
#1622 = AXIS2_PLACEMENT_3D ( 'NONE', #1965, #11986, #1842 ) ;
#1623 = DIRECTION ( 'NONE',  ( 2.775557561562888984E-15, 0.000000000000000000, -1.000000000000000000 ) ) ;
#1624 = CARTESIAN_POINT ( 'NONE',  ( 34.80000000000000426, 7.399999999999999467, 6.250000000000006217 ) ) ;
#1625 = AXIS2_PLACEMENT_3D ( 'NONE', #3597, #10525, #2738 ) ;
#1626 = ORIENTED_EDGE ( 'NONE', *, *, #11778, .F. ) ;
#1627 = DIRECTION ( 'NONE',  ( 0.000000000000000000, -1.000000000000000000, 0.000000000000000000 ) ) ;
#1628 = CARTESIAN_POINT ( 'NONE',  ( -7.499999999999996447, 1.600000000000000089, -15.49999999999999645 ) ) ;
#1629 = VECTOR ( 'NONE', #738, 1000.000000000000000 ) ;
#1630 = DIRECTION ( 'NONE',  ( -0.000000000000000000, 1.000000000000000000, -0.000000000000000000 ) ) ;
#1631 = CARTESIAN_POINT ( 'NONE',  ( -6.599999999999997868, 1.600000000000000089, -15.49999999999999645 ) ) ;
#1632 = AXIS2_PLACEMENT_3D ( 'NONE', #12043, #2098, #11269 ) ;
#1633 = DIRECTION ( 'NONE',  ( 2.775557561562888984E-15, 0.000000000000000000, -1.000000000000000000 ) ) ;
#1634 = EDGE_CURVE ( 'NONE', #6904, #6493, #12583, .T. ) ;
#1635 = AXIS2_PLACEMENT_3D ( 'NONE', #4966, #1113, #3062 ) ;
#1636 = EDGE_CURVE ( 'NONE', #11074, #12842, #8454, .T. ) ;
#1637 = AXIS2_PLACEMENT_3D ( 'NONE', #8791, #9750, #12595 ) ;
#1638 = MECHANICAL_DESIGN_GEOMETRIC_PRESENTATION_REPRESENTATION (  '', ( #1844 ), #4150 ) ;
#1639 = DIRECTION ( 'NONE',  ( 2.775557561562888984E-15, 0.000000000000000000, -1.000000000000000000 ) ) ;
#1640 = VECTOR ( 'NONE', #9691, 1000.000000000000000 ) ;
#1642 = ORIENTED_EDGE ( 'NONE', *, *, #4338, .T. ) ;
#1641 = VECTOR ( 'NONE', #27, 1000.000000000000000 ) ;
#1643 = AXIS2_PLACEMENT_3D ( 'NONE', #6111, #1014, #7153 ) ;
#1644 = ADVANCED_FACE ( 'NONE', ( #7600 ), #537, .F. ) ;
#1645 = CARTESIAN_POINT ( 'NONE',  ( -8.239999999999996660, 0.000000000000000000, -18.00000000000000000 ) ) ;
#1646 = AXIS2_PLACEMENT_3D ( 'NONE', #8244, #5240, #3345 ) ;
#1647 = CARTESIAN_POINT ( 'NONE',  ( 34.95000000000000284, 8.599999999999997868, 11.50000000000000178 ) ) ;
#1648 = ORIENTED_EDGE ( 'NONE', *, *, #5480, .F. ) ;
#1649 = CYLINDRICAL_SURFACE ( 'NONE', #6285, 0.4999999999999987232 ) ;
#1650 = LINE ( 'NONE', #11536, #793 ) ;
#1651 = DIRECTION ( 'NONE',  ( -0.000000000000000000, -1.000000000000000000, 0.000000000000000000 ) ) ;
#1652 = AXIS2_PLACEMENT_3D ( 'NONE', #8907, #5121, #12852 ) ;
#1653 = AXIS2_PLACEMENT_3D ( 'NONE', #2796, #3658, #2854 ) ;
#1654 = VECTOR ( 'NONE', #5639, 1000.000000000000000 ) ;
#1655 = DIRECTION ( 'NONE',  ( 1.000000000000000000, 0.000000000000000000, 0.000000000000000000 ) ) ;
#1656 = CIRCLE ( 'NONE', #11230, 2.200000000000000622 ) ;
#1657 = ADVANCED_FACE ( 'NONE', ( #5894 ), #2876, .T. ) ;
#1658 = LINE ( 'NONE', #3672, #1195 ) ;
#1659 = CARTESIAN_POINT ( 'NONE',  ( 34.80000000000000426, 6.899999999999999467, 6.250000000000006217 ) ) ;
#1660 = EDGE_LOOP ( 'NONE', ( #7755, #9522, #10685, #1432 ) ) ;
#1661 = EDGE_LOOP ( 'NONE', ( #7442, #2907, #6049, #8132 ) ) ;
#1662 = FACE_OUTER_BOUND ( 'NONE', #1752, .T. ) ;
#1663 = CIRCLE ( 'NONE', #6659, 2.199999999999998845 ) ;
#1664 = ORIENTED_EDGE ( 'NONE', *, *, #6337, .T. ) ;
#1665 = CYLINDRICAL_SURFACE ( 'NONE', #2513, 0.4999999999999987232 ) ;
#1666 = EDGE_CURVE ( 'NONE', #9278, #11871, #918, .T. ) ;
#1667 = AXIS2_PLACEMENT_3D ( 'NONE', #543, #5647, #6553 ) ;
#1668 = DIRECTION ( 'NONE',  ( -0.7071067811865388020, -0.000000000000000000, 0.7071067811865561215 ) ) ;
#1669 = ORIENTED_EDGE ( 'NONE', *, *, #12044, .T. ) ;
#1670 = AXIS2_PLACEMENT_3D ( 'NONE', #11899, #6971, #8026 ) ;
#1671 = DIRECTION ( 'NONE',  ( 0.000000000000000000, 0.000000000000000000, 1.000000000000000000 ) ) ;
#1672 = LINE ( 'NONE', #2639, #786 ) ;
#1673 = CIRCLE ( 'NONE', #10012, 0.5000000000000004441 ) ;
#1674 = DIRECTION ( 'NONE',  ( 0.000000000000000000, 0.000000000000000000, 1.000000000000000000 ) ) ;
#1675 = AXIS2_PLACEMENT_3D ( 'NONE', #10816, #10888, #4999 ) ;
#1676 = VERTEX_POINT ( 'NONE', #4788 ) ;
#1677 = PLANE ( 'NONE',  #2073 ) ;
#1678 = ORIENTED_EDGE ( 'NONE', *, *, #6495, .F. ) ;
#1679 = AXIS2_PLACEMENT_3D ( 'NONE', #3111, #11216, #1285 ) ;
#1680 = LINE ( 'NONE', #819, #11056 ) ;
#1681 = DIRECTION ( 'NONE',  ( -0.000000000000000000, 1.000000000000000000, -0.000000000000000000 ) ) ;
#1682 = ORIENTED_EDGE ( 'NONE', *, *, #9861, .F. ) ;
#1683 = CARTESIAN_POINT ( 'NONE',  ( -16.76000000000000156, 0.000000000000000000, -15.49999999999999645 ) ) ;
#1684 = DIRECTION ( 'NONE',  ( 0.000000000000000000, 0.000000000000000000, 1.000000000000000000 ) ) ;
#1685 = DIRECTION ( 'NONE',  ( -0.000000000000000000, 1.000000000000000000, -0.000000000000000000 ) ) ;
#1686 = FACE_OUTER_BOUND ( 'NONE', #7684, .T. ) ;
#1687 = CIRCLE ( 'NONE', #3993, 0.8999999999999980238 ) ;
#1688 = LINE ( 'NONE', #6574, #1834 ) ;
#1689 = ORIENTED_EDGE ( 'NONE', *, *, #10301, .T. ) ;
#1690 = DIRECTION ( 'NONE',  ( 1.000000000000000000, 2.569960705150817904E-15, -0.000000000000000000 ) ) ;
#1691 = ORIENTED_EDGE ( 'NONE', *, *, #441, .F. ) ;
#1692 = UNCERTAINTY_MEASURE_WITH_UNIT (LENGTH_MEASURE( 1.000000000000000082E-05 ), #12481, 'distance_accuracy_value', 'NONE');
#1693 = SURFACE_SIDE_STYLE ('',( #10576 ) ) ;
#1694 = CARTESIAN_POINT ( 'NONE',  ( 12.70000000000000107, -6.222539674441619262, -18.00000000000000000 ) ) ;
#1695 = AXIS2_PLACEMENT_3D ( 'NONE', #4576, #11449, #8571 ) ;
#1696 = VERTEX_POINT ( 'NONE', #4906 ) ;
#1697 = CARTESIAN_POINT ( 'NONE',  ( -40.00000000000000000, 0.000000000000000000, -18.00000000000000000 ) ) ;
#1698 = LINE ( 'NONE', #11633, #2017 ) ;
#1699 = DIRECTION ( 'NONE',  ( 0.000000000000000000, 0.000000000000000000, 1.000000000000000000 ) ) ;
#1700 = EDGE_CURVE ( 'NONE', #2587, #7243, #814, .T. ) ;
#1701 = CARTESIAN_POINT ( 'NONE',  ( 12.50000000000000355, -1.400000000000000133, -4.898587196589413026E-15 ) ) ;
#1702 = PLANE ( 'NONE',  #5411 ) ;
#1703 = ADVANCED_FACE ( 'NONE', ( #6926 ), #12778, .T. ) ;
#1704 = ORIENTED_EDGE ( 'NONE', *, *, #2096, .F. ) ;
#1705 = EDGE_CURVE ( 'NONE', #4961, #3304, #8556, .T. ) ;
#1706 = FACE_OUTER_BOUND ( 'NONE', #2321, .T. ) ;
#1707 = DIRECTION ( 'NONE',  ( 0.000000000000000000, 1.000000000000000000, -0.000000000000000000 ) ) ;
#1708 = EDGE_LOOP ( 'NONE', ( #11304, #4548, #1820, #8750 ) ) ;
#1709 = CARTESIAN_POINT ( 'NONE',  ( -37.70000000000000284, -6.222539674441619262, -13.50000000000000000 ) ) ;
#1710 = CARTESIAN_POINT ( 'NONE',  ( -11.67999999999999972, 1.600000000000000089, -15.49999999999999645 ) ) ;
#1711 = DIRECTION ( 'NONE',  ( -6.878321229956105203E-31, -2.478176394252937114E-16, -1.000000000000000000 ) ) ;
#1712 = DIRECTION ( 'NONE',  ( 2.775557561562888984E-15, 0.000000000000000000, -1.000000000000000000 ) ) ;
#1713 = DIRECTION ( 'NONE',  ( 0.000000000000000000, 0.000000000000000000, -1.000000000000000000 ) ) ;
#1714 = AXIS2_PLACEMENT_3D ( 'NONE', #3355, #5178, #7340 ) ;
#1715 = ORIENTED_EDGE ( 'NONE', *, *, #380, .T. ) ;
#1716 = FACE_OUTER_BOUND ( 'NONE', #12814, .T. ) ;
#1717 = ORIENTED_EDGE ( 'NONE', *, *, #7516, .T. ) ;
#1718 = AXIS2_PLACEMENT_3D ( 'NONE', #11525, #1627, #5617 ) ;
#1719 = EDGE_LOOP ( 'NONE', ( #9574, #7002, #9471, #6709, #1592, #6274, #5704, #3505, #1338, #4752 ) ) ;
#1720 = EDGE_CURVE ( 'NONE', #8650, #343, #10677, .T. ) ;
#1721 = DIRECTION ( 'NONE',  ( 1.000000000000000000, -0.000000000000000000, 2.775557561562888984E-15 ) ) ;
#1722 = ORIENTED_EDGE ( 'NONE', *, *, #5999, .F. ) ;
#1723 = LINE ( 'NONE', #12719, #5848 ) ;
#1724 = DIRECTION ( 'NONE',  ( 0.000000000000000000, 0.000000000000000000, -1.000000000000000000 ) ) ;
#1725 = CIRCLE ( 'NONE', #7372, 0.5000000000000004441 ) ;
#1726 = EDGE_LOOP ( 'NONE', ( #11800, #7724 ) ) ;
#1727 = CARTESIAN_POINT ( 'NONE',  ( -35.00246666847520771, 8.399999999999998579, 11.53222040359950640 ) ) ;
#1728 = EDGE_CURVE ( 'NONE', #6691, #4912, #11780, .T. ) ;
#1729 = DIRECTION ( 'NONE',  ( 0.000000000000000000, 1.000000000000000000, 0.000000000000000000 ) ) ;
#1730 = ADVANCED_FACE ( 'NONE', ( #5832 ), #11842, .F. ) ;
#1731 = EDGE_CURVE ( 'NONE', #4380, #3819, #5209, .T. ) ;
#1732 = DIRECTION ( 'NONE',  ( -1.000000000000000000, -0.000000000000000000, -0.000000000000000000 ) ) ;
#1733 = ORIENTED_EDGE ( 'NONE', *, *, #100, .T. ) ;
#1734 = LINE ( 'NONE', #627, #12117 ) ;
#1735 = ORIENTED_EDGE ( 'NONE', *, *, #9480, .T. ) ;
#1736 = LINE ( 'NONE', #8732, #10437 ) ;
#1737 = PLANE ( 'NONE',  #808 ) ;
#1738 = ORIENTED_EDGE ( 'NONE', *, *, #7746, .F. ) ;
#1739 = CARTESIAN_POINT ( 'NONE',  ( -22.73999999999999488, 0.000000000000000000, -15.49999999999999645 ) ) ;
#1740 = DIRECTION ( 'NONE',  ( 0.000000000000000000, -1.000000000000000000, 0.000000000000000000 ) ) ;
#1741 = PLANE ( 'NONE',  #12028 ) ;
#1742 = LINE ( 'NONE', #6707, #2500 ) ;
#1743 = DIRECTION ( 'NONE',  ( 0.000000000000000000, 1.000000000000000000, 0.000000000000000000 ) ) ;
#1744 = ORIENTED_EDGE ( 'NONE', *, *, #11570, .T. ) ;
#1745 = DIRECTION ( 'NONE',  ( 0.7071067811865777708, 0.000000000000000000, 0.7071067811865172636 ) ) ;
#1746 = EDGE_CURVE ( 'NONE', #929, #4857, #12530, .T. ) ;
#1747 = ORIENTED_EDGE ( 'NONE', *, *, #4046, .T. ) ;
#1748 = FILL_AREA_STYLE ('',( #12755 ) ) ;
#1749 = VECTOR ( 'NONE', #10735, 1000.000000000000000 ) ;
#1750 = DIRECTION ( 'NONE',  ( 2.775557561562888984E-15, 0.000000000000000000, -1.000000000000000000 ) ) ;
#1751 = LINE ( 'NONE', #6647, #4256 ) ;
#1752 = EDGE_LOOP ( 'NONE', ( #3772, #7244, #84, #12642 ) ) ;
#1753 = DIRECTION ( 'NONE',  ( 0.000000000000000000, 0.000000000000000000, 1.000000000000000000 ) ) ;
#1754 = FACE_OUTER_BOUND ( 'NONE', #6239, .T. ) ;
#1755 = DIRECTION ( 'NONE',  ( 0.000000000000000000, 1.000000000000000000, -0.000000000000000000 ) ) ;
#1756 = DIRECTION ( 'NONE',  ( 0.000000000000000000, 1.000000000000000000, 0.000000000000000000 ) ) ;
#1757 = CARTESIAN_POINT ( 'NONE',  ( 15.24000000000000021, 1.600000000000000089, 0.000000000000000000 ) ) ;
#1758 = ADVANCED_FACE ( 'NONE', ( #12900 ), #3932, .F. ) ;
#1759 = ORIENTED_EDGE ( 'NONE', *, *, #12180, .T. ) ;
#1760 = CYLINDRICAL_SURFACE ( 'NONE', #11332, 0.8999999999999980238 ) ;
#1761 = DIRECTION ( 'NONE',  ( -1.000000000000000000, -0.000000000000000000, -0.000000000000000000 ) ) ;
#1762 = ORIENTED_EDGE ( 'NONE', *, *, #8192, .T. ) ;
#1763 = CARTESIAN_POINT ( 'NONE',  ( -12.58000000000003915, 0.000000000000000000, -9.131584377541916332E-14 ) ) ;
#1764 = DIRECTION ( 'NONE',  ( 0.000000000000000000, 0.000000000000000000, 1.000000000000000000 ) ) ;
#1765 = DIRECTION ( 'NONE',  ( 1.000000000000000000, 2.569960705150817904E-15, -0.000000000000000000 ) ) ;
#1766 = CARTESIAN_POINT ( 'NONE',  ( 1.020000000000000018, 0.000000000000000000, -15.49999999999999645 ) ) ;
#1767 = LINE ( 'NONE', #9736, #12107 ) ;
#1768 = EDGE_LOOP ( 'NONE', ( #12145, #6432, #1216, #2521 ) ) ;
#1769 = CARTESIAN_POINT ( 'NONE',  ( -2.420000000000040341, 0.000000000000000000, -9.131584377541916332E-14 ) ) ;
#1770 = EDGE_CURVE ( 'NONE', #9991, #3966, #8833, .T. ) ;
#1771 = ORIENTED_EDGE ( 'NONE', *, *, #4446, .T. ) ;
#1772 = ADVANCED_FACE ( 'NONE', ( #7921 ), #2694, .F. ) ;
#1773 = VERTEX_POINT ( 'NONE', #9616 ) ;
#1774 = ORIENTED_EDGE ( 'NONE', *, *, #7175, .T. ) ;
#1775 = DIRECTION ( 'NONE',  ( 0.000000000000000000, -3.491481338843133355E-15, -1.000000000000000000 ) ) ;
#1776 = DIRECTION ( 'NONE',  ( 0.000000000000000000, 0.000000000000000000, 1.000000000000000000 ) ) ;
#1777 = VERTEX_POINT ( 'NONE', #3862 ) ;
#1778 = DIRECTION ( 'NONE',  ( 0.000000000000000000, -1.000000000000000000, 0.000000000000000000 ) ) ;
#1779 = DIRECTION ( 'NONE',  ( 2.775557561562888984E-15, 0.000000000000000000, -1.000000000000000000 ) ) ;
#1780 = ORIENTED_EDGE ( 'NONE', *, *, #7815, .F. ) ;
#1781 = DIRECTION ( 'NONE',  ( 0.000000000000000000, 0.000000000000000000, -1.000000000000000000 ) ) ;
#1782 = DIRECTION ( 'NONE',  ( 0.000000000000000000, 1.000000000000000000, 0.000000000000000000 ) ) ;
#1783 = EDGE_CURVE ( 'NONE', #4877, #6984, #3670, .T. ) ;
#1784 = ADVANCED_FACE ( 'NONE', ( #5755 ), #2754, .F. ) ;
#1785 = CYLINDRICAL_SURFACE ( 'NONE', #2267, 0.4999999999999987232 ) ;
#1786 = ORIENTED_EDGE ( 'NONE', *, *, #2077, .F. ) ;
#1787 = CARTESIAN_POINT ( 'NONE',  ( -1.520000000000000462, 1.600000000000000089, -15.49999999999999645 ) ) ;
#1788 = ORIENTED_EDGE ( 'NONE', *, *, #12505, .T. ) ;
#1789 = CARTESIAN_POINT ( 'NONE',  ( -30.35999999999999943, 1.600000000000000089, -15.49999999999999645 ) ) ;
#1790 = CIRCLE ( 'NONE', #12246, 0.8999999999999980238 ) ;
#1791 = CARTESIAN_POINT ( 'NONE',  ( 35.15000000000000568, 5.699999999999991296, -11.69292893218813489 ) ) ;
#1792 = ORIENTED_EDGE ( 'NONE', *, *, #9297, .T. ) ;
#1793 = EDGE_CURVE ( 'NONE', #3819, #9020, #1767, .T. ) ;
#1794 = ORIENTED_EDGE ( 'NONE', *, *, #2843, .T. ) ;
#1795 = AXIS2_PLACEMENT_3D ( 'NONE', #6875, #12050, #11989 ) ;
#1796 = CARTESIAN_POINT ( 'NONE',  ( -35.11070852858864555, 8.252466668475184619, -11.70000000000000107 ) ) ;
#1797 = CARTESIAN_POINT ( 'NONE',  ( -1.520000000000000462, 0.000000000000000000, -15.49999999999999645 ) ) ;
#1798 = FACE_OUTER_BOUND ( 'NONE', #9188, .T. ) ;
#1799 = SURFACE_SIDE_STYLE ('',( #6763 ) ) ;
#1800 = CARTESIAN_POINT ( 'NONE',  ( -37.69999999999967599, 1.600000000000000089, 15.69999999999999929 ) ) ;
#1801 = VECTOR ( 'NONE', #43, 1000.000000000000000 ) ;
#1802 = ORIENTED_EDGE ( 'NONE', *, *, #11513, .F. ) ;
#1803 = CARTESIAN_POINT ( 'NONE',  ( -32.89999999999999858, 1.600000000000000089, -18.00000000000000000 ) ) ;
#1804 = EDGE_LOOP ( 'NONE', ( #2553, #2908, #8238, #1261, #6667, #6052, #14, #6621, #11920, #12798 ) ) ;
#1805 = EDGE_CURVE ( 'NONE', #1557, #742, #9162, .T. ) ;
#1806 = CARTESIAN_POINT ( 'NONE',  ( -15.12000000000004007, -6.222539674441619262, -9.131584377541916332E-14 ) ) ;
#1807 = VECTOR ( 'NONE', #10309, 1000.000000000000000 ) ;
#1808 = ORIENTED_EDGE ( 'NONE', *, *, #553, .T. ) ;
#1809 = CIRCLE ( 'NONE', #1191, 0.8999999999999980238 ) ;
#1810 = CARTESIAN_POINT ( 'NONE',  ( -15.86000000000004384, 0.000000000000000000, -8.631984016460597151E-14 ) ) ;
#1811 = CARTESIAN_POINT ( 'NONE',  ( 0.000000000000000000, 8.599999999999999645, 9.075000000000002842 ) ) ;
#1812 = EDGE_CURVE ( 'NONE', #7342, #24, #1252, .T. ) ;
#1813 = DIRECTION ( 'NONE',  ( 0.000000000000000000, 0.000000000000000000, 1.000000000000000000 ) ) ;
#1814 = DIRECTION ( 'NONE',  ( 1.000000000000000000, -0.000000000000000000, -0.000000000000000000 ) ) ;
#1815 = CARTESIAN_POINT ( 'NONE',  ( 35.01430964406271329, 8.376643082376670435, -11.60334291870195322 ) ) ;
#1816 = EDGE_CURVE ( 'NONE', #5687, #6699, #9085, .T. ) ;
#1817 = CLOSED_SHELL ( 'NONE', ( #8552, #9487, #10271, #3126, #7117, #8908, #8127, #6528, #5419 ) ) ;
#1818 = VECTOR ( 'NONE', #163, 1000.000000000000000 ) ;
#1819 = CARTESIAN_POINT ( 'NONE',  ( 6.100000000000001421, 0.000000000000000000, -14.99999999999999822 ) ) ;
#1820 = ORIENTED_EDGE ( 'NONE', *, *, #1550, .T. ) ;
#1821 = STYLED_ITEM ( 'NONE', ( #12421 ), #11284 ) ;
#1822 = CARTESIAN_POINT ( 'NONE',  ( -35.07861928812541663, 8.408794663505311462, 11.85689076144392473 ) ) ;
#1823 = VECTOR ( 'NONE', #6914, 1000.000000000000000 ) ;
#1824 = FACE_OUTER_BOUND ( 'NONE', #6371, .T. ) ;
#1825 = ORIENTED_EDGE ( 'NONE', *, *, #450, .F. ) ;
#1826 = CARTESIAN_POINT ( 'NONE',  ( -35.14999999999999858, 8.400000000000000355, -11.69292893218813667 ) ) ;
#1827 = MECHANICAL_DESIGN_GEOMETRIC_PRESENTATION_REPRESENTATION (  '', ( #12923 ), #9144 ) ;
#1828 = CARTESIAN_POINT ( 'NONE',  ( -24.37999999999999901, -6.222539674441619262, -15.49999999999999645 ) ) ;
#1829 = AXIS2_PLACEMENT_3D ( 'NONE', #342, #9238, #280 ) ;
#1830 = DIRECTION ( 'NONE',  ( 2.775557561562888984E-15, 0.000000000000000000, -1.000000000000000000 ) ) ;
#1831 = VECTOR ( 'NONE', #6804, 1000.000000000000000 ) ;
#1832 = COLOUR_RGB ( '',1.000000000000000000, 0.8117647058823529438, 0.5019607843137254832 ) ;
#1833 = DIRECTION ( 'NONE',  ( -0.000000000000000000, 1.000000000000000000, -0.000000000000000000 ) ) ;
#1834 = VECTOR ( 'NONE', #1614, 1000.000000000000000 ) ;
#1835 = VERTEX_POINT ( 'NONE', #8964 ) ;
#1836 = LINE ( 'NONE', #920, #6041 ) ;
#1837 = VECTOR ( 'NONE', #11019, 1000.000000000000000 ) ;
#1838 = ORIENTED_EDGE ( 'NONE', *, *, #4108, .F. ) ;
#1839 = VERTEX_POINT ( 'NONE', #3146 ) ;
#1840 = EDGE_LOOP ( 'NONE', ( #10121, #3167, #12551, #6235 ) ) ;
#1841 = DIRECTION ( 'NONE',  ( 0.000000000000000000, 0.000000000000000000, -1.000000000000000000 ) ) ;
#1842 = DIRECTION ( 'NONE',  ( 0.000000000000000000, 0.000000000000000000, 1.000000000000000000 ) ) ;
#1843 = ORIENTED_EDGE ( 'NONE', *, *, #6645, .F. ) ;
#1844 = STYLED_ITEM ( 'NONE', ( #10418 ), #5037 ) ;
#1845 = LINE ( 'NONE', #12594, #8148 ) ;
#1846 = AXIS2_PLACEMENT_3D ( 'NONE', #12681, #6720, #6775 ) ;
#1847 = CARTESIAN_POINT ( 'NONE',  ( 0.9899494936611643592, 0.000000000000000000, -10.61862915010153863 ) ) ;
#1848 = ORIENTED_EDGE ( 'NONE', *, *, #5501, .F. ) ;
#1849 = VECTOR ( 'NONE', #7939, 1000.000000000000000 ) ;
#1850 = LINE ( 'NONE', #5849, #10629 ) ;
#1851 = AXIS2_PLACEMENT_3D ( 'NONE', #8344, #8408, #3431 ) ;
#1852 = ADVANCED_FACE ( 'NONE', ( #7190 ), #5953, .T. ) ;
#1853 = CARTESIAN_POINT ( 'NONE',  ( -4.059999999999997833, 1.600000000000000089, -15.49999999999999645 ) ) ;
#1854 = EDGE_CURVE ( 'NONE', #1951, #4185, #8188, .T. ) ;
#1855 = DIRECTION ( 'NONE',  ( -0.000000000000000000, 1.000000000000000000, -0.000000000000000000 ) ) ;
#1856 = VERTEX_POINT ( 'NONE', #3269 ) ;
#1857 = FILL_AREA_STYLE ('',( #3884 ) ) ;
#1858 = VECTOR ( 'NONE', #725, 1000.000000000000000 ) ;
#1859 = EDGE_LOOP ( 'NONE', ( #9264, #8444, #5615, #11386 ) ) ;
#1860 = ORIENTED_EDGE ( 'NONE', *, *, #5272, .F. ) ;
#1861 = DIRECTION ( 'NONE',  ( -0.000000000000000000, 1.000000000000000000, -0.000000000000000000 ) ) ;
#1862 = LINE ( 'NONE', #9838, #3316 ) ;
#1863 = ORIENTED_EDGE ( 'NONE', *, *, #107, .F. ) ;
#1864 = EDGE_CURVE ( 'NONE', #6435, #8895, #11, .T. ) ;
#1865 = VERTEX_POINT ( 'NONE', #12244 ) ;
#1866 = CARTESIAN_POINT ( 'NONE',  ( -26.02000000000000313, -6.222539674441619262, -15.49999999999999645 ) ) ;
#1867 = CARTESIAN_POINT ( 'NONE',  ( -35.35000000000000853, 5.700000000000255973, -11.90000000000000213 ) ) ;
#1868 = VECTOR ( 'NONE', #9006, 1000.000000000000000 ) ;
#1869 = FACE_OUTER_BOUND ( 'NONE', #7441, .T. ) ;
#1870 = VECTOR ( 'NONE', #11552, 1000.000000000000000 ) ;
#1871 = AXIS2_PLACEMENT_3D ( 'NONE', #2197, #2277, #1229 ) ;
#1872 = ORIENTED_EDGE ( 'NONE', *, *, #7618, .T. ) ;
#1873 = CARTESIAN_POINT ( 'NONE',  ( 20.32000000000000028, 1.600000000000000089, -18.00000000000000000 ) ) ;
#1874 = ORIENTED_EDGE ( 'NONE', *, *, #1328, .T. ) ;
#1875 = PRESENTATION_LAYER_ASSIGNMENT (  '', '', ( #436 ) ) ;
#1876 = FACE_OUTER_BOUND ( 'NONE', #6995, .T. ) ;
#1877 = DIRECTION ( 'NONE',  ( 0.000000000000000000, 0.000000000000000000, 1.000000000000000000 ) ) ;
#1878 = ORIENTED_EDGE ( 'NONE', *, *, #3680, .F. ) ;
#1879 = CARTESIAN_POINT ( 'NONE',  ( -40.00000000000000000, 1.600000000000000089, -18.00000000000000000 ) ) ;
#1880 = CIRCLE ( 'NONE', #9607, 0.4500000000000007327 ) ;
#1881 = DIRECTION ( 'NONE',  ( 1.000000000000000000, -0.000000000000000000, -0.000000000000000000 ) ) ;
#1882 = CARTESIAN_POINT ( 'NONE',  ( -34.13137084989848802, -16.60000000000000497, -10.76005050633884963 ) ) ;
#1883 = CARTESIAN_POINT ( 'NONE',  ( 2.660000000000002807, 1.600000000000000089, -18.00000000000000000 ) ) ;
#1884 = ADVANCED_FACE ( 'NONE', ( #10126 ), #5108, .F. ) ;
#1885 = DIRECTION ( 'NONE',  ( 0.000000000000000000, 1.000000000000000000, -0.000000000000000000 ) ) ;
#1886 = EDGE_CURVE ( 'NONE', #9873, #9250, #4059, .T. ) ;
#1887 = ADVANCED_FACE ( 'NONE', ( #9030 ), #981, .F. ) ;
#1888 = CIRCLE ( 'NONE', #9214, 0.4500000000000007327 ) ;
#1889 = ORIENTED_EDGE ( 'NONE', *, *, #9008, .T. ) ;
#1890 = CARTESIAN_POINT ( 'NONE',  ( -10.04000000000003823, 0.000000000000000000, -9.131584377541916332E-14 ) ) ;
#1891 = EDGE_CURVE ( 'NONE', #3405, #10073, #12038, .T. ) ;
#1892 = DIRECTION ( 'NONE',  ( 0.000000000000000000, 1.000000000000000000, 0.000000000000000000 ) ) ;
#1893 = EDGE_LOOP ( 'NONE', ( #1099, #8406, #358, #2118 ) ) ;
#1894 = DIRECTION ( 'NONE',  ( 2.775557561562888984E-15, 0.000000000000000000, -1.000000000000000000 ) ) ;
#1895 = FACE_OUTER_BOUND ( 'NONE', #11757, .T. ) ;
#1896 = CARTESIAN_POINT ( 'NONE',  ( -29.46000000000000085, 1.600000000000000089, -15.49999999999999645 ) ) ;
#1897 = DIRECTION ( 'NONE',  ( 0.000000000000000000, 1.000000000000000000, 0.000000000000000000 ) ) ;
#1898 = ORIENTED_EDGE ( 'NONE', *, *, #10, .F. ) ;
#1899 = DIRECTION ( 'NONE',  ( 1.000000000000000000, 0.000000000000000000, 2.775557561562888984E-15 ) ) ;
#1900 = EDGE_CURVE ( 'NONE', #9667, #8694, #11896, .T. ) ;
#1901 = ORIENTED_EDGE ( 'NONE', *, *, #10895, .T. ) ;
#1902 = ORIENTED_EDGE ( 'NONE', *, *, #2875, .T. ) ;
#1903 = ORIENTED_EDGE ( 'NONE', *, *, #4909, .F. ) ;
#1904 = CARTESIAN_POINT ( 'NONE',  ( -30.36000000000003851, 0.000000000000000000, -9.131584377541916332E-14 ) ) ;
#1905 = EDGE_CURVE ( 'NONE', #3475, #9323, #12183, .T. ) ;
#1906 = ORIENTED_EDGE ( 'NONE', *, *, #8692, .T. ) ;
#1907 = DIRECTION ( 'NONE',  ( 0.000000000000000000, 0.000000000000000000, 1.000000000000000000 ) ) ;
#1908 = DIRECTION ( 'NONE',  ( 0.000000000000000000, 1.000000000000000000, -0.000000000000000000 ) ) ;
#1909 = ORIENTED_EDGE ( 'NONE', *, *, #4516, .T. ) ;
#1910 = FACE_OUTER_BOUND ( 'NONE', #10755, .T. ) ;
#1911 = CARTESIAN_POINT ( 'NONE',  ( -25.27999999999999048, -6.222539674441619262, -18.00000000000000000 ) ) ;
#1912 = LINE ( 'NONE', #7864, #9780 ) ;
#1913 = AXIS2_PLACEMENT_3D ( 'NONE', #5235, #8108, #2147 ) ;
#1914 = EDGE_LOOP ( 'NONE', ( #11326, #9941, #3196, #11664 ) ) ;
#1915 = DIRECTION ( 'NONE',  ( 2.775557561562888984E-15, 0.000000000000000000, -1.000000000000000000 ) ) ;
#1916 = VERTEX_POINT ( 'NONE', #6019 ) ;
#1917 = ORIENTED_EDGE ( 'NONE', *, *, #12191, .F. ) ;
#1918 = ADVANCED_FACE ( 'NONE', ( #207 ), #8953, .T. ) ;
#1919 = ORIENTED_EDGE ( 'NONE', *, *, #7334, .T. ) ;
#1920 = PLANE ( 'NONE',  #3144 ) ;
#1921 = VECTOR ( 'NONE', #717, 1000.000000000000000 ) ;
#1922 = CARTESIAN_POINT ( 'NONE',  ( -21.83999999999999986, 1.600000000000000089, -15.49999999999999645 ) ) ;
#1923 = ORIENTED_EDGE ( 'NONE', *, *, #10336, .F. ) ;
#1924 = CARTESIAN_POINT ( 'NONE',  ( -35.35000000000002274, 9.226239259433204809E-14, 11.69292893218813489 ) ) ;
#1925 = VERTEX_POINT ( 'NONE', #3070 ) ;
#1926 = CARTESIAN_POINT ( 'NONE',  ( -35.14292893218814129, 1.600000000000062927, -11.90000000000002522 ) ) ;
#1927 = LINE ( 'NONE', #2835, #5019 ) ;
#1928 = DIRECTION ( 'NONE',  ( 0.000000000000000000, -1.000000000000000000, 0.000000000000000000 ) ) ;
#1929 = DIRECTION ( 'NONE',  ( -0.000000000000000000, 1.000000000000000000, -0.000000000000000000 ) ) ;
#1930 = DIRECTION ( 'NONE',  ( 0.000000000000000000, 0.000000000000000000, 1.000000000000000000 ) ) ;
#1931 = VERTEX_POINT ( 'NONE', #11065 ) ;
#1932 = DIRECTION ( 'NONE',  ( 1.000000000000000000, -0.000000000000000000, 2.965339275174023124E-16 ) ) ;
#1933 = EDGE_LOOP ( 'NONE', ( #994, #7125 ) ) ;
#1934 = CARTESIAN_POINT ( 'NONE',  ( 40.00000000000002132, 5.700000000000013500, 4.250000000000000000 ) ) ;
#1935 = DIRECTION ( 'NONE',  ( 0.000000000000000000, 0.000000000000000000, 1.000000000000000000 ) ) ;
#1936 = ADVANCED_FACE ( 'NONE', ( #6087 ), #5168, .T. ) ;
#1937 = EDGE_LOOP ( 'NONE', ( #8782, #3456, #8056, #11375, #10117 ) ) ;
#1938 = VECTOR ( 'NONE', #12938, 1000.000000000000000 ) ;
#1939 = DIRECTION ( 'NONE',  ( 0.000000000000000000, 1.000000000000000000, 0.000000000000000000 ) ) ;
#1940 = DIRECTION ( 'NONE',  ( 0.000000000000000000, -0.000000000000000000, 1.000000000000000000 ) ) ;
#1941 = LINE ( 'NONE', #2408, #5141 ) ;
#1942 = LINE ( 'NONE', #12229, #3506 ) ;
#1943 = CARTESIAN_POINT ( 'NONE',  ( 35.11070869979884179, 8.251936197537238726, -11.69797999999999938 ) ) ;
#1944 = EDGE_CURVE ( 'NONE', #2524, #4803, #2501, .T. ) ;
#1945 = VERTEX_POINT ( 'NONE', #2154 ) ;
#1946 = ADVANCED_FACE ( 'NONE', ( #6146 ), #9709, .F. ) ;
#1947 = ORIENTED_EDGE ( 'NONE', *, *, #924, .F. ) ;
#1948 = ADVANCED_FACE ( 'NONE', ( #2602 ), #757, .T. ) ;
#1949 = CARTESIAN_POINT ( 'NONE',  ( -35.01430964406271329, 8.556890761443924021, 11.70879466350531217 ) ) ;
#1950 = DIRECTION ( 'NONE',  ( -0.7071067811865512365, 0.000000000000000000, -0.7071067811865439090 ) ) ;
#1951 = VERTEX_POINT ( 'NONE', #3705 ) ;
#1952 = CIRCLE ( 'NONE', #9275, 2.200000000000000622 ) ;
#1953 = CARTESIAN_POINT ( 'NONE',  ( -33.79999999999999005, -0.0009999999999992653654, 7.250000000000006217 ) ) ;
#1954 = VECTOR ( 'NONE', #4342, 1000.000000000000000 ) ;
#1955 = DIRECTION ( 'NONE',  ( -0.000000000000000000, 1.000000000000000000, -0.000000000000000000 ) ) ;
#1956 = CARTESIAN_POINT ( 'NONE',  ( -11.67999999999999972, 0.000000000000000000, -15.49999999999999645 ) ) ;
#1957 = DIRECTION ( 'NONE',  ( 2.775557561562888984E-15, 0.000000000000000000, -1.000000000000000000 ) ) ;
#1958 = ORIENTED_EDGE ( 'NONE', *, *, #8394, .T. ) ;
#1959 = CARTESIAN_POINT ( 'NONE',  ( -19.29999999999999716, 0.000000000000000000, -14.99999999999999822 ) ) ;
#1960 = ORIENTED_EDGE ( 'NONE', *, *, #6157, .T. ) ;
#1961 = ADVANCED_FACE ( 'NONE', ( #12319 ), #1315, .F. ) ;
#1962 = VERTEX_POINT ( 'NONE', #11698 ) ;
#1963 = ORIENTED_EDGE ( 'NONE', *, *, #7716, .T. ) ;
#1964 = CARTESIAN_POINT ( 'NONE',  ( 35.01430964406270618, 8.376643082376668659, 11.60334291870195322 ) ) ;
#1965 = CARTESIAN_POINT ( 'NONE',  ( 6.100000000000001421, 1.600000000000000089, -15.49999999999999645 ) ) ;
#1966 = ORIENTED_EDGE ( 'NONE', *, *, #9375, .F. ) ;
#1967 = DIRECTION ( 'NONE',  ( -2.453639994309486367E-17, 1.000000000000000000, 3.571489509364048017E-15 ) ) ;
#1968 = LINE ( 'NONE', #9042, #6837 ) ;
#1969 = ORIENTED_EDGE ( 'NONE', *, *, #3346, .T. ) ;
#1970 = CARTESIAN_POINT ( 'NONE',  ( 35.15879466350530436, 8.556890761443922244, 11.56430964406271400 ) ) ;
#1971 = EDGE_CURVE ( 'NONE', #12518, #7705, #6286, .T. ) ;
#1972 = CARTESIAN_POINT ( 'NONE',  ( 1.131370849898470698, -2.399999999999999467, -10.76005050633884785 ) ) ;
#1973 = DIRECTION ( 'NONE',  ( 0.000000000000000000, 0.000000000000000000, 1.000000000000000000 ) ) ;
#1974 = EDGE_CURVE ( 'NONE', #1184, #4520, #332, .T. ) ;
#1975 = VERTEX_POINT ( 'NONE', #7633 ) ;
#1976 = DIRECTION ( 'NONE',  ( 0.000000000000000000, 0.000000000000000000, 1.000000000000000000 ) ) ;
#1977 = EDGE_LOOP ( 'NONE', ( #6607, #9919, #3138, #5954 ) ) ;
#1978 = EDGE_LOOP ( 'NONE', ( #3229, #10248, #6165, #3569 ) ) ;
#1979 = EDGE_LOOP ( 'NONE', ( #7427, #5920, #4628, #12236 ) ) ;
#1980 = DIRECTION ( 'NONE',  ( 1.000000000000000000, 0.000000000000000000, 2.775557561562888984E-15 ) ) ;
#1981 = DIRECTION ( 'NONE',  ( 0.7071067811865172636, 0.000000000000000000, -0.7071067811865777708 ) ) ;
#1982 = VERTEX_POINT ( 'NONE', #2731 ) ;
#1983 = CARTESIAN_POINT ( 'NONE',  ( 34.95000000000000284, 8.400000000000000355, 11.49999999999999645 ) ) ;
#1984 = ORIENTED_EDGE ( 'NONE', *, *, #5249, .T. ) ;
#1985 = LINE ( 'NONE', #1866, #5398 ) ;
#1986 = DIRECTION ( 'NONE',  ( -1.000000000000000000, -0.000000000000000000, -0.000000000000000000 ) ) ;
#1987 = DIRECTION ( 'NONE',  ( 0.000000000000000000, 0.000000000000000000, 1.000000000000000000 ) ) ;
#1988 = CARTESIAN_POINT ( 'NONE',  ( 5.200000000000002842, 0.000000000000000000, -15.49999999999999645 ) ) ;
#1989 = CARTESIAN_POINT ( 'NONE',  ( -37.70000000000000284, 0.000000000000000000, -15.69999999999999929 ) ) ;
#1990 = EDGE_LOOP ( 'NONE', ( #9670, #2057, #4494, #5785 ) ) ;
#1991 = DIRECTION ( 'NONE',  ( 0.000000000000000000, -1.000000000000000000, 0.000000000000000000 ) ) ;
#1992 = AXIS2_PLACEMENT_3D ( 'NONE', #4892, #7770, #2931 ) ;
#1993 = EDGE_LOOP ( 'NONE', ( #9906, #6507 ) ) ;
#1994 = LINE ( 'NONE', #1031, #9335 ) ;
#1995 = CARTESIAN_POINT ( 'NONE',  ( 33.80000000000000426, 6.899999999999999467, 6.250000000000006217 ) ) ;
#1996 = VERTEX_POINT ( 'NONE', #4319 ) ;
#1997 = FILL_AREA_STYLE_COLOUR ( '', #8098 ) ;
#1998 = DIRECTION ( 'NONE',  ( 0.000000000000000000, 0.000000000000000000, -1.000000000000000000 ) ) ;
#1999 = LINE ( 'NONE', #2990, #12465 ) ;
#2000 = AXIS2_PLACEMENT_3D ( 'NONE', #1286, #239, #1345 ) ;
#2001 = SURFACE_SIDE_STYLE ('',( #8028 ) ) ;
#2002 = AXIS2_PLACEMENT_3D ( 'NONE', #12816, #3844, #1750 ) ;
#2003 = EDGE_CURVE ( 'NONE', #8595, #54, #3327, .T. ) ;
#2004 = CARTESIAN_POINT ( 'NONE',  ( 35.07861928812541663, 8.409838636822840385, -11.85867521525114654 ) ) ;
#2005 = EDGE_CURVE ( 'NONE', #8067, #6454, #10272, .T. ) ;
#2006 = FACE_OUTER_BOUND ( 'NONE', #12391, .T. ) ;
#2007 = AXIS2_PLACEMENT_3D ( 'NONE', #2072, #10107, #12163 ) ;
#2008 = VERTEX_POINT ( 'NONE', #10572 ) ;
#2009 = VECTOR ( 'NONE', #5023, 1000.000000000000000 ) ;
#2010 = DIRECTION ( 'NONE',  ( 2.775557561562888984E-15, 0.000000000000000000, -1.000000000000000000 ) ) ;
#2011 = LINE ( 'NONE', #973, #12300 ) ;
#2012 = ORIENTED_EDGE ( 'NONE', *, *, #7395, .F. ) ;
#2013 = LINE ( 'NONE', #4116, #849 ) ;
#2014 = ADVANCED_FACE ( 'NONE', ( #7577 ), #5673, .T. ) ;
#2015 = FACE_OUTER_BOUND ( 'NONE', #9106, .T. ) ;
#2016 = DIRECTION ( 'NONE',  ( 0.000000000000000000, 0.000000000000000000, 1.000000000000000000 ) ) ;
#2017 = VECTOR ( 'NONE', #12435, 1000.000000000000000 ) ;
#2018 = DIRECTION ( 'NONE',  ( 0.000000000000000000, 1.000000000000000000, 0.000000000000000000 ) ) ;
#2019 = ADVANCED_FACE ( 'NONE', ( #6640 ), #10707, .F. ) ;
#2020 = COLOUR_RGB ( '',0.2509803921568627416, 0.2509803921568627416, 0.2509803921568627416 ) ;
#2021 = VECTOR ( 'NONE', #4076, 1000.000000000000000 ) ;
#2022 = ORIENTED_EDGE ( 'NONE', *, *, #6128, .T. ) ;
#2023 = COLOUR_RGB ( '',0.2509803921568627416, 0.2509803921568627416, 0.2509803921568627416 ) ;
#2024 = ORIENTED_EDGE ( 'NONE', *, *, #1816, .T. ) ;
#2025 = CARTESIAN_POINT ( 'NONE',  ( 35.07861928812542374, 8.409838636822838609, 11.85867521525114654 ) ) ;
#2026 = VECTOR ( 'NONE', #1523, 1000.000000000000000 ) ;
#2027 = DIRECTION ( 'NONE',  ( 0.000000000000000000, 0.000000000000000000, 1.000000000000000000 ) ) ;
#2028 = ORIENTED_EDGE ( 'NONE', *, *, #129, .F. ) ;
#2029 = SURFACE_STYLE_FILL_AREA ( #8978 ) ;
#2030 = CARTESIAN_POINT ( 'NONE',  ( -31.10000000000000142, 0.000000000000000000, -15.49999999999999645 ) ) ;
#2031 = DIRECTION ( 'NONE',  ( 1.000000000000000000, 0.000000000000000000, 0.000000000000000000 ) ) ;
#2032 = ORIENTED_EDGE ( 'NONE', *, *, #12373, .T. ) ;
#2033 = CARTESIAN_POINT ( 'NONE',  ( 25.40000000000000213, 1.600000000000000089, -18.00000000000000000 ) ) ;
#2034 = VECTOR ( 'NONE', #2059, 1000.000000000000000 ) ;
#2035 = AXIS2_PLACEMENT_3D ( 'NONE', #7193, #12187, #6289 ) ;
#2036 = DIRECTION ( 'NONE',  ( 0.000000000000000000, 1.000000000000000000, 0.000000000000000000 ) ) ;
#2037 = ADVANCED_FACE ( 'NONE', ( #9354 ), #2364, .F. ) ;
#2038 = VECTOR ( 'NONE', #10396, 1000.000000000000000 ) ;
#2039 = CARTESIAN_POINT ( 'NONE',  ( 5.080000000000000071, 1.600000000000000089, 0.000000000000000000 ) ) ;
#2040 = CIRCLE ( 'NONE', #4358, 0.2000000000000005107 ) ;
#2041 = EDGE_CURVE ( 'NONE', #6662, #7705, #12667, .T. ) ;
#2042 = EDGE_LOOP ( 'NONE', ( #3352, #1026, #9874, #1579 ) ) ;
#2043 = CARTESIAN_POINT ( 'NONE',  ( 35.15000000000001279, 1.600000000000000089, -11.70000000000002416 ) ) ;
#2044 = ORIENTED_EDGE ( 'NONE', *, *, #10531, .T. ) ;
#2045 = VECTOR ( 'NONE', #4920, 1000.000000000000000 ) ;
#2046 = EDGE_CURVE ( 'NONE', #11835, #299, #4629, .T. ) ;
#2047 = VERTEX_POINT ( 'NONE', #6344 ) ;
#2048 = AXIS2_PLACEMENT_3D ( 'NONE', #9201, #1284, #4226 ) ;
#2049 = EDGE_LOOP ( 'NONE', ( #9740, #6512, #8381, #6349 ) ) ;
#2050 = CARTESIAN_POINT ( 'NONE',  ( 34.80000000000000426, 8.400000000000000355, -6.249999999999996447 ) ) ;
#2051 = AXIS2_PLACEMENT_3D ( 'NONE', #739, #9756, #11678 ) ;
#2052 = DIRECTION ( 'NONE',  ( 0.000000000000000000, 0.000000000000000000, 1.000000000000000000 ) ) ;
#2053 = ORIENTED_EDGE ( 'NONE', *, *, #6213, .T. ) ;
#2054 = LINE ( 'NONE', #5010, #6332 ) ;
#2055 = CIRCLE ( 'NONE', #8334, 0.8999999999999980238 ) ;
#2056 = ADVANCED_FACE ( 'NONE', ( #8747 ), #10337, .T. ) ;
#2057 = ORIENTED_EDGE ( 'NONE', *, *, #9167, .F. ) ;
#2058 = AXIS2_PLACEMENT_3D ( 'NONE', #7590, #9604, #5553 ) ;
#2059 = DIRECTION ( 'NONE',  ( 2.775557561562888984E-15, 0.000000000000000000, -1.000000000000000000 ) ) ;
#2060 = DIRECTION ( 'NONE',  ( -0.000000000000000000, 1.000000000000000000, -0.000000000000000000 ) ) ;
#2061 = CARTESIAN_POINT ( 'NONE',  ( -32.00000000000000000, -6.222539674441619262, -15.49999999999999645 ) ) ;
#2062 = DIRECTION ( 'NONE',  ( 0.000000000000000000, 1.000000000000000000, -0.000000000000000000 ) ) ;
#2063 = AXIS2_PLACEMENT_3D ( 'NONE', #3850, #7831, #2676 ) ;
#2064 = PLANE ( 'NONE',  #976 ) ;
#2065 = VECTOR ( 'NONE', #12614, 1000.000000000000000 ) ;
#2066 = VERTEX_POINT ( 'NONE', #3410 ) ;
#2067 = DIRECTION ( 'NONE',  ( 0.000000000000000000, 1.000000000000000000, 0.000000000000000000 ) ) ;
#2068 = VECTOR ( 'NONE', #5593, 1000.000000000000000 ) ;
#2069 = VERTEX_POINT ( 'NONE', #12385 ) ;
#2070 = EDGE_CURVE ( 'NONE', #6324, #8032, #9591, .T. ) ;
#2071 = LINE ( 'NONE', #10166, #3060 ) ;
#2072 = CARTESIAN_POINT ( 'NONE',  ( 37.70000000000032969, 1.600000000000000089, 15.69999999999999929 ) ) ;
#2073 = AXIS2_PLACEMENT_3D ( 'NONE', #3504, #4617, #2462 ) ;
#2074 = DIRECTION ( 'NONE',  ( 0.000000000000000000, 1.000000000000000000, -0.000000000000000000 ) ) ;
#2075 = DIRECTION ( 'NONE',  ( 0.000000000000000000, 1.000000000000000000, -0.000000000000000000 ) ) ;
#2076 = FILL_AREA_STYLE_COLOUR ( '', #2493 ) ;
#2077 = EDGE_CURVE ( 'NONE', #10439, #5129, #4830, .T. ) ;
#2078 = AXIS2_PLACEMENT_3D ( 'NONE', #692, #3451, #4680 ) ;
#2079 = CARTESIAN_POINT ( 'NONE',  ( 34.95000000000000284, 8.397980000000000445, -11.50000000000000000 ) ) ;
#2080 = AXIS2_PLACEMENT_3D ( 'NONE', #5502, #8574, #4583 ) ;
#2081 = ORIENTED_EDGE ( 'NONE', *, *, #10055, .T. ) ;
#2082 = PLANE ( 'NONE',  #6668 ) ;
#2083 = VERTEX_POINT ( 'NONE', #2842 ) ;
#2084 = MECHANICAL_DESIGN_GEOMETRIC_PRESENTATION_REPRESENTATION (  '', ( #7315 ), #11078 ) ;
#2085 = EDGE_CURVE ( 'NONE', #8361, #6319, #10043, .T. ) ;
#2086 = LINE ( 'NONE', #11118, #5490 ) ;
#2087 = CARTESIAN_POINT ( 'NONE',  ( 0.000000000000000000, 0.000000000000000000, 0.000000000000000000 ) ) ;
#2088 = ORIENTED_EDGE ( 'NONE', *, *, #6721, .T. ) ;
#2089 = CIRCLE ( 'NONE', #4184, 0.8999999999999980238 ) ;
#2090 = LINE ( 'NONE', #9868, #9824 ) ;
#2091 = EDGE_CURVE ( 'NONE', #10763, #6702, #1251, .T. ) ;
#2092 = FACE_OUTER_BOUND ( 'NONE', #2099, .T. ) ;
#2093 = DIRECTION ( 'NONE',  ( 0.000000000000000000, 0.000000000000000000, 1.000000000000000000 ) ) ;
#2094 = AXIS2_PLACEMENT_3D ( 'NONE', #5361, #12179, #400 ) ;
#2095 = CARTESIAN_POINT ( 'NONE',  ( 0.000000000000000000, 8.599999999999999645, -9.075000000000002842 ) ) ;
#2096 = EDGE_CURVE ( 'NONE', #10876, #8885, #833, .T. ) ;
#2097 = ORIENTED_EDGE ( 'NONE', *, *, #999, .T. ) ;
#2098 = DIRECTION ( 'NONE',  ( 0.000000000000000000, 1.000000000000000000, -0.000000000000000000 ) ) ;
#2099 = EDGE_LOOP ( 'NONE', ( #12160, #11906, #2798, #7751, #10890 ) ) ;
#2100 = LINE ( 'NONE', #928, #9648 ) ;
#2101 = LINE ( 'NONE', #6095, #12908 ) ;
#2102 = EDGE_CURVE ( 'NONE', #9729, #5067, #1093, .T. ) ;
#2103 = ORIENTED_EDGE ( 'NONE', *, *, #10529, .F. ) ;
#2104 = DIRECTION ( 'NONE',  ( 0.000000000000000000, 1.000000000000000000, 0.000000000000000000 ) ) ;
#2105 = CARTESIAN_POINT ( 'NONE',  ( -28.55999999999999872, 0.000000000000000000, -18.00000000000000000 ) ) ;
#2106 = EDGE_LOOP ( 'NONE', ( #11584, #11364, #6569, #8320 ) ) ;
#2107 = CARTESIAN_POINT ( 'NONE',  ( 33.64999999999999858, 8.599999999999999645, -10.07500000000000462 ) ) ;
#2108 = CARTESIAN_POINT ( 'NONE',  ( -24.37999999999999901, -6.222539674441619262, -15.99999999999999645 ) ) ;
#2109 = FACE_BOUND ( 'NONE', #1993, .T. ) ;
#2110 = DIRECTION ( 'NONE',  ( 0.000000000000000000, 0.000000000000000000, 1.000000000000000000 ) ) ;
#2111 = CARTESIAN_POINT ( 'NONE',  ( 34.10000000000000142, 8.500000000000000000, 9.625000000000003553 ) ) ;
#2112 = EDGE_CURVE ( 'NONE', #9091, #1366, #10838, .T. ) ;
#2113 = VERTEX_POINT ( 'NONE', #1803 ) ;
#2114 = EDGE_LOOP ( 'NONE', ( #7282, #12499, #7318, #3885 ) ) ;
#2115 = ORIENTED_EDGE ( 'NONE', *, *, #11876, .T. ) ;
#2116 = CARTESIAN_POINT ( 'NONE',  ( 33.80000000000000426, 6.899999999999999467, 6.250000000000006217 ) ) ;
#2117 = DIRECTION ( 'NONE',  ( 0.000000000000000000, 0.000000000000000000, -1.000000000000000000 ) ) ;
#2118 = ORIENTED_EDGE ( 'NONE', *, *, #6606, .F. ) ;
#2119 = EDGE_CURVE ( 'NONE', #12247, #8484, #12012, .T. ) ;
#2120 = FACE_OUTER_BOUND ( 'NONE', #2811, .T. ) ;
#2121 = LINE ( 'NONE', #6839, #11232 ) ;
#2122 = ORIENTED_EDGE ( 'NONE', *, *, #6978, .F. ) ;
#2123 = EDGE_CURVE ( 'NONE', #4927, #5282, #9782, .T. ) ;
#2124 = DIRECTION ( 'NONE',  ( 0.000000000000000000, 0.000000000000000000, -1.000000000000000000 ) ) ;
#2125 = PLANE ( 'NONE',  #10656 ) ;
#2126 = EDGE_CURVE ( 'NONE', #7259, #4684, #1465, .T. ) ;
#2127 = FACE_OUTER_BOUND ( 'NONE', #6639, .T. ) ;
#2128 =( NAMED_UNIT ( * ) PLANE_ANGLE_UNIT ( ) SI_UNIT ( $, .RADIAN. ) );
#2129 = DIRECTION ( 'NONE',  ( 0.000000000000000000, 0.000000000000000000, -1.000000000000000000 ) ) ;
#2130 = ORIENTED_EDGE ( 'NONE', *, *, #8455, .F. ) ;
#2131 = DIRECTION ( 'NONE',  ( 2.775557561562888984E-15, 0.000000000000000000, -1.000000000000000000 ) ) ;
#2132 = VERTEX_POINT ( 'NONE', #9848 ) ;
#2133 = CARTESIAN_POINT ( 'NONE',  ( -34.95000000000002416, 1.600000000000000089, 11.70000000000002416 ) ) ;
#2134 = CARTESIAN_POINT ( 'NONE',  ( -33.98994949366117879, -2.399999999999999467, -10.61862915010154040 ) ) ;
#2135 = VECTOR ( 'NONE', #2551, 1000.000000000000000 ) ;
#2136 = VERTEX_POINT ( 'NONE', #8810 ) ;
#2137 =( NAMED_UNIT ( * ) PLANE_ANGLE_UNIT ( ) SI_UNIT ( $, .RADIAN. ) );
#2138 = CARTESIAN_POINT ( 'NONE',  ( -35.14999999999999858, 8.199999999999999289, -11.69292893218813667 ) ) ;
#2139 = CARTESIAN_POINT ( 'NONE',  ( 37.70000000000032969, 0.000000000000000000, 15.69999999999999929 ) ) ;
#2140 = DIRECTION ( 'NONE',  ( 0.000000000000000000, 1.000000000000000000, -0.000000000000000000 ) ) ;
#2141 = EDGE_CURVE ( 'NONE', #6046, #4870, #5625, .T. ) ;
#2142 = CARTESIAN_POINT ( 'NONE',  ( -40.00000000000000000, 0.000000000000000000, 18.00000000000000000 ) ) ;
#2143 = ORIENTED_EDGE ( 'NONE', *, *, #10899, .T. ) ;
#2144 = ADVANCED_FACE ( 'NONE', ( #9972 ), #3977, .F. ) ;
#2145 = FACE_OUTER_BOUND ( 'NONE', #4222, .T. ) ;
#2146 = EDGE_LOOP ( 'NONE', ( #11516, #4918, #7355, #9286 ) ) ;
#2147 = DIRECTION ( 'NONE',  ( 0.000000000000000000, 0.000000000000000000, 1.000000000000000000 ) ) ;
#2148 = DIRECTION ( 'NONE',  ( 0.000000000000000000, 1.000000000000000000, 0.000000000000000000 ) ) ;
#2149 = ORIENTED_EDGE ( 'NONE', *, *, #10156, .F. ) ;
#2150 = DIRECTION ( 'NONE',  ( -0.000000000000000000, 1.000000000000000000, -0.000000000000000000 ) ) ;
#2151 = DIRECTION ( 'NONE',  ( 1.000000000000000000, -0.000000000000000000, 2.775557561562888984E-15 ) ) ;
#2152 = CARTESIAN_POINT ( 'NONE',  ( 22.86000000000000298, 1.600000000000000089, 0.000000000000000000 ) ) ;
#2153 = EDGE_CURVE ( 'NONE', #9278, #1931, #11888, .T. ) ;
#2154 = CARTESIAN_POINT ( 'NONE',  ( -33.64999999999999858, 8.599999999999999645, 9.075000000000002842 ) ) ;
#2155 = DIRECTION ( 'NONE',  ( 0.000000000000000000, 0.000000000000000000, 1.000000000000000000 ) ) ;
#2156 = ORIENTED_EDGE ( 'NONE', *, *, #12443, .T. ) ;
#2157 = LINE ( 'NONE', #11067, #6009 ) ;
#2158 = CIRCLE ( 'NONE', #8638, 0.5000000000000004441 ) ;
#2159 = ORIENTED_EDGE ( 'NONE', *, *, #7615, .F. ) ;
#2160 = FACE_OUTER_BOUND ( 'NONE', #1937, .T. ) ;
#2161 = CARTESIAN_POINT ( 'NONE',  ( 33.80000000000000426, 8.400000000000000355, -7.249999999999997335 ) ) ;
#2162 = ORIENTED_EDGE ( 'NONE', *, *, #8085, .T. ) ;
#2163 = FACE_OUTER_BOUND ( 'NONE', #927, .T. ) ;
#2164 = CARTESIAN_POINT ( 'NONE',  ( -12.57999999999999119, 1.600000000000000089, -18.00000000000000000 ) ) ;
#2165 = ORIENTED_EDGE ( 'NONE', *, *, #11602, .T. ) ;
#2166 = DIRECTION ( 'NONE',  ( -0.000000000000000000, 1.000000000000000000, -0.000000000000000000 ) ) ;
#2167 =( NAMED_UNIT ( * ) SI_UNIT ( $, .STERADIAN. ) SOLID_ANGLE_UNIT ( ) );
#2168 = ADVANCED_FACE ( 'NONE', ( #8933 ), #4945, .T. ) ;
#2169 = DIRECTION ( 'NONE',  ( 0.000000000000000000, 0.000000000000000000, 1.000000000000000000 ) ) ;
#2170 = EDGE_CURVE ( 'NONE', #815, #5887, #6766, .T. ) ;
#2171 = CYLINDRICAL_SURFACE ( 'NONE', #770, 0.2000000000000005107 ) ;
#2172 = ORIENTED_EDGE ( 'NONE', *, *, #6834, .F. ) ;
#2173 = FILL_AREA_STYLE ('',( #957 ) ) ;
#2174 = ORIENTED_EDGE ( 'NONE', *, *, #690, .F. ) ;
#2175 = ORIENTED_EDGE ( 'NONE', *, *, #12202, .F. ) ;
#2176 = LINE ( 'NONE', #5068, #9386 ) ;
#2177 = CARTESIAN_POINT ( 'NONE',  ( -26.91999999999999815, 1.600000000000000089, -14.59999999999999787 ) ) ;
#2178 = ORIENTED_EDGE ( 'NONE', *, *, #9821, .T. ) ;
#2179 = DIRECTION ( 'NONE',  ( 0.000000000000000000, 0.000000000000000000, 1.000000000000000000 ) ) ;
#2180 = CYLINDRICAL_SURFACE ( 'NONE', #2860, 0.8999999999999980238 ) ;
#2181 = ORIENTED_EDGE ( 'NONE', *, *, #11739, .F. ) ;
#2182 = EDGE_CURVE ( 'NONE', #3158, #9441, #6830, .T. ) ;
#2183 = DIRECTION ( 'NONE',  ( 0.000000000000000000, -1.000000000000000000, 0.000000000000000000 ) ) ;
#2184 = ADVANCED_FACE ( 'NONE', ( #893 ), #5928, .T. ) ;
#2185 = DIRECTION ( 'NONE',  ( 0.000000000000000000, 1.000000000000000000, -0.000000000000000000 ) ) ;
#2186 = PLANE ( 'NONE',  #3299 ) ;
#2187 = DIRECTION ( 'NONE',  ( 0.000000000000000000, 1.000000000000000000, 0.000000000000000000 ) ) ;
#2188 = VERTEX_POINT ( 'NONE', #3042 ) ;
#2189 = LINE ( 'NONE', #3242, #5430 ) ;
#2190 = ORIENTED_EDGE ( 'NONE', *, *, #8676, .F. ) ;
#2191 = ADVANCED_FACE ( 'NONE', ( #48 ), #954, .F. ) ;
#2192 = EDGE_CURVE ( 'NONE', #3304, #4721, #2189, .T. ) ;
#2193 = LINE ( 'NONE', #1934, #9126 ) ;
#2194 = CARTESIAN_POINT ( 'NONE',  ( 40.00000000000002132, 5.700000000000033040, -4.250000000000000000 ) ) ;
#2195 = VERTEX_POINT ( 'NONE', #4232 ) ;
#2196 = FILL_AREA_STYLE ('',( #1997 ) ) ;
#2197 = CARTESIAN_POINT ( 'NONE',  ( 7.620000000000000107, -6.222539674441619262, -18.00000000000000000 ) ) ;
#2198 = CARTESIAN_POINT ( 'NONE',  ( -32.89999999999999858, 0.000000000000000000, -15.49999999999999645 ) ) ;
#2199 = CARTESIAN_POINT ( 'NONE',  ( 35.14292893218813418, 8.200000000000001066, -11.50000000000000000 ) ) ;
#2200 = CYLINDRICAL_SURFACE ( 'NONE', #561, 0.4999999999999987232 ) ;
#2201 = AXIS2_PLACEMENT_3D ( 'NONE', #2279, #10173, #7313 ) ;
#2202 = EDGE_CURVE ( 'NONE', #8379, #6107, #6180, .T. ) ;
#2203 = ORIENTED_EDGE ( 'NONE', *, *, #12306, .T. ) ;
#2204 = ORIENTED_EDGE ( 'NONE', *, *, #8227, .T. ) ;
#2205 = UNCERTAINTY_MEASURE_WITH_UNIT (LENGTH_MEASURE( 1.000000000000000082E-05 ), #11808, 'distance_accuracy_value', 'NONE');
#2206 = CARTESIAN_POINT ( 'NONE',  ( 33.64999999999999858, 8.599999999999999645, -9.625000000000003553 ) ) ;
#2207 = EDGE_CURVE ( 'NONE', #9456, #8129, #370, .T. ) ;
#2208 = ORIENTED_EDGE ( 'NONE', *, *, #5339, .F. ) ;
#2209 = ORIENTED_EDGE ( 'NONE', *, *, #5871, .T. ) ;
#2210 = EDGE_CURVE ( 'NONE', #8146, #10763, #11363, .T. ) ;
#2211 = PLANE ( 'NONE',  #4444 ) ;
#2212 = VECTOR ( 'NONE', #637, 1000.000000000000000 ) ;
#2213 = LINE ( 'NONE', #9080, #5403 ) ;
#2214 = ORIENTED_EDGE ( 'NONE', *, *, #2595, .T. ) ;
#2215 = CARTESIAN_POINT ( 'NONE',  ( 40.00000000000000000, 0.000000000000000000, 18.00000000000000000 ) ) ;
#2216 = DIRECTION ( 'NONE',  ( -1.000000000000000000, 0.000000000000000000, -0.000000000000000000 ) ) ;
#2217 = ADVANCED_FACE ( 'NONE', ( #1349 ), #10163, .F. ) ;
#2218 = CARTESIAN_POINT ( 'NONE',  ( 35.35000000000002274, 9.061709104700523910E-14, -3.749999999999997780 ) ) ;
#2219 = B_SPLINE_CURVE_WITH_KNOTS ( 'NONE', 3,
 ( #8783, #9741, #10997, #9817, #923, #3866 ),
 .UNSPECIFIED., .F., .F.,
 ( 4, 2, 4 ),
 ( 3.469446951953613804E-18, 0.0003268290260693057286, 0.0006536580521386079878 ),
 .UNSPECIFIED. ) ;
#2220 = DIRECTION ( 'NONE',  ( 0.000000000000000000, -1.000000000000000000, 3.571489509364004629E-15 ) ) ;
#2221 = VECTOR ( 'NONE', #11300, 1000.000000000000000 ) ;
#2222 = CIRCLE ( 'NONE', #8074, 1.000000000000001776 ) ;
#2223 = ORIENTED_EDGE ( 'NONE', *, *, #11130, .F. ) ;
#2224 = DIRECTION ( 'NONE',  ( 0.000000000000000000, 1.000000000000000000, 0.000000000000000000 ) ) ;
#2225 = VERTEX_POINT ( 'NONE', #7106 ) ;
#2226 = DIRECTION ( 'NONE',  ( -0.000000000000000000, 1.000000000000000000, -0.000000000000000000 ) ) ;
#2227 = FILL_AREA_STYLE_COLOUR ( '', #11453 ) ;
#2228 = VERTEX_POINT ( 'NONE', #309 ) ;
#2229 = CARTESIAN_POINT ( 'NONE',  ( 37.70000000000000284, 0.000000000000000000, -17.09999999999999432 ) ) ;
#2230 = FACE_OUTER_BOUND ( 'NONE', #281, .T. ) ;
#2231 = ORIENTED_EDGE ( 'NONE', *, *, #8968, .T. ) ;
#2232 = VECTOR ( 'NONE', #1033, 1000.000000000000000 ) ;
#2233 = CARTESIAN_POINT ( 'NONE',  ( 34.95000000000000284, 8.397979999999996892, 11.50000000000000178 ) ) ;
#2234 = B_SPLINE_CURVE_WITH_KNOTS ( 'NONE', 3,
 ( #10532, #7834, #908, #2861, #3919, #3660 ),
 .UNSPECIFIED., .F., .F.,
 ( 4, 2, 4 ),
 ( 0.000000000000000000, 0.0003268290260693038855, 0.0006536580521386077709 ),
 .UNSPECIFIED. ) ;
#2235 = APPLICATION_PROTOCOL_DEFINITION ( 'draft international standard', 'automotive_design', 1998, #9388 ) ;
#2236 = DIRECTION ( 'NONE',  ( 0.000000000000000000, 1.000000000000000000, 0.000000000000000000 ) ) ;
#2237 = CIRCLE ( 'NONE', #11024, 1.000000000000000000 ) ;
#2238 = FACE_OUTER_BOUND ( 'NONE', #2777, .T. ) ;
#2239 = DIRECTION ( 'NONE',  ( -0.000000000000000000, 1.000000000000000000, -0.000000000000000000 ) ) ;
#2240 = MECHANICAL_DESIGN_GEOMETRIC_PRESENTATION_REPRESENTATION (  '', ( #8349 ), #6443 ) ;
#2241 = ORIENTED_EDGE ( 'NONE', *, *, #8859, .T. ) ;
#2242 = LINE ( 'NONE', #12953, #713 ) ;
#2243 = EDGE_LOOP ( 'NONE', ( #248, #11288, #9403, #4567 ) ) ;
#2244 = VERTEX_POINT ( 'NONE', #8083 ) ;
#2245 = FACE_OUTER_BOUND ( 'NONE', #7486, .T. ) ;
#2246 = LINE ( 'NONE', #5462, #9164 ) ;
#2247 = EDGE_LOOP ( 'NONE', ( #8072, #1794, #6944, #5780, #3738 ) ) ;
#2248 = AXIS2_PLACEMENT_3D ( 'NONE', #3641, #7630, #11619 ) ;
#2249 = CARTESIAN_POINT ( 'NONE',  ( 34.13137084989850223, -2.399999999999999467, -10.76005050633884075 ) ) ;
#2250 = STYLED_ITEM ( 'NONE', ( #7967 ), #11202 ) ;
#2251 = EDGE_CURVE ( 'NONE', #11459, #10471, #9265, .T. ) ;
#2252 = DIRECTION ( 'NONE',  ( 1.000000000000000000, 0.000000000000000000, 0.000000000000000000 ) ) ;
#2253 = CIRCLE ( 'NONE', #9141, 0.8999999999999980238 ) ;
#2254 = VERTEX_POINT ( 'NONE', #1217 ) ;
#2255 = PRESENTATION_STYLE_ASSIGNMENT (( #4426 ) ) ;
#2256 = CARTESIAN_POINT ( 'NONE',  ( -20.19999999999999574, 0.000000000000000000, -18.00000000000000000 ) ) ;
#2257 = EDGE_CURVE ( 'NONE', #8239, #46, #11103, .T. ) ;
#2258 = AXIS2_PLACEMENT_3D ( 'NONE', #5885, #5948, #12029 ) ;
#2259 = CARTESIAN_POINT ( 'NONE',  ( 34.13137084989850223, -16.60000000000000497, -10.76005050633884075 ) ) ;
#2260 = AXIS2_PLACEMENT_3D ( 'NONE', #619, #8846, #3624 ) ;
#2261 = PLANE ( 'NONE',  #6624 ) ;
#2262 = FACE_OUTER_BOUND ( 'NONE', #5918, .T. ) ;
#2263 = AXIS2_PLACEMENT_3D ( 'NONE', #440, #9262, #6250 ) ;
#2264 = VERTEX_POINT ( 'NONE', #174 ) ;
#2265 = DIRECTION ( 'NONE',  ( 2.775557561562888984E-15, 0.000000000000000000, -1.000000000000000000 ) ) ;
#2266 = VECTOR ( 'NONE', #4161, 1000.000000000000000 ) ;
#2267 = AXIS2_PLACEMENT_3D ( 'NONE', #2963, #9950, #5910 ) ;
#2268 = EDGE_LOOP ( 'NONE', ( #4188, #9434, #11802, #3676 ) ) ;
#2269 = AXIS2_PLACEMENT_3D ( 'NONE', #7015, #5006, #6952 ) ;
#2270 = EDGE_CURVE ( 'NONE', #7381, #9168, #2338, .T. ) ;
#2271 = DIRECTION ( 'NONE',  ( 0.000000000000000000, -0.000000000000000000, -1.000000000000000000 ) ) ;
#2272 = VECTOR ( 'NONE', #3667, 1000.000000000000000 ) ;
#2273 = LINE ( 'NONE', #376, #2928 ) ;
#2274 = ORIENTED_EDGE ( 'NONE', *, *, #3662, .F. ) ;
#2275 = VECTOR ( 'NONE', #9948, 1000.000000000000000 ) ;
#2276 = PLANE ( 'NONE',  #775 ) ;
#2277 = DIRECTION ( 'NONE',  ( -0.000000000000000000, 0.000000000000000000, 1.000000000000000000 ) ) ;
#2278 = VECTOR ( 'NONE', #2166, 1000.000000000000000 ) ;
#2279 = CARTESIAN_POINT ( 'NONE',  ( -29.46000000000000085, -6.222539674441619262, -15.49999999999999645 ) ) ;
#2280 = VECTOR ( 'NONE', #1957, 1000.000000000000000 ) ;
#2281 = CARTESIAN_POINT ( 'NONE',  ( 3.560000000000000497, 1.600000000000000089, -15.49999999999999645 ) ) ;
#2282 = ORIENTED_EDGE ( 'NONE', *, *, #4976, .F. ) ;
#2283 = EDGE_LOOP ( 'NONE', ( #7906, #9442, #1642, #6948 ) ) ;
#2285 = ORIENTED_EDGE ( 'NONE', *, *, #473, .T. ) ;
#2284 = AXIS2_PLACEMENT_3D ( 'NONE', #2643, #6622, #683 ) ;
#2286 = VERTEX_POINT ( 'NONE', #6122 ) ;
#2287 = VECTOR ( 'NONE', #10613, 1000.000000000000000 ) ;
#2288 = CARTESIAN_POINT ( 'NONE',  ( -35.35000000000002274, 9.154640719485896372E-14, 0.000000000000000000 ) ) ;
#2289 = CARTESIAN_POINT ( 'NONE',  ( -40.00000000000000000, 1.600000000000000089, -18.00000000000000000 ) ) ;
#2290 = EDGE_LOOP ( 'NONE', ( #3622, #2550 ) ) ;
#2291 = VECTOR ( 'NONE', #9643, 1000.000000000000000 ) ;
#2293 = EDGE_CURVE ( 'NONE', #5678, #6493, #1663, .T. ) ;
#2292 = DIRECTION ( 'NONE',  ( 0.000000000000000000, 0.000000000000000000, -1.000000000000000000 ) ) ;
#2294 = CARTESIAN_POINT ( 'NONE',  ( -2.419999999999998597, 0.000000000000000000, -15.49999999999999645 ) ) ;
#2295 = AXIS2_PLACEMENT_3D ( 'NONE', #12040, #3271, #7256 ) ;
#2296 = EDGE_CURVE ( 'NONE', #3997, #4305, #10226, .T. ) ;
#2297 = CARTESIAN_POINT ( 'NONE',  ( -26.91999999999999815, 1.600000000000000089, -15.99999999999999645 ) ) ;
#2298 = EDGE_CURVE ( 'NONE', #6702, #3087, #10371, .T. ) ;
#2299 = VECTOR ( 'NONE', #8359, 1000.000000000000000 ) ;
#2300 = DIRECTION ( 'NONE',  ( -0.7071067811865449082, 0.000000000000000000, 0.7071067811865501263 ) ) ;
#2301 = VECTOR ( 'NONE', #9914, 1000.000000000000000 ) ;
#2302 = FACE_OUTER_BOUND ( 'NONE', #11055, .T. ) ;
#2303 = VERTEX_POINT ( 'NONE', #6320 ) ;
#2304 = LINE ( 'NONE', #3211, #4965 ) ;
#2305 = ADVANCED_FACE ( 'NONE', ( #7301 ), #11224, .F. ) ;
#2306 = EDGE_LOOP ( 'NONE', ( #4896, #3748, #5711, #5883, #11939, #11894, #3155, #1759 ) ) ;
#2307 = LINE ( 'NONE', #6292, #2755 ) ;
#2308 = CARTESIAN_POINT ( 'NONE',  ( -19.29999999999999716, 1.600000000000000089, -15.49999999999999645 ) ) ;
#2309 = VERTEX_POINT ( 'NONE', #1154 ) ;
#2310 = CARTESIAN_POINT ( 'NONE',  ( 32.08076118445750069, 0.000000000000000000, 12.81066017177981209 ) ) ;
#2311 = DIRECTION ( 'NONE',  ( -0.000000000000000000, 1.000000000000000000, -0.000000000000000000 ) ) ;
#2312 = ORIENTED_EDGE ( 'NONE', *, *, #8354, .F. ) ;
#2313 = AXIS2_PLACEMENT_3D ( 'NONE', #6457, #12224, #8363 ) ;
#2314 = FACE_OUTER_BOUND ( 'NONE', #11729, .T. ) ;
#2315 = CARTESIAN_POINT ( 'NONE',  ( -9.139999999999998792, -6.222539674441619262, -15.49999999999999645 ) ) ;
#2316 = ADVANCED_FACE ( 'NONE', ( #244 ), #1290, .F. ) ;
#2317 = DIRECTION ( 'NONE',  ( 1.000000000000000000, -0.000000000000000000, 0.000000000000000000 ) ) ;
#2318 = CARTESIAN_POINT ( 'NONE',  ( -33.79999999999999005, 8.599999999999999645, 7.250000000000006217 ) ) ;
#2319 = FILL_AREA_STYLE_COLOUR ( '', #5640 ) ;
#2320 = ADVANCED_FACE ( 'NONE', ( #1414 ), #12159, .T. ) ;
#2321 = EDGE_LOOP ( 'NONE', ( #3617, #5083, #4259, #10937 ) ) ;
#2322 = CARTESIAN_POINT ( 'NONE',  ( -29.46000000000000085, 0.000000000000000000, -15.99999999999999645 ) ) ;
#2323 = AXIS2_PLACEMENT_3D ( 'NONE', #2739, #4509, #1699 ) ;
#2324 = ORIENTED_EDGE ( 'NONE', *, *, #5656, .T. ) ;
#2325 = ORIENTED_EDGE ( 'NONE', *, *, #64, .T. ) ;
#2326 = FACE_BOUND ( 'NONE', #2290, .T. ) ;
#2327 = DIRECTION ( 'NONE',  ( 0.000000000000000000, -1.000000000000000000, 0.000000000000000000 ) ) ;
#2328 = ORIENTED_EDGE ( 'NONE', *, *, #11127, .F. ) ;
#2329 = LINE ( 'NONE', #6310, #6976 ) ;
#2330 = CARTESIAN_POINT ( 'NONE',  ( 4.459999999999999076, 0.000000000000000000, -15.49999999999999645 ) ) ;
#2331 = ORIENTED_EDGE ( 'NONE', *, *, #402, .F. ) ;
#2332 = DIRECTION ( 'NONE',  ( -0.000000000000000000, 1.000000000000000000, -0.000000000000000000 ) ) ;
#2333 = DIRECTION ( 'NONE',  ( 0.000000000000000000, 1.000000000000000000, -0.000000000000000000 ) ) ;
#2334 = CARTESIAN_POINT ( 'NONE',  ( -11.67999999999999972, 0.000000000000000000, -14.59999999999999787 ) ) ;
#2335 = DIRECTION ( 'NONE',  ( 0.000000000000000000, 0.000000000000000000, 1.000000000000000000 ) ) ;
#2336 = CARTESIAN_POINT ( 'NONE',  ( -27.82000000000003936, 0.000000000000000000, -9.131584377541916332E-14 ) ) ;
#2337 = EDGE_LOOP ( 'NONE', ( #1187, #7947 ) ) ;
#2338 = LINE ( 'NONE', #5211, #12332 ) ;
#2339 = EDGE_CURVE ( 'NONE', #6533, #3166, #5140, .T. ) ;
#2340 = ORIENTED_EDGE ( 'NONE', *, *, #9835, .T. ) ;
#2341 = DIRECTION ( 'NONE',  ( -0.000000000000000000, 1.000000000000000000, -0.000000000000000000 ) ) ;
#2342 = DIRECTION ( 'NONE',  ( 0.000000000000000000, 0.000000000000000000, 1.000000000000000000 ) ) ;
#2343 = ORIENTED_EDGE ( 'NONE', *, *, #7419, .T. ) ;
#2344 = CARTESIAN_POINT ( 'NONE',  ( -34.95000000000000995, 8.199999999999999289, -11.50000000000002309 ) ) ;
#2345 = CARTESIAN_POINT ( 'NONE',  ( -35.05551376226944171, 8.601999999999998536, -11.53223752461893525 ) ) ;
#2346 = DIRECTION ( 'NONE',  ( -0.000000000000000000, 1.000000000000000000, -0.000000000000000000 ) ) ;
#2347 = PLANE ( 'NONE',  #3114 ) ;
#2348 = CARTESIAN_POINT ( 'NONE',  ( -33.91923881554251352, 0.000000000000000000, 10.54791847198287691 ) ) ;
#2349 = ORIENTED_EDGE ( 'NONE', *, *, #2912, .F. ) ;
#2350 = EDGE_LOOP ( 'NONE', ( #4530, #867, #2862, #7949 ) ) ;
#2351 = EDGE_CURVE ( 'NONE', #9481, #271, #10312, .T. ) ;
#2352 = LINE ( 'NONE', #5428, #8771 ) ;
#2353 = ORIENTED_EDGE ( 'NONE', *, *, #12234, .F. ) ;
#2354 = ORIENTED_EDGE ( 'NONE', *, *, #1944, .T. ) ;
#2355 = VECTOR ( 'NONE', #2509, 1000.000000000000000 ) ;
#2356 = FACE_OUTER_BOUND ( 'NONE', #10013, .T. ) ;
#2357 = DIRECTION ( 'NONE',  ( 2.775557561562888984E-15, 0.000000000000000000, -1.000000000000000000 ) ) ;
#2358 = VERTEX_POINT ( 'NONE', #11680 ) ;
#2359 = FACE_OUTER_BOUND ( 'NONE', #4137, .T. ) ;
#2360 = FACE_OUTER_BOUND ( 'NONE', #5431, .T. ) ;
#2361 = EDGE_CURVE ( 'NONE', #4381, #271, #9597, .T. ) ;
#2362 = DIRECTION ( 'NONE',  ( 0.000000000000000000, 1.000000000000000000, -0.000000000000000000 ) ) ;
#2363 = EDGE_CURVE ( 'NONE', #1676, #5139, #9585, .T. ) ;
#2364 = PLANE ( 'NONE',  #4167 ) ;
#2365 = DIRECTION ( 'NONE',  ( 0.000000000000000000, 0.000000000000000000, -1.000000000000000000 ) ) ;
#2366 = EDGE_CURVE ( 'NONE', #5705, #3281, #1734, .T. ) ;
#2367 = ORIENTED_EDGE ( 'NONE', *, *, #2457, .T. ) ;
#2368 = EDGE_CURVE ( 'NONE', #5959, #9020, #9395, .T. ) ;
#2369 = EDGE_CURVE ( 'NONE', #9764, #5803, #6697, .T. ) ;
#2370 = CARTESIAN_POINT ( 'NONE',  ( -32.00000000000000000, 1.600000000000000089, -15.99999999999999645 ) ) ;
#2371 = ORIENTED_EDGE ( 'NONE', *, *, #6509, .T. ) ;
#2372 = DIRECTION ( 'NONE',  ( -0.000000000000000000, 1.000000000000000000, -0.000000000000000000 ) ) ;
#2373 = CARTESIAN_POINT ( 'NONE',  ( -26.01999999999999602, 1.600000000000000089, -18.00000000000000000 ) ) ;
#2374 = EDGE_LOOP ( 'NONE', ( #12351, #7339, #7610, #3925 ) ) ;
#2375 = CIRCLE ( 'NONE', #3620, 2.200000000000000622 ) ;
#2376 = FACE_OUTER_BOUND ( 'NONE', #2429, .T. ) ;
#2377 = FACE_OUTER_BOUND ( 'NONE', #8327, .T. ) ;
#2378 = CARTESIAN_POINT ( 'NONE',  ( 0.000000000000000000, 0.000000000000000000, -18.00000000000000000 ) ) ;
#2379 = ADVANCED_FACE ( 'NONE', ( #1492 ), #1677, .T. ) ;
#2380 = CARTESIAN_POINT ( 'NONE',  ( -20.19999999999998863, 0.000000000000000000, -18.00000000000000000 ) ) ;
#2381 = LINE ( 'NONE', #12400, #5238 ) ;
#2382 = VECTOR ( 'NONE', #2489, 1000.000000000000000 ) ;
#2383 = ORIENTED_EDGE ( 'NONE', *, *, #10428, .F. ) ;
#2384 = CARTESIAN_POINT ( 'NONE',  ( -9.139999999999998792, 0.000000000000000000, -14.99999999999999822 ) ) ;
#2385 = VERTEX_POINT ( 'NONE', #9457 ) ;
#2386 = VERTEX_POINT ( 'NONE', #6452 ) ;
#2387 = LINE ( 'NONE', #8210, #12736 ) ;
#2388 = DIRECTION ( 'NONE',  ( -0.000000000000000000, 1.000000000000000000, -0.000000000000000000 ) ) ;
#2389 = VERTEX_POINT ( 'NONE', #10693 ) ;
#2390 = CARTESIAN_POINT ( 'NONE',  ( 6.999999999999999112, 0.000000000000000000, -15.49999999999999645 ) ) ;
#2391 = EDGE_CURVE ( 'NONE', #12638, #526, #501, .T. ) ;
#2392 = CARTESIAN_POINT ( 'NONE',  ( -6.599999999999997868, -6.222539674441619262, -15.99999999999999645 ) ) ;
#2393 = ORIENTED_EDGE ( 'NONE', *, *, #9032, .T. ) ;
#2394 = LINE ( 'NONE', #496, #3519 ) ;
#2395 = CIRCLE ( 'NONE', #9679, 6.000000000000000000 ) ;
#2396 = DIRECTION ( 'NONE',  ( -0.000000000000000000, -0.000000000000000000, 1.000000000000000000 ) ) ;
#2397 = EDGE_CURVE ( 'NONE', #3607, #3098, #12701, .T. ) ;
#2398 = FACE_OUTER_BOUND ( 'NONE', #11039, .T. ) ;
#2399 = FACE_OUTER_BOUND ( 'NONE', #8144, .T. ) ;
#2400 = EDGE_LOOP ( 'NONE', ( #9005, #7277, #9064, #10968, #7009 ) ) ;
#2401 = CARTESIAN_POINT ( 'NONE',  ( -28.56000000000004491, 0.000000000000000000, -8.631984016460597151E-14 ) ) ;
#2402 = VERTEX_POINT ( 'NONE', #4431 ) ;
#2403 = DIRECTION ( 'NONE',  ( 2.775557561562888984E-15, 0.000000000000000000, -1.000000000000000000 ) ) ;
#2404 = DIRECTION ( 'NONE',  ( -2.453639994309486675E-17, 1.000000000000000000, 0.000000000000000000 ) ) ;
#2405 = ORIENTED_EDGE ( 'NONE', *, *, #7535, .F. ) ;
#2406 =( NAMED_UNIT ( * ) PLANE_ANGLE_UNIT ( ) SI_UNIT ( $, .RADIAN. ) );
#2407 = CARTESIAN_POINT ( 'NONE',  ( -35.35200000000000387, 8.305513762269436384, -11.66069140756920497 ) ) ;
#2408 = CARTESIAN_POINT ( 'NONE',  ( -6.599999999999997868, 0.000000000000000000, -14.59999999999999787 ) ) ;
#2409 = CARTESIAN_POINT ( 'NONE',  ( 0.000000000000000000, -2.399999999999999467, 0.000000000000000000 ) ) ;
#2410 = ORIENTED_EDGE ( 'NONE', *, *, #11338, .F. ) ;
#2411 = EDGE_LOOP ( 'NONE', ( #7376, #12449, #3255, #3503, #9503 ) ) ;
#2412 = DIRECTION ( 'NONE',  ( 0.7071067811865388020, 0.000000000000000000, -0.7071067811865561215 ) ) ;
#2413 = EDGE_LOOP ( 'NONE', ( #461, #12790, #2285, #12174 ) ) ;
#2414 = ORIENTED_EDGE ( 'NONE', *, *, #5359, .T. ) ;
#2415 = CARTESIAN_POINT ( 'NONE',  ( -13.32000000000004292, 1.600000000000000089, -8.631984016460597151E-14 ) ) ;
#2416 = DIRECTION ( 'NONE',  ( -0.000000000000000000, 1.000000000000000000, -0.000000000000000000 ) ) ;
#2417 = ORIENTED_EDGE ( 'NONE', *, *, #9517, .T. ) ;
#2418 = CARTESIAN_POINT ( 'NONE',  ( 35.30689076144392402, 8.408794663505309686, -11.62861928812542622 ) ) ;
#2419 = ADVANCED_FACE ( 'NONE', ( #4670, #8419 ), #5660, .T. ) ;
#2420 = CARTESIAN_POINT ( 'NONE',  ( 34.95000000000001705, 8.199999999999999289, -11.50000000000002487 ) ) ;
#2421 = CARTESIAN_POINT ( 'NONE',  ( 34.10000000000000142, 8.500000000000000000, 9.525000000000002132 ) ) ;
#2422 = ADVANCED_FACE ( 'NONE', ( #6513 ), #8605, .F. ) ;
#2423 = PLANE ( 'NONE',  #422 ) ;
#2424 = CIRCLE ( 'NONE', #7437, 0.5000000000000004441 ) ;
#2425 = ORIENTED_EDGE ( 'NONE', *, *, #8251, .F. ) ;
#2426 = ADVANCED_FACE ( 'NONE', ( #12652 ), #3443, .F. ) ;
#2427 = DIRECTION ( 'NONE',  ( -0.000000000000000000, 1.000000000000000000, -0.000000000000000000 ) ) ;
#2428 = FACE_OUTER_BOUND ( 'NONE', #11669, .T. ) ;
#2429 = EDGE_LOOP ( 'NONE', ( #9762, #10887, #324, #2511 ) ) ;
#2430 = AXIS2_PLACEMENT_3D ( 'NONE', #10134, #8845, #12848 ) ;
#2431 = FACE_OUTER_BOUND ( 'NONE', #8318, .T. ) ;
#2432 = LINE ( 'NONE', #6296, #6447 ) ;
#2433 = ORIENTED_EDGE ( 'NONE', *, *, #5343, .T. ) ;
#2434 = DIRECTION ( 'NONE',  ( 0.000000000000000000, 0.000000000000000000, -1.000000000000000000 ) ) ;
#2435 = DIRECTION ( 'NONE',  ( -0.000000000000000000, 1.000000000000000000, -0.000000000000000000 ) ) ;
#2436 = AXIS2_PLACEMENT_3D ( 'NONE', #12777, #7729, #9675 ) ;
#2437 = STYLED_ITEM ( 'NONE', ( #9341 ), #3744 ) ;
#2438 = EDGE_CURVE ( 'NONE', #1556, #9866, #6475, .T. ) ;
#2439 = LINE ( 'NONE', #8517, #11264 ) ;
#2440 = CARTESIAN_POINT ( 'NONE',  ( -2.420000000000040341, 1.600000000000000089, -9.131584377541916332E-14 ) ) ;
#2441 = LINE ( 'NONE', #6426, #5860 ) ;
#2442 = ORIENTED_EDGE ( 'NONE', *, *, #3953, .T. ) ;
#2443 = ORIENTED_EDGE ( 'NONE', *, *, #5693, .T. ) ;
#2444 = CARTESIAN_POINT ( 'NONE',  ( 17.78000000000000114, 1.600000000000000089, 0.000000000000000000 ) ) ;
#2445 = VECTOR ( 'NONE', #6284, 1000.000000000000000 ) ;
#2446 = DIRECTION ( 'NONE',  ( 0.000000000000000000, 0.000000000000000000, -1.000000000000000000 ) ) ;
#2447 = EDGE_LOOP ( 'NONE', ( #3782, #9496, #6933, #118 ) ) ;
#2448 = CARTESIAN_POINT ( 'NONE',  ( -24.37999999999999901, 0.000000000000000000, -15.49999999999999645 ) ) ;
#2449 = AXIS2_PLACEMENT_3D ( 'NONE', #10507, #3245, #6259 ) ;
#2450 = DIRECTION ( 'NONE',  ( 0.000000000000000000, 0.000000000000000000, -1.000000000000000000 ) ) ;
#2451 = ORIENTED_EDGE ( 'NONE', *, *, #4866, .F. ) ;
#2452 = ADVANCED_FACE ( 'NONE', ( #12546, #7681, #3577, #7563 ), #11560, .F. ) ;
#2453 = CARTESIAN_POINT ( 'NONE',  ( 32.01005050633884252, 0.000000000000000000, -12.88137084989847381 ) ) ;
#2454 = CARTESIAN_POINT ( 'NONE',  ( -15.11999999999999744, 0.000000000000000000, -15.49999999999999645 ) ) ;
#2455 = CLOSED_SHELL ( 'NONE', ( #3356, #8038, #10452, #5724, #3745, #8261 ) ) ;
#2456 = LINE ( 'NONE', #6448, #7269 ) ;
#2457 = EDGE_CURVE ( 'NONE', #8919, #8129, #7845, .T. ) ;
#2458 = EDGE_CURVE ( 'NONE', #10734, #343, #3026, .T. ) ;
#2459 = CARTESIAN_POINT ( 'NONE',  ( 33.02000000000000313, 1.600000000000000089, -18.00000000000000000 ) ) ;
#2460 = AXIS2_PLACEMENT_3D ( 'NONE', #4451, #3718, #5434 ) ;
#2461 = ORIENTED_EDGE ( 'NONE', *, *, #11786, .F. ) ;
#2462 = DIRECTION ( 'NONE',  ( 0.000000000000000000, -0.000000000000000000, -1.000000000000000000 ) ) ;
#2463 = EDGE_CURVE ( 'NONE', #5839, #5843, #7866, .T. ) ;
#2464 = VERTEX_POINT ( 'NONE', #7750 ) ;
#2465 = COLOUR_RGB ( '',1.000000000000000000, 0.8117647058823529438, 0.5019607843137254832 ) ;
#2466 = STYLED_ITEM ( 'NONE', ( #4495 ), #11228 ) ;
#2467 = CYLINDRICAL_SURFACE ( 'NONE', #12486, 1.399999999999995026 ) ;
#2468 = EDGE_CURVE ( 'NONE', #2812, #3232, #8727, .T. ) ;
#2469 = VECTOR ( 'NONE', #2933, 1000.000000000000000 ) ;
#2470 = CARTESIAN_POINT ( 'NONE',  ( -11.67999999999999972, 0.000000000000000000, -15.49999999999999645 ) ) ;
#2471 = ORIENTED_EDGE ( 'NONE', *, *, #3284, .T. ) ;
#2472 = AXIS2_PLACEMENT_3D ( 'NONE', #7327, #8110, #7389 ) ;
#2473 = AXIS2_PLACEMENT_3D ( 'NONE', #8397, #9436, #7462 ) ;
#2474 = DIRECTION ( 'NONE',  ( 0.000000000000000000, 1.000000000000000000, -8.673617379884013384E-15 ) ) ;
#2475 = CARTESIAN_POINT ( 'NONE',  ( 35.14999999999999858, 8.199999999999999289, 11.69292893218813667 ) ) ;
#2476 = DIRECTION ( 'NONE',  ( 1.000000000000000000, -0.000000000000000000, 2.775557561562888984E-15 ) ) ;
#2477 =( NAMED_UNIT ( * ) PLANE_ANGLE_UNIT ( ) SI_UNIT ( $, .RADIAN. ) );
#2478 = CIRCLE ( 'NONE', #2671, 2.199999999999998845 ) ;
#2479 = AXIS2_PLACEMENT_3D ( 'NONE', #10038, #5075, #2124 ) ;
#2480 = LINE ( 'NONE', #4499, #8078 ) ;
#2481 = AXIS2_PLACEMENT_3D ( 'NONE', #829, #10902, #8930 ) ;
#2482 = ORIENTED_EDGE ( 'NONE', *, *, #10269, .F. ) ;
#2483 = VECTOR ( 'NONE', #1606, 1000.000000000000000 ) ;
#2484 = ADVANCED_FACE ( 'NONE', ( #6754 ), #879, .F. ) ;
#2485 = AXIS2_PLACEMENT_3D ( 'NONE', #125, #7916, #4118 ) ;
#2486 = VERTEX_POINT ( 'NONE', #10950 ) ;
#2487 = UNCERTAINTY_MEASURE_WITH_UNIT (LENGTH_MEASURE( 1.000000000000000082E-05 ), #9074, 'distance_accuracy_value', 'NONE');
#2488 = CARTESIAN_POINT ( 'NONE',  ( -22.50000000000000000, -1.400000000000000133, -2.147727943148358687 ) ) ;
#2489 = DIRECTION ( 'NONE',  ( -0.000000000000000000, -0.000000000000000000, 1.000000000000000000 ) ) ;
#2490 = ORIENTED_EDGE ( 'NONE', *, *, #6819, .T. ) ;
#2491 = EDGE_LOOP ( 'NONE', ( #6277, #1715, #5102, #12936 ) ) ;
#2492 = AXIS2_PLACEMENT_3D ( 'NONE', #4143, #6038, #1134 ) ;
#2493 = COLOUR_RGB ( '',1.000000000000000000, 0.8117647058823529438, 0.5019607843137254832 ) ;
#2494 = CARTESIAN_POINT ( 'NONE',  ( -0.9192388155425117446, 0.000000000000000000, 10.54791847198287336 ) ) ;
#2495 = DIRECTION ( 'NONE',  ( 1.000000000000000000, -0.000000000000000000, 0.000000000000000000 ) ) ;
#2496 = ORIENTED_EDGE ( 'NONE', *, *, #3473, .F. ) ;
#2497 = CARTESIAN_POINT ( 'NONE',  ( -21.83999999999999986, 0.000000000000000000, -15.99999999999999645 ) ) ;
#2498 = AXIS2_PLACEMENT_3D ( 'NONE', #5394, #3231, #9383 ) ;
#2499 = CARTESIAN_POINT ( 'NONE',  ( -37.70000000000000284, 1.600000000000000089, -15.69999999999999929 ) ) ;
#2500 = VECTOR ( 'NONE', #10640, 1000.000000000000000 ) ;
#2501 = CIRCLE ( 'NONE', #10433, 0.4999999999999987232 ) ;
#2502 = ADVANCED_FACE ( 'NONE', ( #5776 ), #3825, .T. ) ;
#2503 = ORIENTED_EDGE ( 'NONE', *, *, #9477, .F. ) ;
#2504 = EDGE_CURVE ( 'NONE', #1696, #46, #3768, .T. ) ;
#2505 = LINE ( 'NONE', #6540, #1921 ) ;
#2506 = DIRECTION ( 'NONE',  ( 0.000000000000000000, 1.000000000000000000, 0.000000000000000000 ) ) ;
#2507 = EDGE_LOOP ( 'NONE', ( #9687, #7973, #5334, #9813, #10635 ) ) ;
#2508 = AXIS2_PLACEMENT_3D ( 'NONE', #4568, #8563, #12563 ) ;
#2509 = DIRECTION ( 'NONE',  ( 2.775557561562888984E-15, 0.000000000000000000, -1.000000000000000000 ) ) ;
#2510 = DIRECTION ( 'NONE',  ( 0.000000000000000000, 1.000000000000000000, 0.000000000000000000 ) ) ;
#2511 = ORIENTED_EDGE ( 'NONE', *, *, #12895, .F. ) ;
#2512 = AXIS2_PLACEMENT_3D ( 'NONE', #1544, #555, #5590 ) ;
#2513 = AXIS2_PLACEMENT_3D ( 'NONE', #11005, #4070, #2888 ) ;
#2514 = AXIS2_PLACEMENT_3D ( 'NONE', #11045, #2074, #10850 ) ;
#2515 = FACE_OUTER_BOUND ( 'NONE', #10278, .T. ) ;
#2516 = AXIS2_PLACEMENT_3D ( 'NONE', #6810, #8797, #741 ) ;
#2517 = CARTESIAN_POINT ( 'NONE',  ( -34.10000000000000142, 8.500000000000000000, 9.625000000000003553 ) ) ;
#2518 = VERTEX_POINT ( 'NONE', #7806 ) ;
#2519 = EDGE_CURVE ( 'NONE', #50, #90, #5016, .T. ) ;
#2520 = ORIENTED_EDGE ( 'NONE', *, *, #7466, .T. ) ;
#2521 = ORIENTED_EDGE ( 'NONE', *, *, #1407, .F. ) ;
#2522 = CARTESIAN_POINT ( 'NONE',  ( -35.05564305317661677, 8.599999999999999645, -11.53243832617696363 ) ) ;
#2523 = CARTESIAN_POINT ( 'NONE',  ( 0.000000000000000000, 0.000000000000000000, 0.000000000000000000 ) ) ;
#2524 = VERTEX_POINT ( 'NONE', #11996 ) ;
#2525 = DIRECTION ( 'NONE',  ( 2.569960705151068762E-15, 1.000000000000000000, -6.123233995736767268E-17 ) ) ;
#2526 = CARTESIAN_POINT ( 'NONE',  ( -15.86000000000000298, 1.600000000000000089, -15.49999999999999645 ) ) ;
#2527 = ORIENTED_EDGE ( 'NONE', *, *, #6864, .F. ) ;
#2528 = CARTESIAN_POINT ( 'NONE',  ( -34.95000000000000284, 8.601999999999998536, 11.50000000000000355 ) ) ;
#2529 = CARTESIAN_POINT ( 'NONE',  ( -20.93999999999999417, -6.222539674441619262, -18.00000000000000000 ) ) ;
#2530 = DIRECTION ( 'NONE',  ( 0.000000000000000000, 1.000000000000000000, 0.000000000000000000 ) ) ;
#2531 = EDGE_CURVE ( 'NONE', #3957, #10471, #11801, .T. ) ;
#2532 = FACE_OUTER_BOUND ( 'NONE', #7517, .T. ) ;
#2533 = AXIS2_PLACEMENT_3D ( 'NONE', #6985, #10784, #8112 ) ;
#2534 = ORIENTED_EDGE ( 'NONE', *, *, #1974, .T. ) ;
#2535 = CARTESIAN_POINT ( 'NONE',  ( 30.48000000000000043, 0.000000000000000000, 0.000000000000000000 ) ) ;
#2536 = ORIENTED_EDGE ( 'NONE', *, *, #1550, .F. ) ;
#2537 = DIRECTION ( 'NONE',  ( -0.000000000000000000, 1.000000000000000000, -0.000000000000000000 ) ) ;
#2538 = LINE ( 'NONE', #3246, #11460 ) ;
#2539 = EDGE_LOOP ( 'NONE', ( #12722, #10609, #4901, #5904 ) ) ;
#2540 = EDGE_CURVE ( 'NONE', #10763, #9493, #11868, .T. ) ;
#2541 = EDGE_CURVE ( 'NONE', #2386, #10645, #6886, .T. ) ;
#2542 = FILL_AREA_STYLE ('',( #8613 ) ) ;
#2543 = CARTESIAN_POINT ( 'NONE',  ( -11.67999999999999972, 1.600000000000000089, -15.49999999999999645 ) ) ;
#2544 = FILL_AREA_STYLE_COLOUR ( '', #4551 ) ;
#2545 = DIRECTION ( 'NONE',  ( 2.775557561562888984E-15, 0.000000000000000000, -1.000000000000000000 ) ) ;
#2546 = ORIENTED_EDGE ( 'NONE', *, *, #2397, .T. ) ;
#2547 = VERTEX_POINT ( 'NONE', #9832 ) ;
#2548 = CARTESIAN_POINT ( 'NONE',  ( 35.14292893218813418, 8.200000000000001066, -11.70000000000000107 ) ) ;
#2549 = ORIENTED_EDGE ( 'NONE', *, *, #12621, .F. ) ;
#2550 = ORIENTED_EDGE ( 'NONE', *, *, #5893, .F. ) ;
#2551 = DIRECTION ( 'NONE',  ( 0.7071067811865486830, -0.000000000000000000, -0.7071067811865464625 ) ) ;
#2552 = DIRECTION ( 'NONE',  ( -1.000000000000000000, 0.000000000000000000, 0.000000000000000000 ) ) ;
#2553 = ORIENTED_EDGE ( 'NONE', *, *, #6805, .F. ) ;
#2554 = LINE ( 'NONE', #2672, #2936 ) ;
#2555 = ADVANCED_FACE ( 'NONE', ( #10749 ), #4871, .F. ) ;
#2556 = CARTESIAN_POINT ( 'NONE',  ( 40.00000000000000000, 0.000000000000000000, 18.00000000000000000 ) ) ;
#2557 = EDGE_CURVE ( 'NONE', #8166, #6904, #8156, .T. ) ;
#2558 = CARTESIAN_POINT ( 'NONE',  ( -14.22000000000000064, 0.000000000000000000, -15.49999999999999645 ) ) ;
#2559 = AXIS2_PLACEMENT_3D ( 'NONE', #12513, #5505, #7723 ) ;
#2560 = ORIENTED_EDGE ( 'NONE', *, *, #9271, .F. ) ;
#2561 = PLANE ( 'NONE',  #2559 ) ;
#2562 = DIRECTION ( 'NONE',  ( 1.000000000000000000, 0.000000000000000000, 0.000000000000000000 ) ) ;
#2563 = ORIENTED_EDGE ( 'NONE', *, *, #5557, .T. ) ;
#2564 = MANIFOLD_SOLID_BREP ( 'Boss-Extrude7[5]', #12288 ) ;
#2565 = CARTESIAN_POINT ( 'NONE',  ( 37.70000000000032969, 0.000000000000000000, 15.69999999999999929 ) ) ;
#2566 = CARTESIAN_POINT ( 'NONE',  ( -40.00000000000000000, 0.000000000000000000, -18.00000000000000000 ) ) ;
#2567 = VERTEX_POINT ( 'NONE', #6162 ) ;
#2568 = LINE ( 'NONE', #2623, #220 ) ;
#2569 = PLANE ( 'NONE',  #1445 ) ;
#2570 = DIRECTION ( 'NONE',  ( 0.000000000000000000, 1.000000000000000000, 0.000000000000000000 ) ) ;
#2571 = CARTESIAN_POINT ( 'NONE',  ( -24.37999999999999901, 1.600000000000000089, -15.49999999999999645 ) ) ;
#2572 = ORIENTED_EDGE ( 'NONE', *, *, #108, .F. ) ;
#2573 = ORIENTED_EDGE ( 'NONE', *, *, #6580, .T. ) ;
#2574 = ORIENTED_EDGE ( 'NONE', *, *, #2804, .T. ) ;
#2575 = CARTESIAN_POINT ( 'NONE',  ( 6.100000000000001421, 1.600000000000000089, -14.59999999999999787 ) ) ;
#2576 = LINE ( 'NONE', #731, #9578 ) ;
#2577 = ORIENTED_EDGE ( 'NONE', *, *, #1367, .F. ) ;
#2578 = CARTESIAN_POINT ( 'NONE',  ( -7.499999999999996447, 0.000000000000000000, -18.00000000000000000 ) ) ;
#2579 = CARTESIAN_POINT ( 'NONE',  ( -1.131370849898481135, -2.399999999999999467, -12.73994949366116813 ) ) ;
#2580 = ORIENTED_EDGE ( 'NONE', *, *, #660, .T. ) ;
#2581 = CARTESIAN_POINT ( 'NONE',  ( -35.15983863682283328, 8.558675215251144053, 11.56430964406271400 ) ) ;
#2582 = EDGE_CURVE ( 'NONE', #1587, #3458, #10660, .T. ) ;
#2583 = CARTESIAN_POINT ( 'NONE',  ( 33.64999999999999858, 8.500000000000000000, -9.525000000000003908 ) ) ;
#2584 = MANIFOLD_SOLID_BREP ( 'Boss-Extrude9[4]', #6207 ) ;
#2585 = VECTOR ( 'NONE', #2952, 1000.000000000000000 ) ;
#2586 = CYLINDRICAL_SURFACE ( 'NONE', #7661, 0.4500000000000007327 ) ;
#2587 = VERTEX_POINT ( 'NONE', #5065 ) ;
#2588 = CARTESIAN_POINT ( 'NONE',  ( -35.14292893218813418, 4.233674046974897899E-14, -11.90000000000003055 ) ) ;
#2589 = ORIENTED_EDGE ( 'NONE', *, *, #12059, .F. ) ;
#2590 = CARTESIAN_POINT ( 'NONE',  ( -35.35000000000000142, 7.949999999999993960, 3.750000000000000000 ) ) ;
#2591 = CARTESIAN_POINT ( 'NONE',  ( -19.29999999999999716, 0.000000000000000000, -15.49999999999999645 ) ) ;
#2592 = EDGE_CURVE ( 'NONE', #4569, #929, #1053, .T. ) ;
#2593 = EDGE_LOOP ( 'NONE', ( #6333, #4656, #11215, #11333 ) ) ;
#2594 = AXIS2_PLACEMENT_3D ( 'NONE', #12671, #9850, #6644 ) ;
#2595 = EDGE_CURVE ( 'NONE', #895, #4361, #9048, .T. ) ;
#2596 = CARTESIAN_POINT ( 'NONE',  ( -35.14999999999999858, 8.199999999999999289, 11.69292893218813667 ) ) ;
#2597 =( NAMED_UNIT ( * ) SI_UNIT ( $, .STERADIAN. ) SOLID_ANGLE_UNIT ( ) );
#2598 = CARTESIAN_POINT ( 'NONE',  ( -34.95000000000002416, 82.49217232609667860, 11.50000000000002487 ) ) ;
#2599 =( NAMED_UNIT ( * ) SI_UNIT ( $, .STERADIAN. ) SOLID_ANGLE_UNIT ( ) );
#2600 = DIRECTION ( 'NONE',  ( 1.000000000000000000, 0.000000000000000000, 0.000000000000000000 ) ) ;
#2601 = VERTEX_POINT ( 'NONE', #9104 ) ;
#2602 = FACE_OUTER_BOUND ( 'NONE', #3758, .T. ) ;
#2603 = EDGE_CURVE ( 'NONE', #11831, #1474, #2089, .T. ) ;
#2604 = ORIENTED_EDGE ( 'NONE', *, *, #6913, .T. ) ;
#2605 = CARTESIAN_POINT ( 'NONE',  ( 33.80000000000000426, -0.0009999999999992653654, -7.249999999999997335 ) ) ;
#2606 = DIRECTION ( 'NONE',  ( 0.000000000000000000, 1.000000000000000000, 0.000000000000000000 ) ) ;
#2607 = ORIENTED_EDGE ( 'NONE', *, *, #12831, .T. ) ;
#2608 = CARTESIAN_POINT ( 'NONE',  ( 6.999999999999957367, 0.000000000000000000, -8.631984016460597151E-14 ) ) ;
#2609 = CARTESIAN_POINT ( 'NONE',  ( 12.50000000000000355, 0.000000000000000000, 5.999999999999998224 ) ) ;
#2610 = ORIENTED_EDGE ( 'NONE', *, *, #7237, .F. ) ;
#2611 = CARTESIAN_POINT ( 'NONE',  ( 37.70000000000032969, -6.222539674441619262, 14.30000000000000249 ) ) ;
#2612 = CARTESIAN_POINT ( 'NONE',  ( 5.199999999999961986, 0.000000000000000000, -9.131584377541916332E-14 ) ) ;
#2613 = ADVANCED_FACE ( 'NONE', ( #4216 ), #8338, .F. ) ;
#2614 = CARTESIAN_POINT ( 'NONE',  ( 1.202081528017144407, 0.000000000000000000, 12.66923881554250642 ) ) ;
#2615 = EDGE_CURVE ( 'NONE', #10471, #11742, #12341, .T. ) ;
#2616 = ORIENTED_EDGE ( 'NONE', *, *, #10733, .F. ) ;
#2617 = DIRECTION ( 'NONE',  ( 2.775557561562888984E-15, 0.000000000000000000, -1.000000000000000000 ) ) ;
#2618 = EDGE_CURVE ( 'NONE', #12735, #90, #10224, .T. ) ;
#2619 = CARTESIAN_POINT ( 'NONE',  ( -35.14292893218813418, 8.200000000000001066, -11.70000000000000107 ) ) ;
#2620 = ORIENTED_EDGE ( 'NONE', *, *, #5164, .T. ) ;
#2621 = CYLINDRICAL_SURFACE ( 'NONE', #6073, 0.8999999999999980238 ) ;
#2622 = CYLINDRICAL_SURFACE ( 'NONE', #11663, 0.4999999999999987232 ) ;
#2623 = CARTESIAN_POINT ( 'NONE',  ( 40.00000000000002132, 5.700000000000013500, -4.250000000000000000 ) ) ;
#2624 = CARTESIAN_POINT ( 'NONE',  ( -35.14999999999999858, 8.199999999999999289, 11.69292893218813667 ) ) ;
#2625 = VECTOR ( 'NONE', #6843, 1000.000000000000000 ) ;
#2626 = LINE ( 'NONE', #9440, #164 ) ;
#2627 = LINE ( 'NONE', #3614, #1484 ) ;
#2628 = ORIENTED_EDGE ( 'NONE', *, *, #1891, .F. ) ;
#2629 = ORIENTED_EDGE ( 'NONE', *, *, #6411, .F. ) ;
#2630 = ORIENTED_EDGE ( 'NONE', *, *, #1805, .F. ) ;
#2631 = DIRECTION ( 'NONE',  ( 0.000000000000000000, 0.000000000000000000, 1.000000000000000000 ) ) ;
#2632 = PRESENTATION_STYLE_ASSIGNMENT (( #4799 ) ) ;
#2633 = ORIENTED_EDGE ( 'NONE', *, *, #950, .T. ) ;
#2634 = CARTESIAN_POINT ( 'NONE',  ( -8.239999999999996660, 0.000000000000000000, -18.00000000000000000 ) ) ;
#2635 = CARTESIAN_POINT ( 'NONE',  ( 1.920000000000005036, 1.600000000000000089, -18.00000000000000000 ) ) ;
#2636 = ORIENTED_EDGE ( 'NONE', *, *, #5861, .F. ) ;
#2637 = CIRCLE ( 'NONE', #132, 0.8999999999999980238 ) ;
#2638 = CARTESIAN_POINT ( 'NONE',  ( 2.659999999999961062, 0.000000000000000000, -9.131584377541916332E-14 ) ) ;
#2639 = CARTESIAN_POINT ( 'NONE',  ( -20.94000000000004036, 0.000000000000000000, -8.631984016460597151E-14 ) ) ;
#2640 = MANIFOLD_SOLID_BREP ( 'Boss-Extrude3', #5583 ) ;
#2641 = CYLINDRICAL_SURFACE ( 'NONE', #12097, 0.8999999999999980238 ) ;
#2642 = ORIENTED_EDGE ( 'NONE', *, *, #623, .F. ) ;
#2643 = CARTESIAN_POINT ( 'NONE',  ( -9.139999999999998792, 1.600000000000000089, -15.49999999999999645 ) ) ;
#2644 = VECTOR ( 'NONE', #12182, 1000.000000000000000 ) ;
#2645 = ORIENTED_EDGE ( 'NONE', *, *, #567, .F. ) ;
#2646 = EDGE_CURVE ( 'NONE', #7886, #8365, #3366, .T. ) ;
#2647 = CARTESIAN_POINT ( 'NONE',  ( -37.69999999999967599, -6.222539674441619262, 15.69999999999999929 ) ) ;
#2648 = CARTESIAN_POINT ( 'NONE',  ( 37.70000000000032969, 0.000000000000000000, 13.50000000000000000 ) ) ;
#2649 = ORIENTED_EDGE ( 'NONE', *, *, #8878, .F. ) ;
#2650 = EDGE_CURVE ( 'NONE', #3025, #689, #1528, .T. ) ;
#2651 = AXIS2_PLACEMENT_3D ( 'NONE', #12281, #8280, #3310 ) ;
#2652 = PRESENTATION_STYLE_ASSIGNMENT (( #10460 ) ) ;
#2653 = DIRECTION ( 'NONE',  ( 0.000000000000000000, 1.000000000000000000, 0.000000000000000000 ) ) ;
#2654 = VECTOR ( 'NONE', #5740, 1000.000000000000000 ) ;
#2655 = CARTESIAN_POINT ( 'NONE',  ( -37.70000000000000284, 0.000000000000000000, -14.30000000000000426 ) ) ;
#2656 = CARTESIAN_POINT ( 'NONE',  ( 5.200000000000002842, -6.222539674441619262, -15.49999999999999645 ) ) ;
#2657 = VERTEX_POINT ( 'NONE', #12585 ) ;
#2658 = CARTESIAN_POINT ( 'NONE',  ( -26.02000000000004221, -6.222539674441619262, -8.631984016460597151E-14 ) ) ;
#2659 = EDGE_CURVE ( 'NONE', #5887, #1975, #2627, .T. ) ;
#2660 = AXIS2_PLACEMENT_3D ( 'NONE', #11286, #152, #10083 ) ;
#2661 = ORIENTED_EDGE ( 'NONE', *, *, #5310, .F. ) ;
#2662 = MANIFOLD_SOLID_BREP ( 'LPattern3[8]', #8310 ) ;
#2663 = CARTESIAN_POINT ( 'NONE',  ( -14.22000000000000064, 1.600000000000000089, -15.49999999999999645 ) ) ;
#2664 = VECTOR ( 'NONE', #672, 1000.000000000000000 ) ;
#2665 = CARTESIAN_POINT ( 'NONE',  ( -37.69999999999967599, 1.600000000000000089, 14.30000000000000249 ) ) ;
#2666 =( LENGTH_UNIT ( ) NAMED_UNIT ( * ) SI_UNIT ( .MILLI., .METRE. ) );
#2667 = AXIS2_PLACEMENT_3D ( 'NONE', #7266, #2510, #9366 ) ;
#2668 = ORIENTED_EDGE ( 'NONE', *, *, #11864, .F. ) ;
#2669 = CARTESIAN_POINT ( 'NONE',  ( -33.79999999999999005, 7.399999999999999467, 7.250000000000006217 ) ) ;
#2670 = CARTESIAN_POINT ( 'NONE',  ( -37.70000000000000284, 0.000000000000000000, -13.50000000000000000 ) ) ;
#2671 = AXIS2_PLACEMENT_3D ( 'NONE', #7676, #3628, #10624 ) ;
#2672 = CARTESIAN_POINT ( 'NONE',  ( -40.00000000000000000, 0.000000000000000000, -18.00000000000000000 ) ) ;
#2673 = AXIS2_PLACEMENT_3D ( 'NONE', #12807, #6632, #1609 ) ;
#2674 = LINE ( 'NONE', #6655, #404 ) ;
#2675 = VECTOR ( 'NONE', #12297, 1000.000000000000000 ) ;
#2676 = DIRECTION ( 'NONE',  ( 0.000000000000000000, 0.000000000000000000, 1.000000000000000000 ) ) ;
#2677 = AXIS2_PLACEMENT_3D ( 'NONE', #12836, #10866, #5889 ) ;
#2678 = ADVANCED_FACE ( 'NONE', ( #10605 ), #7660, .T. ) ;
#2679 = VECTOR ( 'NONE', #6941, 1000.000000000000000 ) ;
#2681 = ORIENTED_EDGE ( 'NONE', *, *, #11739, .T. ) ;
#2680 = VECTOR ( 'NONE', #7349, 1000.000000000000000 ) ;
#2682 = EDGE_CURVE ( 'NONE', #5663, #6838, #7534, .T. ) ;
#2683 = AXIS2_PLACEMENT_3D ( 'NONE', #9402, #1547, #449 ) ;
#2684 = CARTESIAN_POINT ( 'NONE',  ( -2.419999999999998597, 0.000000000000000000, -15.49999999999999645 ) ) ;
#2685 = AXIS2_PLACEMENT_3D ( 'NONE', #10583, #8572, #12503 ) ;
#2686 = PLANE ( 'NONE',  #586 ) ;
#2687 = EDGE_LOOP ( 'NONE', ( #4599, #2130, #9301, #2162 ) ) ;
#2688 = EDGE_CURVE ( 'NONE', #3083, #8636, #2381, .T. ) ;
#2689 = DIRECTION ( 'NONE',  ( 0.000000000000000000, 1.000000000000000000, -0.000000000000000000 ) ) ;
#2690 = EDGE_CURVE ( 'NONE', #393, #5556, #3570, .T. ) ;
#2691 = LINE ( 'NONE', #5694, #1223 ) ;
#2692 = AXIS2_PLACEMENT_3D ( 'NONE', #12523, #3555, #7545 ) ;
#2693 = AXIS2_PLACEMENT_3D ( 'NONE', #7566, #1861, #12549 ) ;
#2694 = PLANE ( 'NONE',  #4992 ) ;
#2695 = PRESENTATION_LAYER_ASSIGNMENT (  '', '', ( #8349 ) ) ;
#2696 = ORIENTED_EDGE ( 'NONE', *, *, #10457, .T. ) ;
#2697 = DIRECTION ( 'NONE',  ( 0.000000000000000000, 0.000000000000000000, 1.000000000000000000 ) ) ;
#2698 = VERTEX_POINT ( 'NONE', #11406 ) ;
#2699 = DIRECTION ( 'NONE',  ( 0.000000000000000000, 1.000000000000000000, 0.000000000000000000 ) ) ;
#2700 = B_SPLINE_CURVE_WITH_KNOTS ( 'NONE', 3,
 ( #6184, #1224, #247, #2926, #4952, #5147 ),
 .UNSPECIFIED., .F., .F.,
 ( 4, 2, 4 ),
 ( 1.734723475976807094E-18, 0.0001829148252455421535, 0.0003658296504910825723 ),
 .UNSPECIFIED. ) ;
#2701 = AXIS2_PLACEMENT_3D ( 'NONE', #10127, #12245, #6990 ) ;
#2702 = ORIENTED_EDGE ( 'NONE', *, *, #10668, .T. ) ;
#2703 = ORIENTED_EDGE ( 'NONE', *, *, #2758, .F. ) ;
#2704 = DIRECTION ( 'NONE',  ( 1.000000000000000000, 0.000000000000000000, 0.000000000000000000 ) ) ;
#2705 = VECTOR ( 'NONE', #6963, 1000.000000000000000 ) ;
#2706 = FILL_AREA_STYLE_COLOUR ( '', #2023 ) ;
#2707 = ORIENTED_EDGE ( 'NONE', *, *, #208, .T. ) ;
#2708 = CARTESIAN_POINT ( 'NONE',  ( 0.000000000000000000, 1.600000000000000089, 0.000000000000000000 ) ) ;
#2709 = LINE ( 'NONE', #10687, #8928 ) ;
#2710 = ORIENTED_EDGE ( 'NONE', *, *, #12737, .T. ) ;
#2711 = COLOUR_RGB ( '',1.000000000000000000, 0.8117647058823529438, 0.5019607843137254832 ) ;
#2712 = DIRECTION ( 'NONE',  ( 1.000000000000000000, 0.000000000000000000, 2.775557561562888984E-15 ) ) ;
#2713 = EDGE_CURVE ( 'NONE', #11311, #11544, #2441, .T. ) ;
#2714 = CARTESIAN_POINT ( 'NONE',  ( -33.79999999999999005, -0.0009999999999992653654, 6.250000000000006217 ) ) ;
#2715 = CARTESIAN_POINT ( 'NONE',  ( -29.46000000000000085, 1.600000000000000089, -14.99999999999999822 ) ) ;
#2716 = EDGE_CURVE ( 'NONE', #10498, #11700, #1472, .T. ) ;
#2717 = ORIENTED_EDGE ( 'NONE', *, *, #5343, .F. ) ;
#2718 = CARTESIAN_POINT ( 'NONE',  ( 33.80000000000000426, 8.400000000000000355, 6.250000000000006217 ) ) ;
#2719 = ORIENTED_EDGE ( 'NONE', *, *, #3076, .F. ) ;
#2720 = LINE ( 'NONE', #2590, #5831 ) ;
#2721 = CARTESIAN_POINT ( 'NONE',  ( -34.95000000000000995, 1.600000000000004086, -11.50000000000002309 ) ) ;
#2722 = VERTEX_POINT ( 'NONE', #3483 ) ;
#2723 = DIRECTION ( 'NONE',  ( 1.000000000000000000, 0.000000000000000000, 2.775557561562888984E-15 ) ) ;
#2724 = DIRECTION ( 'NONE',  ( 0.000000000000000000, 0.000000000000000000, 1.000000000000000000 ) ) ;
#2725 = CIRCLE ( 'NONE', #7513, 0.2000000000000005107 ) ;
#2726 =( NAMED_UNIT ( * ) PLANE_ANGLE_UNIT ( ) SI_UNIT ( $, .RADIAN. ) );
#2727 = VECTOR ( 'NONE', #11256, 1000.000000000000000 ) ;
#2728 = EDGE_CURVE ( 'NONE', #5532, #3682, #7471, .T. ) ;
#2729 = CARTESIAN_POINT ( 'NONE',  ( 4.459999999999957332, 1.600000000000000089, -8.631984016460597151E-14 ) ) ;
#2730 = ORIENTED_EDGE ( 'NONE', *, *, #10622, .T. ) ;
#2731 = CARTESIAN_POINT ( 'NONE',  ( 1.020000000000000018, 0.000000000000000000, -14.59999999999999787 ) ) ;
#2732 = EDGE_LOOP ( 'NONE', ( #2461, #8136, #11000, #12714 ) ) ;
#2733 = DIRECTION ( 'NONE',  ( -0.000000000000000000, 1.000000000000000000, -0.000000000000000000 ) ) ;
#2734 = SURFACE_SIDE_STYLE ('',( #11381 ) ) ;
#2735 = VECTOR ( 'NONE', #901, 1000.000000000000000 ) ;
#2736 = VERTEX_POINT ( 'NONE', #9490 ) ;
#2737 = FACE_OUTER_BOUND ( 'NONE', #416, .T. ) ;
#2738 = DIRECTION ( 'NONE',  ( 0.000000000000000000, -0.000000000000000000, -1.000000000000000000 ) ) ;
#2739 = CARTESIAN_POINT ( 'NONE',  ( 10.16000000000000014, 1.600000000000000089, 0.000000000000000000 ) ) ;
#2740 = DIRECTION ( 'NONE',  ( 0.000000000000000000, 1.000000000000000000, -6.123233995736766036E-17 ) ) ;
#2741 = CARTESIAN_POINT ( 'NONE',  ( -34.95000000000000284, 8.400000000000000355, 11.50000000000000000 ) ) ;
#2742 = EDGE_CURVE ( 'NONE', #5204, #4185, #9582, .T. ) ;
#2743 = EDGE_CURVE ( 'NONE', #8694, #9667, #12328, .T. ) ;
#2744 = DIRECTION ( 'NONE',  ( 0.000000000000000000, 0.000000000000000000, 1.000000000000000000 ) ) ;
#2745 = ORIENTED_EDGE ( 'NONE', *, *, #12104, .F. ) ;
#2746 = CARTESIAN_POINT ( 'NONE',  ( -37.70000000000000284, 1.600000000000000089, -13.50000000000000000 ) ) ;
#2747 = DIRECTION ( 'NONE',  ( -0.000000000000000000, 0.000000000000000000, 1.000000000000000000 ) ) ;
#2748 = ADVANCED_FACE ( 'NONE', ( #1716 ), #3864, .F. ) ;
#2749 = ORIENTED_EDGE ( 'NONE', *, *, #8021, .F. ) ;
#2750 = CARTESIAN_POINT ( 'NONE',  ( 1.020000000000000018, -6.222539674441619262, -15.49999999999999645 ) ) ;
#2751 = EDGE_CURVE ( 'NONE', #6083, #2195, #6460, .T. ) ;
#2752 = DIRECTION ( 'NONE',  ( 0.000000000000000000, 1.000000000000000000, 0.000000000000000000 ) ) ;
#2753 = CARTESIAN_POINT ( 'NONE',  ( -9.139999999999998792, 0.000000000000000000, -15.49999999999999645 ) ) ;
#2754 = CYLINDRICAL_SURFACE ( 'NONE', #195, 0.4999999999999987232 ) ;
#2755 = VECTOR ( 'NONE', #2226, 1000.000000000000000 ) ;
#2756 = VERTEX_POINT ( 'NONE', #3749 ) ;
#2757 = FACE_OUTER_BOUND ( 'NONE', #9816, .T. ) ;
#2758 = EDGE_CURVE ( 'NONE', #12734, #912, #1836, .T. ) ;
#2759 = ORIENTED_EDGE ( 'NONE', *, *, #11639, .F. ) ;
#2760 = CIRCLE ( 'NONE', #12588, 1.399999999999995026 ) ;
#2761 = ORIENTED_EDGE ( 'NONE', *, *, #11662, .T. ) ;
#2762 = ORIENTED_EDGE ( 'NONE', *, *, #8160, .T. ) ;
#2763 = FACE_OUTER_BOUND ( 'NONE', #2844, .T. ) ;
#2764 = CARTESIAN_POINT ( 'NONE',  ( 1.131370849898470698, -16.60000000000000497, -10.76005050633884785 ) ) ;
#2765 = EDGE_LOOP ( 'NONE', ( #3496, #12864, #11672, #2214 ) ) ;
#2766 = CARTESIAN_POINT ( 'NONE',  ( -24.37999999999999901, 0.000000000000000000, -14.59999999999999787 ) ) ;
#2767 = FACE_OUTER_BOUND ( 'NONE', #10802, .T. ) ;
#2768 = ORIENTED_EDGE ( 'NONE', *, *, #6561, .T. ) ;
#2769 = FACE_OUTER_BOUND ( 'NONE', #12615, .T. ) ;
#2770 = CARTESIAN_POINT ( 'NONE',  ( 33.80000000000000426, 8.400000000000000355, 6.250000000000006217 ) ) ;
#2771 = EDGE_CURVE ( 'NONE', #9894, #6306, #3934, .T. ) ;
#2772 = FACE_OUTER_BOUND ( 'NONE', #12265, .T. ) ;
#2773 = ORIENTED_EDGE ( 'NONE', *, *, #7424, .T. ) ;
#2774 = DIRECTION ( 'NONE',  ( -0.000000000000000000, 1.000000000000000000, -0.000000000000000000 ) ) ;
#2775 = ORIENTED_EDGE ( 'NONE', *, *, #4238, .T. ) ;
#2776 = EDGE_CURVE ( 'NONE', #8225, #747, #7923, .T. ) ;
#2777 = EDGE_LOOP ( 'NONE', ( #11524, #7626, #728, #6441 ) ) ;
#2778 = VERTEX_POINT ( 'NONE', #1959 ) ;
#2779 = CARTESIAN_POINT ( 'NONE',  ( -9.139999999999998792, -6.222539674441619262, -14.99999999999999822 ) ) ;
#2780 = DIRECTION ( 'NONE',  ( 0.000000000000000000, 0.000000000000000000, -1.000000000000000000 ) ) ;
#2781 = VERTEX_POINT ( 'NONE', #4978 ) ;
#2782 = ADVANCED_FACE ( 'NONE', ( #11844 ), #7849, .F. ) ;
#2783 = CARTESIAN_POINT ( 'NONE',  ( -35.11069157708424626, 8.304988543519005617, -11.90000000000000036 ) ) ;
#2784 =( NAMED_UNIT ( * ) PLANE_ANGLE_UNIT ( ) SI_UNIT ( $, .RADIAN. ) );
#2785 = CARTESIAN_POINT ( 'NONE',  ( 0.000000000000000000, 0.000000000000000000, 0.000000000000000000 ) ) ;
#2786 = FILL_AREA_STYLE ('',( #4882 ) ) ;
#2787 = CARTESIAN_POINT ( 'NONE',  ( 2.660000000000002807, 1.600000000000000089, -15.49999999999999645 ) ) ;
#2788 = ORIENTED_EDGE ( 'NONE', *, *, #6645, .T. ) ;
#2789 = ORIENTED_EDGE ( 'NONE', *, *, #378, .F. ) ;
#2790 =( NAMED_UNIT ( * ) PLANE_ANGLE_UNIT ( ) SI_UNIT ( $, .RADIAN. ) );
#2791 = STYLED_ITEM ( 'NONE', ( #7706 ), #3656 ) ;
#2792 = VERTEX_POINT ( 'NONE', #5700 ) ;
#2793 = CARTESIAN_POINT ( 'NONE',  ( -35.35000000000000142, 8.199999999999999289, 11.69292893218813667 ) ) ;
#2794 = DIRECTION ( 'NONE',  ( 0.000000000000000000, 1.000000000000000000, -0.000000000000000000 ) ) ;
#2795 = CARTESIAN_POINT ( 'NONE',  ( -29.46000000000000085, 1.600000000000000089, -15.49999999999999645 ) ) ;
#2796 = CARTESIAN_POINT ( 'NONE',  ( -20.20000000000003837, -6.222539674441619262, -9.131584377541916332E-14 ) ) ;
#2797 = CARTESIAN_POINT ( 'NONE',  ( -27.82000000000003936, 1.600000000000000089, -9.131584377541916332E-14 ) ) ;
#2798 = ORIENTED_EDGE ( 'NONE', *, *, #2751, .T. ) ;
#2799 = EDGE_CURVE ( 'NONE', #9714, #7810, #12903, .T. ) ;
#2800 = DIRECTION ( 'NONE',  ( -1.000000000000000000, -0.000000000000000000, -0.000000000000000000 ) ) ;
#2801 = LINE ( 'NONE', #911, #9553 ) ;
#2802 = ORIENTED_EDGE ( 'NONE', *, *, #12225, .T. ) ;
#2803 = FACE_OUTER_BOUND ( 'NONE', #9938, .T. ) ;
#2804 = EDGE_CURVE ( 'NONE', #425, #5204, #4712, .T. ) ;
#2805 = DIRECTION ( 'NONE',  ( 0.000000000000000000, 0.000000000000000000, 1.000000000000000000 ) ) ;
#2806 = DIRECTION ( 'NONE',  ( 1.000000000000000000, 0.000000000000000000, 2.775557561562888984E-15 ) ) ;
#2807 = DIRECTION ( 'NONE',  ( 0.000000000000000000, 1.000000000000000000, 0.000000000000000000 ) ) ;
#2808 = ORIENTED_EDGE ( 'NONE', *, *, #1225, .F. ) ;
#2809 = CARTESIAN_POINT ( 'NONE',  ( 6.100000000000001421, -6.222539674441619262, -15.49999999999999645 ) ) ;
#2810 = EDGE_CURVE ( 'NONE', #6149, #12515, #9934, .T. ) ;
#2811 = EDGE_LOOP ( 'NONE', ( #9207, #9326, #11144, #3275 ) ) ;
#2812 = VERTEX_POINT ( 'NONE', #4908 ) ;
#2813 = VERTEX_POINT ( 'NONE', #13 ) ;
#2814 = CARTESIAN_POINT ( 'NONE',  ( -32.00000000000000000, 0.000000000000000000, -15.49999999999999645 ) ) ;
#2815 = CARTESIAN_POINT ( 'NONE',  ( -37.69999999999967599, -6.222539674441619262, 15.69999999999999929 ) ) ;
#2816 = ORIENTED_EDGE ( 'NONE', *, *, #6114, .T. ) ;
#2817 = FACE_BOUND ( 'NONE', #1933, .T. ) ;
#2818 = LINE ( 'NONE', #10804, #587 ) ;
#2819 = VERTEX_POINT ( 'NONE', #6678 ) ;
#2820 = DIRECTION ( 'NONE',  ( 0.000000000000000000, 1.000000000000000000, 0.000000000000000000 ) ) ;
#2821 = DIRECTION ( 'NONE',  ( 0.000000000000000000, 1.000000000000000000, 0.000000000000000000 ) ) ;
#2822 = DIRECTION ( 'NONE',  ( 2.569960705150817904E-15, -1.000000000000000000, -2.478176394252935635E-16 ) ) ;
#2823 = ORIENTED_EDGE ( 'NONE', *, *, #4725, .F. ) ;
#2824 = CARTESIAN_POINT ( 'NONE',  ( -4.059999999999997833, -6.222539674441619262, -15.49999999999999645 ) ) ;
#2825 = EDGE_LOOP ( 'NONE', ( #458, #10683, #11551, #7682 ) ) ;
#2826 = ORIENTED_EDGE ( 'NONE', *, *, #6016, .F. ) ;
#2827 = VERTEX_POINT ( 'NONE', #4004 ) ;
#2828 = CARTESIAN_POINT ( 'NONE',  ( 0.000000000000000000, 1.600000000000000089, 0.000000000000000000 ) ) ;
#2829 = CIRCLE ( 'NONE', #11612, 2.199999999999998845 ) ;
#2830 = CARTESIAN_POINT ( 'NONE',  ( 4.459999999999999076, 0.000000000000000000, -15.49999999999999645 ) ) ;
#2831 = ORIENTED_EDGE ( 'NONE', *, *, #12468, .T. ) ;
#2832 = EDGE_CURVE ( 'NONE', #10611, #10316, #193, .T. ) ;
#2833 = EDGE_LOOP ( 'NONE', ( #3315, #1110, #2649, #11843 ) ) ;
#2834 = ADVANCED_FACE ( 'NONE', ( #2757 ), #12780, .F. ) ;
#2835 = CARTESIAN_POINT ( 'NONE',  ( -22.74000000000003752, 1.600000000000000089, -9.131584377541916332E-14 ) ) ;
#2836 = ADVANCED_FACE ( 'NONE', ( #11660 ), #791, .F. ) ;
#2837 = FACE_OUTER_BOUND ( 'NONE', #5112, .T. ) ;
#2838 = LINE ( 'NONE', #8807, #7509 ) ;
#2839 = CARTESIAN_POINT ( 'NONE',  ( 38.10000000000000142, 0.000000000000000000, -18.00000000000000000 ) ) ;
#2840 = AXIS2_PLACEMENT_3D ( 'NONE', #12609, #3640, #2724 ) ;
#2841 = EDGE_LOOP ( 'NONE', ( #468, #12472, #1289, #10210 ) ) ;
#2842 = CARTESIAN_POINT ( 'NONE',  ( -28.56000000000000227, 1.600000000000000089, -15.49999999999999645 ) ) ;
#2843 = EDGE_CURVE ( 'NONE', #11614, #6980, #11275, .T. ) ;
#2844 = EDGE_LOOP ( 'NONE', ( #956, #7554, #2788, #5927 ) ) ;
#2845 = MANIFOLD_SOLID_BREP ( 'LPattern3[5]', #151 ) ;
#2846 = DIRECTION ( 'NONE',  ( 0.000000000000000000, 1.000000000000000000, 0.000000000000000000 ) ) ;
#2847 = FACE_OUTER_BOUND ( 'NONE', #10736, .T. ) ;
#2848 = ORIENTED_EDGE ( 'NONE', *, *, #8227, .F. ) ;
#2849 = VECTOR ( 'NONE', #11183, 1000.000000000000000 ) ;
#2850 = DIRECTION ( 'NONE',  ( 1.000000000000000000, -0.000000000000000000, 0.000000000000000000 ) ) ;
#2851 = PLANE ( 'NONE',  #5629 ) ;
#2852 = AXIS2_PLACEMENT_3D ( 'NONE', #9459, #504, #11427 ) ;
#2853 = DIRECTION ( 'NONE',  ( -0.000000000000000000, 1.000000000000000000, -0.000000000000000000 ) ) ;
#2854 = DIRECTION ( 'NONE',  ( 2.775557561562888984E-15, 0.000000000000000000, -1.000000000000000000 ) ) ;
#2855 = ADVANCED_FACE ( 'NONE', ( #3010 ), #864, .F. ) ;
#2856 = CARTESIAN_POINT ( 'NONE',  ( 35.14292893218813418, 8.200000000000004619, -11.90000000000000036 ) ) ;
#2857 = CIRCLE ( 'NONE', #2660, 0.8999999999999980238 ) ;
#2858 = ORIENTED_EDGE ( 'NONE', *, *, #5250, .F. ) ;
#2859 = ADVANCED_FACE ( 'NONE', ( #73 ), #10066, .T. ) ;
#2860 = AXIS2_PLACEMENT_3D ( 'NONE', #5804, #11763, #4224 ) ;
#2861 = CARTESIAN_POINT ( 'NONE',  ( -35.01438176352599640, 8.556745116961966602, 11.70898175622381387 ) ) ;
#2862 = ORIENTED_EDGE ( 'NONE', *, *, #10307, .T. ) ;
#2863 = PRESENTATION_LAYER_ASSIGNMENT (  '', '', ( #194 ) ) ;
#2864 = CARTESIAN_POINT ( 'NONE',  ( -35.11070869979883469, 8.251936197537242279, 11.69797999999999938 ) ) ;
#2865 = VECTOR ( 'NONE', #6425, 1000.000000000000000 ) ;
#2866 = CARTESIAN_POINT ( 'NONE',  ( 0.000000000000000000, 8.400000000000000355, 0.000000000000000000 ) ) ;
#2867 = ORIENTED_EDGE ( 'NONE', *, *, #5863, .T. ) ;
#2868 = DIRECTION ( 'NONE',  ( -0.000000000000000000, 1.000000000000000000, -0.000000000000000000 ) ) ;
#2869 = AXIS2_PLACEMENT_3D ( 'NONE', #5823, #5040, #7977 ) ;
#2870 = FACE_BOUND ( 'NONE', #7142, .T. ) ;
#2871 = AXIS2_PLACEMENT_3D ( 'NONE', #3419, #7404, #5451 ) ;
#2872 = FACE_OUTER_BOUND ( 'NONE', #6451, .T. ) ;
#2873 = AXIS2_PLACEMENT_3D ( 'NONE', #4292, #7425, #11418 ) ;
#2874 = MECHANICAL_DESIGN_GEOMETRIC_PRESENTATION_REPRESENTATION (  '', ( #9763 ), #10187 ) ;
#2875 = EDGE_CURVE ( 'NONE', #626, #9250, #1254, .T. ) ;
#2876 = CYLINDRICAL_SURFACE ( 'NONE', #9993, 0.8999999999999980238 ) ;
#2877 = VERTEX_POINT ( 'NONE', #6212 ) ;
#2878 = DIRECTION ( 'NONE',  ( 0.000000000000000000, 0.000000000000000000, 1.000000000000000000 ) ) ;
#2879 = ADVANCED_FACE ( 'NONE', ( #10203 ), #5307, .F. ) ;
#2880 = VECTOR ( 'NONE', #12002, 1000.000000000000000 ) ;
#2881 = AXIS2_PLACEMENT_3D ( 'NONE', #8697, #12517, #6670 ) ;
#2882 = ORIENTED_EDGE ( 'NONE', *, *, #5372, .T. ) ;
#2883 = VERTEX_POINT ( 'NONE', #11126 ) ;
#2884 = VERTEX_POINT ( 'NONE', #4060 ) ;
#2885 = FACE_OUTER_BOUND ( 'NONE', #11787, .T. ) ;
#2886 = PLANE ( 'NONE',  #6656 ) ;
#2887 = ORIENTED_EDGE ( 'NONE', *, *, #10765, .F. ) ;
#2888 = DIRECTION ( 'NONE',  ( 0.000000000000000000, 0.000000000000000000, 1.000000000000000000 ) ) ;
#2889 = AXIS2_PLACEMENT_3D ( 'NONE', #5151, #9916, #6973 ) ;
#2890 = CARTESIAN_POINT ( 'NONE',  ( 35.14292893218813418, 1.600000000000062261, -11.70000000000002416 ) ) ;
#2891 = ORIENTED_EDGE ( 'NONE', *, *, #3417, .F. ) ;
#2892 = VECTOR ( 'NONE', #2236, 1000.000000000000000 ) ;
#2893 = FACE_OUTER_BOUND ( 'NONE', #9539, .T. ) ;
#2894 = CARTESIAN_POINT ( 'NONE',  ( -35.15000000000000568, 5.700000000000255085, 0.000000000000000000 ) ) ;
#2895 = FACE_OUTER_BOUND ( 'NONE', #11982, .T. ) ;
#2896 = VECTOR ( 'NONE', #983, 1000.000000000000000 ) ;
#2897 = ORIENTED_EDGE ( 'NONE', *, *, #11768, .F. ) ;
#2898 = CARTESIAN_POINT ( 'NONE',  ( 34.95000000000000284, 8.599999999999997868, 11.50000000000000178 ) ) ;
#2899 = AXIS2_PLACEMENT_3D ( 'NONE', #7574, #8742, #9586 ) ;
#2900 = UNCERTAINTY_MEASURE_WITH_UNIT (LENGTH_MEASURE( 1.000000000000000082E-05 ), #11550, 'distance_accuracy_value', 'NONE');
#2901 = VECTOR ( 'NONE', #131, 1000.000000000000000 ) ;
#2902 = ORIENTED_EDGE ( 'NONE', *, *, #8424, .F. ) ;
#2903 = AXIS2_PLACEMENT_3D ( 'NONE', #11599, #7666, #1775 ) ;
#2904 = ORIENTED_EDGE ( 'NONE', *, *, #10560, .T. ) ;
#2905 = DIRECTION ( 'NONE',  ( 0.000000000000000000, 0.000000000000000000, 1.000000000000000000 ) ) ;
#2906 = CARTESIAN_POINT ( 'NONE',  ( 0.1200000000000020495, 0.000000000000000000, -18.00000000000000000 ) ) ;
#2907 = ORIENTED_EDGE ( 'NONE', *, *, #7220, .F. ) ;
#2908 = ORIENTED_EDGE ( 'NONE', *, *, #12822, .F. ) ;
#2909 = AXIS2_PLACEMENT_3D ( 'NONE', #715, #8688, #7718 ) ;
#2910 = PLANE ( 'NONE',  #2048 ) ;
#2911 = DIRECTION ( 'NONE',  ( -0.000000000000000000, -0.000000000000000000, 1.000000000000000000 ) ) ;
#2912 = EDGE_CURVE ( 'NONE', #5777, #6089, #5109, .T. ) ;
#2913 = LINE ( 'NONE', #9001, #1801 ) ;
#2914 = AXIS2_PLACEMENT_3D ( 'NONE', #1374, #407, #8389 ) ;
#2915 =( NAMED_UNIT ( * ) SI_UNIT ( $, .STERADIAN. ) SOLID_ANGLE_UNIT ( ) );
#2916 = DIRECTION ( 'NONE',  ( -1.000000000000000000, -2.569960705150817904E-15, -1.081882364577263110E-31 ) ) ;
#2917 = CIRCLE ( 'NONE', #11696, 2.200000000000000622 ) ;
#2918 = EDGE_LOOP ( 'NONE', ( #3367, #2980, #3401, #2354 ) ) ;
#2919 = EDGE_CURVE ( 'NONE', #9908, #89, #7297, .T. ) ;
#2920 = DIRECTION ( 'NONE',  ( 0.000000000000000000, 0.000000000000000000, 1.000000000000000000 ) ) ;
#2921 = ORIENTED_EDGE ( 'NONE', *, *, #690, .T. ) ;
#2922 = EDGE_CURVE ( 'NONE', #4347, #620, #4997, .T. ) ;
#2923 = DIRECTION ( 'NONE',  ( 0.000000000000000000, -0.000000000000000000, 1.000000000000000000 ) ) ;
#2924 = ADVANCED_FACE ( 'NONE', ( #2302 ), #3147, .F. ) ;
#2925 = DIRECTION ( 'NONE',  ( 0.000000000000000000, 0.000000000000000000, 1.000000000000000000 ) ) ;
#2926 = CARTESIAN_POINT ( 'NONE',  ( 35.01434100780118541, 8.378451742169280791, -11.60447717945574908 ) ) ;
#2927 = ORIENTED_EDGE ( 'NONE', *, *, #7008, .F. ) ;
#2928 = VECTOR ( 'NONE', #5417, 1000.000000000000000 ) ;
#2929 = PLANE ( 'NONE',  #3706 ) ;
#2930 = CARTESIAN_POINT ( 'NONE',  ( -19.29999999999999716, 0.000000000000000000, -15.49999999999999645 ) ) ;
#2931 = DIRECTION ( 'NONE',  ( 0.000000000000000000, 0.000000000000000000, 1.000000000000000000 ) ) ;
#2932 = FACE_OUTER_BOUND ( 'NONE', #10538, .T. ) ;
#2933 = DIRECTION ( 'NONE',  ( 2.775557561562888984E-15, 0.000000000000000000, -1.000000000000000000 ) ) ;
#2934 = EDGE_CURVE ( 'NONE', #3591, #3122, #6287, .T. ) ;
#2935 = VERTEX_POINT ( 'NONE', #10993 ) ;
#2936 = VECTOR ( 'NONE', #6585, 1000.000000000000000 ) ;
#2937 = CARTESIAN_POINT ( 'NONE',  ( -12.57999999999999119, -6.222539674441619262, -18.00000000000000000 ) ) ;
#2938 = ORIENTED_EDGE ( 'NONE', *, *, #1559, .T. ) ;
#2939 = ADVANCED_FACE ( 'NONE', ( #7060 ), #8121, .F. ) ;
#2940 = CARTESIAN_POINT ( 'NONE',  ( -34.95000000000000284, 8.602000000000000313, 11.50000000000000000 ) ) ;
#2941 = CARTESIAN_POINT ( 'NONE',  ( -24.37999999999999901, -6.222539674441619262, -15.49999999999999645 ) ) ;
#2942 = ORIENTED_EDGE ( 'NONE', *, *, #8668, .T. ) ;
#2943 = CARTESIAN_POINT ( 'NONE',  ( -35.15000000000001279, 82.49217232609667860, 11.50000000000002487 ) ) ;
#2944 = PLANE ( 'NONE',  #11042 ) ;
#2945 = EDGE_CURVE ( 'NONE', #1925, #2264, #7131, .T. ) ;
#2946 = DIRECTION ( 'NONE',  ( 0.000000000000000000, 1.000000000000000000, -0.000000000000000000 ) ) ;
#2947 = DIRECTION ( 'NONE',  ( 0.000000000000000000, 0.000000000000000000, 1.000000000000000000 ) ) ;
#2948 = AXIS2_PLACEMENT_3D ( 'NONE', #11590, #598, #11649 ) ;
#2949 = ORIENTED_EDGE ( 'NONE', *, *, #9027, .T. ) ;
#2950 = CARTESIAN_POINT ( 'NONE',  ( -24.37999999999999901, 1.600000000000000089, -15.49999999999999645 ) ) ;
#2951 = ORIENTED_EDGE ( 'NONE', *, *, #2799, .F. ) ;
#2952 = DIRECTION ( 'NONE',  ( 2.775557561562888984E-15, 0.000000000000000000, -1.000000000000000000 ) ) ;
#2953 = ORIENTED_EDGE ( 'NONE', *, *, #61, .T. ) ;
#2954 = ORIENTED_EDGE ( 'NONE', *, *, #2207, .F. ) ;
#2955 = CARTESIAN_POINT ( 'NONE',  ( 35.07861928812542374, 8.408794663505311462, 11.85689076144392473 ) ) ;
#2956 = DIRECTION ( 'NONE',  ( 0.000000000000000000, 1.000000000000000000, -0.000000000000000000 ) ) ;
#2957 = ORIENTED_EDGE ( 'NONE', *, *, #10094, .F. ) ;
#2958 = DIRECTION ( 'NONE',  ( 2.775557561562888984E-15, 0.000000000000000000, -1.000000000000000000 ) ) ;
#2959 = DIRECTION ( 'NONE',  ( -0.000000000000000000, 1.000000000000000000, -0.000000000000000000 ) ) ;
#2960 = VERTEX_POINT ( 'NONE', #7453 ) ;
#2961 = CARTESIAN_POINT ( 'NONE',  ( 31.93933982822019146, 0.000000000000000000, 12.66923881554250109 ) ) ;
#2962 = CARTESIAN_POINT ( 'NONE',  ( 33.80000000000000426, 8.400000000000000355, -7.249999999999996447 ) ) ;
#2963 = CARTESIAN_POINT ( 'NONE',  ( -11.67999999999999972, -6.222539674441619262, -15.49999999999999645 ) ) ;
#2964 = AXIS2_PLACEMENT_3D ( 'NONE', #10188, #6139, #1243 ) ;
#2965 = ORIENTED_EDGE ( 'NONE', *, *, #10034, .F. ) ;
#2966 = CARTESIAN_POINT ( 'NONE',  ( 35.34999999999999432, 8.305643106078411719, 11.66049058976736497 ) ) ;
#2967 = ORIENTED_EDGE ( 'NONE', *, *, #7516, .F. ) ;
#2968 = VERTEX_POINT ( 'NONE', #6345 ) ;
#2969 = VERTEX_POINT ( 'NONE', #7396 ) ;
#2970 = DIRECTION ( 'NONE',  ( 0.000000000000000000, -1.000000000000000000, -8.673617379884013384E-15 ) ) ;
#2971 = CIRCLE ( 'NONE', #10698, 0.8999999999999980238 ) ;
#2972 = CARTESIAN_POINT ( 'NONE',  ( 34.80000000000000426, 8.400000000000000355, -6.249999999999995559 ) ) ;
#2973 = ORIENTED_EDGE ( 'NONE', *, *, #1270, .T. ) ;
#2974 = DIRECTION ( 'NONE',  ( -0.000000000000000000, 1.000000000000000000, -0.000000000000000000 ) ) ;
#2975 = EDGE_CURVE ( 'NONE', #2812, #1384, #6262, .T. ) ;
#2976 = ORIENTED_EDGE ( 'NONE', *, *, #285, .F. ) ;
#2977 = DIRECTION ( 'NONE',  ( 0.000000000000000000, 1.000000000000000000, 0.000000000000000000 ) ) ;
#2978 = DIRECTION ( 'NONE',  ( 1.000000000000000000, -3.491481338843133355E-15, 0.000000000000000000 ) ) ;
#2979 = DIRECTION ( 'NONE',  ( 0.000000000000000000, 0.000000000000000000, -1.000000000000000000 ) ) ;
#2980 = ORIENTED_EDGE ( 'NONE', *, *, #5085, .F. ) ;
#2981 = CARTESIAN_POINT ( 'NONE',  ( -23.48000000000000043, 0.000000000000000000, -18.00000000000000000 ) ) ;
#2982 = ORIENTED_EDGE ( 'NONE', *, *, #6337, .F. ) ;
#2983 = DIRECTION ( 'NONE',  ( 0.000000000000000000, 1.000000000000000000, 0.000000000000000000 ) ) ;
#2984 = EDGE_CURVE ( 'NONE', #513, #7791, #12966, .T. ) ;
#2985 = FACE_BOUND ( 'NONE', #11415, .T. ) ;
#2986 = DIRECTION ( 'NONE',  ( 0.000000000000000000, -1.000000000000000000, 0.000000000000000000 ) ) ;
#2987 = ORIENTED_EDGE ( 'NONE', *, *, #6470, .T. ) ;
#2988 = PLANE ( 'NONE',  #10601 ) ;
#2989 = PLANE ( 'NONE',  #1670 ) ;
#2990 = CARTESIAN_POINT ( 'NONE',  ( -28.56000000000000227, 0.000000000000000000, -15.49999999999999645 ) ) ;
#2991 = ADVANCED_FACE ( 'NONE', ( #12508 ), #3411, .F. ) ;
#2992 = CARTESIAN_POINT ( 'NONE',  ( 35.01430964406271329, 8.558675215251147605, -11.70983863682283932 ) ) ;
#2993 = ORIENTED_EDGE ( 'NONE', *, *, #7304, .F. ) ;
#2994 = VECTOR ( 'NONE', #12049, 1000.000000000000000 ) ;
#2995 = DIRECTION ( 'NONE',  ( 0.000000000000000000, 0.000000000000000000, 1.000000000000000000 ) ) ;
#2996 = ORIENTED_EDGE ( 'NONE', *, *, #2363, .T. ) ;
#2997 = FACE_OUTER_BOUND ( 'NONE', #9702, .T. ) ;
#2998 = FACE_BOUND ( 'NONE', #3258, .T. ) ;
#2999 = EDGE_CURVE ( 'NONE', #8345, #11335, #1375, .T. ) ;
#3000 = ORIENTED_EDGE ( 'NONE', *, *, #945, .F. ) ;
#3001 = FACE_OUTER_BOUND ( 'NONE', #3625, .T. ) ;
#3002 = AXIS2_PLACEMENT_3D ( 'NONE', #1806, #4690, #644 ) ;
#3003 = DIRECTION ( 'NONE',  ( 0.000000000000000000, 0.000000000000000000, 1.000000000000000000 ) ) ;
#3004 = EDGE_CURVE ( 'NONE', #9944, #8129, #3602, .T. ) ;
#3005 = DIRECTION ( 'NONE',  ( 0.000000000000000000, 0.000000000000000000, 1.000000000000000000 ) ) ;
#3006 = B_SPLINE_SURFACE_WITH_KNOTS ( 'NONE', 1, 3, ( 
 ( #12094, #2407, #4102, #3125, #2345, #9215 ),
 ( #12227, #5289, #8172, #4372, #11111, #8368 ),
 ( #2138, #12368, #3390, #6130, #8230, #9136 ),
 ( #6385, #10382, #7232, #10172, #10110, #1425 ) ),
 .UNSPECIFIED., .F., .F., .F.,
 ( 2, 1, 1, 2 ),
 ( 4, 2, 4 ),
 ( -0.01000000000000000021, 0.000000000000000000, 1.000000000000000000, 1.010099999999999998 ),
 ( 0.000000000000000000, 0.5000000000000000000, 1.000000000000000000 ),
 .UNSPECIFIED. ) ;
#3007 = EDGE_CURVE ( 'NONE', #4452, #1835, #3350, .T. ) ;
#3008 = ADVANCED_FACE ( 'NONE', ( #4459 ), #11392, .T. ) ;
#3009 = CARTESIAN_POINT ( 'NONE',  ( -22.74000000000003752, 0.000000000000000000, -9.131584377541916332E-14 ) ) ;
#3010 = FACE_OUTER_BOUND ( 'NONE', #5326, .T. ) ;
#3011 = ADVANCED_FACE ( 'NONE', ( #10586 ), #2423, .F. ) ;
#3012 = ORIENTED_EDGE ( 'NONE', *, *, #4526, .T. ) ;
#3013 = DIRECTION ( 'NONE',  ( 0.000000000000000000, 0.000000000000000000, 1.000000000000000000 ) ) ;
#3014 = VERTEX_POINT ( 'NONE', #12574 ) ;
#3015 = CARTESIAN_POINT ( 'NONE',  ( 6.999999999999999112, -6.222539674441619262, -15.49999999999999645 ) ) ;
#3016 = CARTESIAN_POINT ( 'NONE',  ( 34.80000000000000426, 6.899999999999999467, 6.250000000000006217 ) ) ;
#3017 = EDGE_LOOP ( 'NONE', ( #12170, #5098, #7934, #8302 ) ) ;
#3018 = DIRECTION ( 'NONE',  ( -1.000000000000000000, -0.000000000000000000, -0.000000000000000000 ) ) ;
#3019 = DIRECTION ( 'NONE',  ( 2.775557561562888984E-15, 0.000000000000000000, -1.000000000000000000 ) ) ;
#3020 = EDGE_LOOP ( 'NONE', ( #7533, #6814, #6029, #2574, #1565, #10631, #254, #2349 ) ) ;
#3021 = DIRECTION ( 'NONE',  ( 0.000000000000000000, 1.000000000000000000, 0.000000000000000000 ) ) ;
#3022 = CARTESIAN_POINT ( 'NONE',  ( 33.80000000000000426, 7.399999999999999467, 6.250000000000006217 ) ) ;
#3023 = ADVANCED_FACE ( 'NONE', ( #4402, #11456 ), #10480, .T. ) ;
#3024 = DIRECTION ( 'NONE',  ( -0.000000000000000000, -1.000000000000000000, 0.000000000000000000 ) ) ;
#3025 = VERTEX_POINT ( 'NONE', #5444 ) ;
#3026 = LINE ( 'NONE', #7010, #7520 ) ;
#3027 = EDGE_LOOP ( 'NONE', ( #7291, #12460, #3883, #10465 ) ) ;
#3028 = EDGE_LOOP ( 'NONE', ( #530, #10845, #10077, #11447 ) ) ;
#3029 = ORIENTED_EDGE ( 'NONE', *, *, #3413, .F. ) ;
#3030 = DIRECTION ( 'NONE',  ( 0.000000000000000000, 0.000000000000000000, 1.000000000000000000 ) ) ;
#3031 = DIRECTION ( 'NONE',  ( 0.000000000000000000, 1.000000000000000000, -0.000000000000000000 ) ) ;
#3032 = EDGE_CURVE ( 'NONE', #12083, #2113, #6485, .T. ) ;
#3033 = ORIENTED_EDGE ( 'NONE', *, *, #4980, .F. ) ;
#3034 = CARTESIAN_POINT ( 'NONE',  ( 33.80000000000000426, 6.899999999999999467, -7.249999999999996447 ) ) ;
#3035 = EDGE_LOOP ( 'NONE', ( #3278, #4889, #9827, #4246 ) ) ;
#3036 = DIRECTION ( 'NONE',  ( 1.000000000000000000, 0.000000000000000000, -0.000000000000000000 ) ) ;
#3037 = CARTESIAN_POINT ( 'NONE',  ( -33.79999999999999005, 8.400000000000000355, -7.249999999999994671 ) ) ;
#3038 = FACE_OUTER_BOUND ( 'NONE', #4998, .T. ) ;
#3039 = SURFACE_STYLE_USAGE ( .BOTH. , #5079 ) ;
#3040 = DIRECTION ( 'NONE',  ( 0.000000000000000000, 1.000000000000000000, 0.000000000000000000 ) ) ;
#3041 = EDGE_LOOP ( 'NONE', ( #5002, #11120, #8646, #1393 ) ) ;
#3042 = CARTESIAN_POINT ( 'NONE',  ( -13.31999999999999851, 1.600000000000000089, -18.00000000000000000 ) ) ;
#3043 = EDGE_CURVE ( 'NONE', #1835, #5901, #8443, .T. ) ;
#3044 = VECTOR ( 'NONE', #11372, 1000.000000000000000 ) ;
#3045 = ORIENTED_EDGE ( 'NONE', *, *, #4772, .T. ) ;
#3046 = ADVANCED_FACE ( 'NONE', ( #8501 ), #11530, .F. ) ;
#3047 = CARTESIAN_POINT ( 'NONE',  ( -8.240000000000042846, 0.000000000000000000, -8.631984016460597151E-14 ) ) ;
#3048 = DIRECTION ( 'NONE',  ( 0.000000000000000000, 1.000000000000000000, 0.000000000000000000 ) ) ;
#3049 = ORIENTED_EDGE ( 'NONE', *, *, #11312, .F. ) ;
#3050 = SURFACE_STYLE_FILL_AREA ( #8093 ) ;
#3051 = DIRECTION ( 'NONE',  ( 1.000000000000000000, 0.000000000000000000, -0.000000000000000000 ) ) ;
#3052 = FACE_OUTER_BOUND ( 'NONE', #9384, .T. ) ;
#3053 = DIRECTION ( 'NONE',  ( 0.000000000000000000, 0.000000000000000000, 1.000000000000000000 ) ) ;
#3054 = AXIS2_PLACEMENT_3D ( 'NONE', #11398, #1262, #5255 ) ;
#3055 = EDGE_CURVE ( 'NONE', #2244, #9944, #2234, .T. ) ;
#3056 = CARTESIAN_POINT ( 'NONE',  ( 35.07861928812541663, 8.408794663505313238, -11.85689076144392473 ) ) ;
#3057 = ORIENTED_EDGE ( 'NONE', *, *, #2843, .F. ) ;
#3058 = DIRECTION ( 'NONE',  ( 1.000000000000000000, 0.000000000000000000, 0.000000000000000000 ) ) ;
#3059 = ORIENTED_EDGE ( 'NONE', *, *, #1905, .F. ) ;
#3060 = VECTOR ( 'NONE', #8022, 999.9999999999998863 ) ;
#3061 = DIRECTION ( 'NONE',  ( 0.000000000000000000, 3.491481338843133355E-15, -1.000000000000000000 ) ) ;
#3062 = DIRECTION ( 'NONE',  ( 0.000000000000000000, 0.000000000000000000, 1.000000000000000000 ) ) ;
#3063 = ORIENTED_EDGE ( 'NONE', *, *, #7332, .T. ) ;
#3064 = CARTESIAN_POINT ( 'NONE',  ( -28.55999999999999872, 0.000000000000000000, -18.00000000000000000 ) ) ;
#3065 = CARTESIAN_POINT ( 'NONE',  ( -34.13137084989848802, -2.399999999999999467, -10.76005050633884963 ) ) ;
#3066 = CLOSED_SHELL ( 'NONE', ( #8260, #9711, #9563, #9529, #11979, #7920, #6880, #5192, #4041 ) ) ;
#3067 = LINE ( 'NONE', #7056, #5155 ) ;
#3068 = EDGE_CURVE ( 'NONE', #11459, #369, #3347, .T. ) ;
#3069 = VECTOR ( 'NONE', #2148, 1000.000000000000000 ) ;
#3070 = CARTESIAN_POINT ( 'NONE',  ( 34.80000000000000426, 8.599999999999999645, 6.250000000000006217 ) ) ;
#3071 = EDGE_CURVE ( 'NONE', #3488, #3636, #8825, .T. ) ;
#3072 = AXIS2_PLACEMENT_3D ( 'NONE', #1498, #5420, #4437 ) ;
#3073 = VECTOR ( 'NONE', #9617, 1000.000000000000000 ) ;
#3074 = VERTEX_POINT ( 'NONE', #4701 ) ;
#3075 = CARTESIAN_POINT ( 'NONE',  ( -6.599999999999997868, -6.222539674441619262, -15.49999999999999645 ) ) ;
#3076 = EDGE_CURVE ( 'NONE', #2136, #9091, #4771, .T. ) ;
#3077 = MECHANICAL_DESIGN_GEOMETRIC_PRESENTATION_REPRESENTATION (  '', ( #4994 ), #11650 ) ;
#3078 = ADVANCED_FACE ( 'NONE', ( #6850, #7908 ), #7647, .T. ) ;
#3079 = ORIENTED_EDGE ( 'NONE', *, *, #8769, .T. ) ;
#3080 = CARTESIAN_POINT ( 'NONE',  ( 35.01430964406270618, 8.558675215251145829, 11.70983863682283932 ) ) ;
#3081 = AXIS2_PLACEMENT_3D ( 'NONE', #23, #1908, #10942 ) ;
#3082 = CARTESIAN_POINT ( 'NONE',  ( 34.80000000000000426, 6.899999999999999467, 6.250000000000006217 ) ) ;
#3083 = VERTEX_POINT ( 'NONE', #772 ) ;
#3084 = FILL_AREA_STYLE_COLOUR ( '', #6136 ) ;
#3085 = DIRECTION ( 'NONE',  ( 0.7071067811865171526, 0.000000000000000000, -0.7071067811865778818 ) ) ;
#3086 = DIRECTION ( 'NONE',  ( 0.000000000000000000, 1.000000000000000000, 0.000000000000000000 ) ) ;
#3087 = VERTEX_POINT ( 'NONE', #11908 ) ;
#3088 = CARTESIAN_POINT ( 'NONE',  ( -12.57999999999999829, 1.600000000000000089, -15.49999999999999645 ) ) ;
#3089 = CIRCLE ( 'NONE', #2263, 2.200000000000000622 ) ;
#3090 = B_SPLINE_CURVE_WITH_KNOTS ( 'NONE', 3,
 ( #6325, #10318, #3250, #6188, #4300, #1357 ),
 .UNSPECIFIED., .F., .F.,
 ( 4, 2, 4 ),
 ( 1.734723475976806902E-18, 0.0001829148252455440509, 0.0003658296504910863670 ),
 .UNSPECIFIED. ) ;
#3091 = PLANE ( 'NONE',  #3719 ) ;
#3092 = AXIS2_PLACEMENT_3D ( 'NONE', #3737, #3469, #5559 ) ;
#3093 = DIRECTION ( 'NONE',  ( 0.000000000000000000, 0.000000000000000000, -1.000000000000000000 ) ) ;
#3094 = CIRCLE ( 'NONE', #9571, 0.4999999999999987232 ) ;
#3095 = CARTESIAN_POINT ( 'NONE',  ( -33.79999999999999005, 8.400000000000000355, -6.249999999999994671 ) ) ;
#3096 =( NAMED_UNIT ( * ) SI_UNIT ( $, .STERADIAN. ) SOLID_ANGLE_UNIT ( ) );
#3097 = ORIENTED_EDGE ( 'NONE', *, *, #3265, .F. ) ;
#3098 = VERTEX_POINT ( 'NONE', #11770 ) ;
#3099 = VERTEX_POINT ( 'NONE', #11642 ) ;
#3100 = DIRECTION ( 'NONE',  ( 0.000000000000000000, -1.000000000000000000, 0.000000000000000000 ) ) ;
#3101 = VECTOR ( 'NONE', #3882, 1000.000000000000000 ) ;
#3102 = CARTESIAN_POINT ( 'NONE',  ( -26.01999999999999602, 1.600000000000000089, -18.00000000000000000 ) ) ;
#3103 = ORIENTED_EDGE ( 'NONE', *, *, #3680, .T. ) ;
#3104 = DIRECTION ( 'NONE',  ( 0.000000000000000000, 1.000000000000000000, 0.000000000000000000 ) ) ;
#3105 = VECTOR ( 'NONE', #7624, 1000.000000000000000 ) ;
#3106 = EDGE_CURVE ( 'NONE', #11857, #7212, #3730, .T. ) ;
#3107 = CARTESIAN_POINT ( 'NONE',  ( -35.14999999999999858, 8.199999999999999289, -11.69292893218813667 ) ) ;
#3108 = EDGE_LOOP ( 'NONE', ( #9878, #5234, #9742, #6524 ) ) ;
#3109 = CIRCLE ( 'NONE', #12727, 0.4999999999999987232 ) ;
#3110 = FACE_OUTER_BOUND ( 'NONE', #1531, .T. ) ;
#3111 = CARTESIAN_POINT ( 'NONE',  ( -14.22000000000000064, 0.000000000000000000, -15.49999999999999645 ) ) ;
#3112 = LINE ( 'NONE', #169, #5150 ) ;
#3113 = ADVANCED_FACE ( 'NONE', ( #10856 ), #9665, .F. ) ;
#3114 = AXIS2_PLACEMENT_3D ( 'NONE', #6327, #4826, #8670 ) ;
#3115 = DIRECTION ( 'NONE',  ( 2.775557561562888984E-15, 0.000000000000000000, -1.000000000000000000 ) ) ;
#3116 = VERTEX_POINT ( 'NONE', #1819 ) ;
#3117 = DIRECTION ( 'NONE',  ( 0.000000000000000000, 0.000000000000000000, -1.000000000000000000 ) ) ;
#3118 = CIRCLE ( 'NONE', #1057, 1.000000000000000000 ) ;
#3119 = ORIENTED_EDGE ( 'NONE', *, *, #4643, .T. ) ;
#3120 = CARTESIAN_POINT ( 'NONE',  ( -6.599999999999997868, 1.600000000000000089, -15.99999999999999645 ) ) ;
#3121 = LINE ( 'NONE', #9979, #2232 ) ;
#3122 = VERTEX_POINT ( 'NONE', #11713 ) ;
#3123 = AXIS2_PLACEMENT_3D ( 'NONE', #2571, #5569, #6549 ) ;
#3124 = AXIS2_PLACEMENT_3D ( 'NONE', #2718, #10448, #10628 ) ;
#3125 = CARTESIAN_POINT ( 'NONE',  ( -35.15983863682283328, 8.558675215251144053, -11.56430964406271400 ) ) ;
#3126 = ADVANCED_FACE ( 'NONE', ( #7777, #6723 ), #10717, .T. ) ;
#3127 = DIRECTION ( 'NONE',  ( 0.000000000000000000, 0.000000000000000000, 1.000000000000000000 ) ) ;
#3128 = AXIS2_PLACEMENT_3D ( 'NONE', #2708, #6612, #5651 ) ;
#3129 = CARTESIAN_POINT ( 'NONE',  ( -21.83999999999999986, 1.600000000000000089, -15.49999999999999645 ) ) ;
#3130 = AXIS2_PLACEMENT_3D ( 'NONE', #5221, #250, #4240 ) ;
#3131 = LINE ( 'NONE', #4183, #2675 ) ;
#3132 = CIRCLE ( 'NONE', #6472, 1.000000000000000000 ) ;
#3133 = ORIENTED_EDGE ( 'NONE', *, *, #11573, .T. ) ;
#3134 = UNCERTAINTY_MEASURE_WITH_UNIT (LENGTH_MEASURE( 1.000000000000000082E-05 ), #3649, 'distance_accuracy_value', 'NONE');
#3135 = ORIENTED_EDGE ( 'NONE', *, *, #9391, .F. ) ;
#3136 = CARTESIAN_POINT ( 'NONE',  ( 33.80000000000000426, 8.400000000000000355, -6.249999999999994671 ) ) ;
#3137 = DIRECTION ( 'NONE',  ( 0.000000000000000000, 1.000000000000000000, 0.000000000000000000 ) ) ;
#3138 = ORIENTED_EDGE ( 'NONE', *, *, #9693, .T. ) ;
#3139 = MECHANICAL_DESIGN_GEOMETRIC_PRESENTATION_REPRESENTATION (  '', ( #436 ), #9411 ) ;
#3140 = CARTESIAN_POINT ( 'NONE',  ( 34.95000000000001705, 8.199999999999999289, -11.50000000000002487 ) ) ;
#3141 = ADVANCED_FACE ( 'NONE', ( #5745 ), #9723, .F. ) ;
#3142 = LINE ( 'NONE', #3065, #389 ) ;
#3143 = CARTESIAN_POINT ( 'NONE',  ( -33.64999999999999858, 8.500000000000000000, 9.625000000000003553 ) ) ;
#3144 = AXIS2_PLACEMENT_3D ( 'NONE', #9896, #941, #11090 ) ;
#3145 = AXIS2_PLACEMENT_3D ( 'NONE', #12031, #10061, #9927 ) ;
#3146 = CARTESIAN_POINT ( 'NONE',  ( -24.37999999999999901, 0.000000000000000000, -14.99999999999999822 ) ) ;
#3147 = CYLINDRICAL_SURFACE ( 'NONE', #2295, 0.4999999999999987232 ) ;
#3148 = VERTEX_POINT ( 'NONE', #8764 ) ;
#3149 = CARTESIAN_POINT ( 'NONE',  ( -31.79791847198285737, -16.60000000000000497, 12.66923881554250997 ) ) ;
#3150 = EDGE_CURVE ( 'NONE', #12283, #9873, #3765, .T. ) ;
#3151 = ADVANCED_FACE ( 'NONE', ( #2145 ), #5097, .F. ) ;
#3152 = ORIENTED_EDGE ( 'NONE', *, *, #5500, .T. ) ;
#3153 = CARTESIAN_POINT ( 'NONE',  ( 35.15000000000000568, 6.200000000000048139, 3.749999999999999556 ) ) ;
#3154 = FACE_OUTER_BOUND ( 'NONE', #7668, .T. ) ;
#3155 = ORIENTED_EDGE ( 'NONE', *, *, #6444, .T. ) ;
#3156 = CARTESIAN_POINT ( 'NONE',  ( 25.40000000000000213, 1.600000000000000089, 0.000000000000000000 ) ) ;
#3157 = CARTESIAN_POINT ( 'NONE',  ( -33.91923881554251352, 0.000000000000000000, 10.54791847198287691 ) ) ;
#3158 = VERTEX_POINT ( 'NONE', #969 ) ;
#3159 = DIRECTION ( 'NONE',  ( 1.000000000000000000, 0.000000000000000000, 2.775557561562888984E-15 ) ) ;
#3160 = DIRECTION ( 'NONE',  ( -0.7071067811865517916, 0.000000000000000000, 0.7071067811865431318 ) ) ;
#3161 = EDGE_CURVE ( 'NONE', #11733, #425, #7098, .T. ) ;
#3162 = ADVANCED_FACE ( 'NONE', ( #3257 ), #11054, .T. ) ;
#3163 = PLANE ( 'NONE',  #3314 ) ;
#3164 = CARTESIAN_POINT ( 'NONE',  ( 12.50000000000000355, 0.000000000000000000, -6.000000000000008882 ) ) ;
#3165 = CARTESIAN_POINT ( 'NONE',  ( -35.14999999999999858, 8.199999999999999289, -11.69292893218813667 ) ) ;
#3166 = VERTEX_POINT ( 'NONE', #10981 ) ;
#3167 = ORIENTED_EDGE ( 'NONE', *, *, #10626, .F. ) ;
#3168 = ORIENTED_EDGE ( 'NONE', *, *, #10444, .T. ) ;
#3169 = LINE ( 'NONE', #11941, #443 ) ;
#3170 = PLANE ( 'NONE',  #4144 ) ;
#3171 = EDGE_LOOP ( 'NONE', ( #8991, #3890, #2442, #7369 ) ) ;
#3172 = CARTESIAN_POINT ( 'NONE',  ( -14.22000000000000064, -6.222539674441619262, -15.49999999999999645 ) ) ;
#3173 = DIRECTION ( 'NONE',  ( 0.000000000000000000, 0.000000000000000000, 1.000000000000000000 ) ) ;
#3174 = ORIENTED_EDGE ( 'NONE', *, *, #7383, .T. ) ;
#3175 = ADVANCED_FACE ( 'NONE', ( #2006 ), #2082, .F. ) ;
#3176 = LINE ( 'NONE', #12867, #9983 ) ;
#3177 =( LENGTH_UNIT ( ) NAMED_UNIT ( * ) SI_UNIT ( .MILLI., .METRE. ) );
#3178 = B_SPLINE_CURVE_WITH_KNOTS ( 'NONE', 3,
 ( #4032, #4357, #7295, #6249, #8159, #5078 ),
 .UNSPECIFIED., .F., .F.,
 ( 4, 2, 4 ),
 ( 0.000000000000000000, 0.0001829148252455418012, 0.0003658296504910836023 ),
 .UNSPECIFIED. ) ;
#3179 = DIRECTION ( 'NONE',  ( 0.000000000000000000, 0.000000000000000000, 1.000000000000000000 ) ) ;
#3180 = CARTESIAN_POINT ( 'NONE',  ( -15.86000000000000298, 0.000000000000000000, -15.49999999999999645 ) ) ;
#3181 = ADVANCED_FACE ( 'NONE', ( #5036 ), #5154, .F. ) ;
#3182 = CARTESIAN_POINT ( 'NONE',  ( 40.00000000000002842, 7.949999999999783462, 3.750000000000000000 ) ) ;
#3183 = ORIENTED_EDGE ( 'NONE', *, *, #9229, .T. ) ;
#3184 = DIRECTION ( 'NONE',  ( 2.775557561562888984E-15, 0.000000000000000000, -1.000000000000000000 ) ) ;
#3185 = EDGE_CURVE ( 'NONE', #3098, #7455, #6197, .T. ) ;
#3186 = CIRCLE ( 'NONE', #49, 0.8999999999999980238 ) ;
#3187 = ORIENTED_EDGE ( 'NONE', *, *, #3473, .T. ) ;
#3188 = LINE ( 'NONE', #10045, #6409 ) ;
#3189 = EDGE_CURVE ( 'NONE', #10439, #9634, #8300, .T. ) ;
#3190 = DIRECTION ( 'NONE',  ( -0.000000000000000000, 1.000000000000000000, -0.000000000000000000 ) ) ;
#3191 = VERTEX_POINT ( 'NONE', #11520 ) ;
#3192 = CARTESIAN_POINT ( 'NONE',  ( -14.22000000000000064, 0.000000000000000000, -14.59999999999999787 ) ) ;
#3193 = DIRECTION ( 'NONE',  ( 0.000000000000000000, 0.000000000000000000, -1.000000000000000000 ) ) ;
#3194 = PRESENTATION_STYLE_ASSIGNMENT (( #5092 ) ) ;
#3195 = FACE_OUTER_BOUND ( 'NONE', #4281, .T. ) ;
#3196 = ORIENTED_EDGE ( 'NONE', *, *, #8588, .T. ) ;
#3197 = VERTEX_POINT ( 'NONE', #2548 ) ;
#3198 = DIRECTION ( 'NONE',  ( 0.000000000000000000, 0.000000000000000000, 1.000000000000000000 ) ) ;
#3199 = EDGE_LOOP ( 'NONE', ( #10751, #106, #6214, #5314 ) ) ;
#3200 = VERTEX_POINT ( 'NONE', #7320 ) ;
#3201 = CARTESIAN_POINT ( 'NONE',  ( 0.000000000000000000, 8.500000000000000000, -10.07500000000000462 ) ) ;
#3202 = CARTESIAN_POINT ( 'NONE',  ( 1.020000000000000018, -6.222539674441619262, -14.59999999999999787 ) ) ;
#3203 = ORIENTED_EDGE ( 'NONE', *, *, #8186, .F. ) ;
#3204 = LINE ( 'NONE', #264, #12143 ) ;
#3205 = PLANE ( 'NONE',  #9159 ) ;
#3206 = CARTESIAN_POINT ( 'NONE',  ( 7.620000000000000107, 0.000000000000000000, -18.00000000000000000 ) ) ;
#3207 = COLOUR_RGB ( '',1.000000000000000000, 0.8117647058823529438, 0.5019607843137254832 ) ;
#3208 = DIRECTION ( 'NONE',  ( 2.775557561562888984E-15, 0.000000000000000000, -1.000000000000000000 ) ) ;
#3209 = EDGE_CURVE ( 'NONE', #3099, #2778, #1673, .T. ) ;
#3210 = ORIENTED_EDGE ( 'NONE', *, *, #7332, .F. ) ;
#3211 = CARTESIAN_POINT ( 'NONE',  ( 31.93933982822019146, -2.399999999999999467, 12.66923881554250109 ) ) ;
#3212 = ADVANCED_FACE ( 'NONE', ( #391 ), #3336, .F. ) ;
#3213 = VECTOR ( 'NONE', #10649, 1000.000000000000114 ) ;
#3214 = EDGE_LOOP ( 'NONE', ( #8207, #9696, #855, #2353 ) ) ;
#3215 = DIRECTION ( 'NONE',  ( 0.000000000000000000, 1.000000000000000000, -0.000000000000000000 ) ) ;
#3216 = DIRECTION ( 'NONE',  ( 0.000000000000000000, 1.000000000000000000, -0.000000000000000000 ) ) ;
#3217 = ORIENTED_EDGE ( 'NONE', *, *, #372, .T. ) ;
#3218 = CARTESIAN_POINT ( 'NONE',  ( -37.69999999999967599, 1.600000000000000089, 15.69999999999999929 ) ) ;
#3219 = LINE ( 'NONE', #4465, #2026 ) ;
#3220 = EDGE_LOOP ( 'NONE', ( #1396, #5896, #3527, #11134 ) ) ;
#3221 = CARTESIAN_POINT ( 'NONE',  ( 35.00193619753724050, 8.397979999999996892, 11.53222023238929594 ) ) ;
#3222 = ADVANCED_FACE ( 'NONE', ( #3399 ), #10261, .F. ) ;
#3223 = FACE_OUTER_BOUND ( 'NONE', #11828, .T. ) ;
#3224 = CARTESIAN_POINT ( 'NONE',  ( -11.67999999999999972, -6.222539674441619262, -15.49999999999999645 ) ) ;
#3225 =( NAMED_UNIT ( * ) PLANE_ANGLE_UNIT ( ) SI_UNIT ( $, .RADIAN. ) );
#3226 = ORIENTED_EDGE ( 'NONE', *, *, #679, .T. ) ;
#3227 = FILL_AREA_STYLE ('',( #11892 ) ) ;
#3228 = VERTEX_POINT ( 'NONE', #7384 ) ;
#3229 = ORIENTED_EDGE ( 'NONE', *, *, #3161, .F. ) ;
#3230 = CARTESIAN_POINT ( 'NONE',  ( 3.560000000000000497, 1.600000000000000089, -14.59999999999999787 ) ) ;
#3231 = DIRECTION ( 'NONE',  ( 0.000000000000000000, -1.000000000000000000, 0.000000000000000000 ) ) ;
#3232 = VERTEX_POINT ( 'NONE', #8376 ) ;
#3233 = DIRECTION ( 'NONE',  ( -0.000000000000000000, 1.000000000000000000, -0.000000000000000000 ) ) ;
#3234 = CARTESIAN_POINT ( 'NONE',  ( -40.00000000000000000, 0.000000000000000000, -18.00000000000000000 ) ) ;
#3235 = VERTEX_POINT ( 'NONE', #11574 ) ;
#3236 = FACE_OUTER_BOUND ( 'NONE', #12343, .T. ) ;
#3237 = FACE_OUTER_BOUND ( 'NONE', #6246, .T. ) ;
#3238 = DIRECTION ( 'NONE',  ( 0.000000000000000000, 0.000000000000000000, 1.000000000000000000 ) ) ;
#3239 = LINE ( 'NONE', #7296, #11034 ) ;
#3240 = CARTESIAN_POINT ( 'NONE',  ( -35.15000000000001279, 8.199999999999999289, 11.70000000000002416 ) ) ;
#3241 = ORIENTED_EDGE ( 'NONE', *, *, #9666, .T. ) ;
#3242 = CARTESIAN_POINT ( 'NONE',  ( -37.69999999999967599, -6.222539674441619262, 17.89999999999999858 ) ) ;
#3243 = ORIENTED_EDGE ( 'NONE', *, *, #12277, .T. ) ;
#3244 = EDGE_CURVE ( 'NONE', #7664, #5160, #11380, .T. ) ;
#3245 = DIRECTION ( 'NONE',  ( 0.000000000000000000, -1.000000000000000000, 0.000000000000000000 ) ) ;
#3246 = CARTESIAN_POINT ( 'NONE',  ( -34.10000000000000142, 8.599999999999999645, -0.000000000000000000 ) ) ;
#3247 = VERTEX_POINT ( 'NONE', #2488 ) ;
#3248 = EDGE_CURVE ( 'NONE', #5007, #8196, #1045, .T. ) ;
#3249 = FACE_OUTER_BOUND ( 'NONE', #10836, .T. ) ;
#3250 = CARTESIAN_POINT ( 'NONE',  ( -35.01405536884863068, 8.378694232274956022, -11.60406188861416332 ) ) ;
#3251 = CARTESIAN_POINT ( 'NONE',  ( -35.15000000000001990, 8.991879477924548553E-14, 3.749999999999997780 ) ) ;
#3252 = CARTESIAN_POINT ( 'NONE',  ( 2.660000000000002807, 0.000000000000000000, -15.49999999999999645 ) ) ;
#3253 = CARTESIAN_POINT ( 'NONE',  ( -33.64999999999999858, 8.599999999999999645, 9.525000000000003908 ) ) ;
#3254 = VECTOR ( 'NONE', #5030, 1000.000000000000000 ) ;
#3255 = ORIENTED_EDGE ( 'NONE', *, *, #12541, .T. ) ;
#3256 = ORIENTED_EDGE ( 'NONE', *, *, #3265, .T. ) ;
#3257 = FACE_OUTER_BOUND ( 'NONE', #10522, .T. ) ;
#3258 = EDGE_LOOP ( 'NONE', ( #2549, #7019, #7890, #669, #5504, #743, #6541, #3898 ) ) ;
#3259 = ORIENTED_EDGE ( 'NONE', *, *, #9875, .T. ) ;
#3260 = LINE ( 'NONE', #119, #6104 ) ;
#3261 = AXIS2_PLACEMENT_3D ( 'NONE', #2061, #6119, #3238 ) ;
#3262 = DIRECTION ( 'NONE',  ( -0.000000000000000000, 1.000000000000000000, -0.000000000000000000 ) ) ;
#3263 = ORIENTED_EDGE ( 'NONE', *, *, #6397, .F. ) ;
#3264 = LINE ( 'NONE', #8183, #10252 ) ;
#3265 = EDGE_CURVE ( 'NONE', #11243, #8067, #2352, .T. ) ;
#3266 = CYLINDRICAL_SURFACE ( 'NONE', #8336, 0.4999999999999987232 ) ;
#3267 = LINE ( 'NONE', #2421, #11632 ) ;
#3268 = EDGE_CURVE ( 'NONE', #6454, #4245, #3132, .T. ) ;
#3269 = CARTESIAN_POINT ( 'NONE',  ( 33.64999999999999858, 8.500000000000000000, -10.07500000000000462 ) ) ;
#3270 = AXIS2_PLACEMENT_3D ( 'NONE', #1956, #8961, #9029 ) ;
#3271 = DIRECTION ( 'NONE',  ( 0.000000000000000000, 1.000000000000000000, 0.000000000000000000 ) ) ;
#3272 = EDGE_LOOP ( 'NONE', ( #4536, #3387, #5732, #1802 ) ) ;
#3273 = FACE_OUTER_BOUND ( 'NONE', #1517, .T. ) ;
#3274 = VECTOR ( 'NONE', #8221, 1000.000000000000000 ) ;
#3275 = ORIENTED_EDGE ( 'NONE', *, *, #7963, .F. ) ;
#3276 = CARTESIAN_POINT ( 'NONE',  ( -37.70000000000000284, 0.000000000000000000, -13.50000000000000000 ) ) ;
#3277 = DIRECTION ( 'NONE',  ( 0.000000000000000000, 0.000000000000000000, 1.000000000000000000 ) ) ;
#3278 = ORIENTED_EDGE ( 'NONE', *, *, #4643, .F. ) ;
#3279 = CARTESIAN_POINT ( 'NONE',  ( -21.83999999999999986, 0.000000000000000000, -15.49999999999999645 ) ) ;
#3280 = DIRECTION ( 'NONE',  ( 0.000000000000000000, 1.000000000000000000, 0.000000000000000000 ) ) ;
#3281 = VERTEX_POINT ( 'NONE', #6527 ) ;
#3282 = VECTOR ( 'NONE', #5465, 1000.000000000000000 ) ;
#3283 = FACE_OUTER_BOUND ( 'NONE', #352, .T. ) ;
#3284 = EDGE_CURVE ( 'NONE', #6865, #6756, #3457, .T. ) ;
#3285 = CARTESIAN_POINT ( 'NONE',  ( 0.000000000000000000, 0.000000000000000000, 0.000000000000000000 ) ) ;
#3286 = DIRECTION ( 'NONE',  ( -0.000000000000000000, 1.000000000000000000, -0.000000000000000000 ) ) ;
#3287 = CLOSED_SHELL ( 'NONE', ( #1221, #2484, #12016, #693, #12752, #6739, #9243, #4634, #12175 ) ) ;
#3288 = CARTESIAN_POINT ( 'NONE',  ( -32.00000000000000000, 0.000000000000000000, -15.49999999999999645 ) ) ;
#3289 = DIRECTION ( 'NONE',  ( -0.000000000000000000, 1.000000000000000000, -0.000000000000000000 ) ) ;
#3290 = CIRCLE ( 'NONE', #1622, 0.4999999999999987232 ) ;
#3291 = CIRCLE ( 'NONE', #992, 0.4999999999999987232 ) ;
#3292 = ORIENTED_EDGE ( 'NONE', *, *, #7288, .T. ) ;
#3293 = DIRECTION ( 'NONE',  ( 0.000000000000000000, -0.000000000000000000, -1.000000000000000000 ) ) ;
#3294 = VERTEX_POINT ( 'NONE', #6473 ) ;
#3295 = ORIENTED_EDGE ( 'NONE', *, *, #7903, .T. ) ;
#3296 = CYLINDRICAL_SURFACE ( 'NONE', #3962, 1.399999999999995026 ) ;
#3297 = DIRECTION ( 'NONE',  ( 0.000000000000000000, 1.000000000000000000, 0.000000000000000000 ) ) ;
#3298 = VERTEX_POINT ( 'NONE', #12303 ) ;
#3299 = AXIS2_PLACEMENT_3D ( 'NONE', #1213, #5207, #9204 ) ;
#3300 = DIRECTION ( 'NONE',  ( -0.000000000000000000, 1.000000000000000000, -0.000000000000000000 ) ) ;
#3301 = CIRCLE ( 'NONE', #4124, 1.399999999999995026 ) ;
#3302 = DIRECTION ( 'NONE',  ( 2.775557561562888984E-15, 0.000000000000000000, -1.000000000000000000 ) ) ;
#3303 = AXIS2_PLACEMENT_3D ( 'NONE', #2409, #9274, #4105 ) ;
#3304 = VERTEX_POINT ( 'NONE', #4504 ) ;
#3305 = DIRECTION ( 'NONE',  ( -1.000000000000000000, -0.000000000000000000, 5.132317976262743517E-17 ) ) ;
#3306 = VECTOR ( 'NONE', #1892, 1000.000000000000000 ) ;
#3307 = LINE ( 'NONE', #4163, #3888 ) ;
#3308 = CARTESIAN_POINT ( 'NONE',  ( 1.020000000000000018, 1.600000000000000089, -15.49999999999999645 ) ) ;
#3309 = ADVANCED_FACE ( 'NONE', ( #7581 ), #10519, .F. ) ;
#3310 = DIRECTION ( 'NONE',  ( 2.775557561562888984E-15, 0.000000000000000000, -1.000000000000000000 ) ) ;
#3311 = VERTEX_POINT ( 'NONE', #573 ) ;
#3312 = DIRECTION ( 'NONE',  ( 2.775557561562888984E-15, 0.000000000000000000, -1.000000000000000000 ) ) ;
#3313 = AXIS2_PLACEMENT_3D ( 'NONE', #9568, #6508, #1781 ) ;
#3314 = AXIS2_PLACEMENT_3D ( 'NONE', #7145, #11012, #2169 ) ;
#3315 = ORIENTED_EDGE ( 'NONE', *, *, #1570, .T. ) ;
#3316 = VECTOR ( 'NONE', #8550, 1000.000000000000000 ) ;
#3317 = CARTESIAN_POINT ( 'NONE',  ( 33.80000000000000426, 7.399999999999999467, -7.249999999999996447 ) ) ;
#3318 = AXIS2_PLACEMENT_3D ( 'NONE', #12181, #7392, #2216 ) ;
#3319 = DIRECTION ( 'NONE',  ( 0.000000000000000000, 1.000000000000000000, -0.000000000000000000 ) ) ;
#3320 = EDGE_CURVE ( 'NONE', #7170, #9908, #11495, .T. ) ;
#3321 = ORIENTED_EDGE ( 'NONE', *, *, #9220, .F. ) ;
#3322 = EDGE_CURVE ( 'NONE', #6280, #5011, #3592, .T. ) ;
#3323 = SURFACE_STYLE_USAGE ( .BOTH. , #8425 ) ;
#3324 = DIRECTION ( 'NONE',  ( 0.000000000000000000, 1.000000000000000000, 0.000000000000000000 ) ) ;
#3325 = CIRCLE ( 'NONE', #12095, 0.8999999999999980238 ) ;
#3326 = CARTESIAN_POINT ( 'NONE',  ( -33.79999999999999005, 7.399999999999999467, -7.249999999999994671 ) ) ;
#3327 = CIRCLE ( 'NONE', #12320, 6.000000000000002665 ) ;
#3328 = DIRECTION ( 'NONE',  ( 0.000000000000000000, 0.000000000000000000, -1.000000000000000000 ) ) ;
#3329 = EDGE_CURVE ( 'NONE', #2486, #8239, #10767, .T. ) ;
#3330 = VECTOR ( 'NONE', #10801, 1000.000000000000000 ) ;
#3331 = LINE ( 'NONE', #2142, #9549 ) ;
#3332 = VERTEX_POINT ( 'NONE', #5872 ) ;
#3333 = EDGE_CURVE ( 'NONE', #4449, #2264, #8752, .T. ) ;
#3334 = EDGE_LOOP ( 'NONE', ( #4872, #10483, #1295, #7894 ) ) ;
#3335 = STYLED_ITEM ( 'NONE', ( #5897 ), #2845 ) ;
#3336 = CYLINDRICAL_SURFACE ( 'NONE', #4590, 0.4999999999999987232 ) ;
#3338 = VERTEX_POINT ( 'NONE', #7825 ) ;
#3337 = VECTOR ( 'NONE', #7166, 1000.000000000000000 ) ;
#3339 = ORIENTED_EDGE ( 'NONE', *, *, #7672, .F. ) ;
#3340 = AXIS2_PLACEMENT_3D ( 'NONE', #12207, #3489, #11208 ) ;
#3341 = DIRECTION ( 'NONE',  ( 2.775557561562888984E-15, 0.000000000000000000, -1.000000000000000000 ) ) ;
#3342 = CARTESIAN_POINT ( 'NONE',  ( 33.80000000000000426, 8.599999999999999645, -7.249999999999997335 ) ) ;
#3343 = ORIENTED_EDGE ( 'NONE', *, *, #5013, .F. ) ;
#3344 = CARTESIAN_POINT ( 'NONE',  ( 35.00193619753726892, 8.397979999999996892, -11.53222023238931371 ) ) ;
#3345 = DIRECTION ( 'NONE',  ( 0.000000000000000000, 0.000000000000000000, 1.000000000000000000 ) ) ;
#3346 = EDGE_CURVE ( 'NONE', #7988, #8423, #7636, .T. ) ;
#3347 = CIRCLE ( 'NONE', #5012, 0.8999999999999980238 ) ;
#3348 = DIRECTION ( 'NONE',  ( 1.000000000000000000, -0.000000000000000000, 2.775557561562888984E-15 ) ) ;
#3349 = DIRECTION ( 'NONE',  ( 0.000000000000000000, 0.000000000000000000, 1.000000000000000000 ) ) ;
#3350 = LINE ( 'NONE', #2614, #9593 ) ;
#3351 = ADVANCED_FACE ( 'NONE', ( #1876 ), #5737, .F. ) ;
#3352 = ORIENTED_EDGE ( 'NONE', *, *, #7560, .F. ) ;
#3353 = PRESENTATION_LAYER_ASSIGNMENT (  '', '', ( #12764 ) ) ;
#3354 = ORIENTED_EDGE ( 'NONE', *, *, #6546, .T. ) ;
#3355 = CARTESIAN_POINT ( 'NONE',  ( -33.64999999999999858, 8.500000000000000000, -9.625000000000003553 ) ) ;
#3356 = ADVANCED_FACE ( 'NONE', ( #9786 ), #12815, .T. ) ;
#3357 = ORIENTED_EDGE ( 'NONE', *, *, #5999, .T. ) ;
#3358 = DIRECTION ( 'NONE',  ( 0.000000000000000000, 1.000000000000000000, 0.000000000000000000 ) ) ;
#3359 = CARTESIAN_POINT ( 'NONE',  ( -0.9192388155425117446, 0.000000000000000000, 10.54791847198287336 ) ) ;
#3360 = ORIENTED_EDGE ( 'NONE', *, *, #9427, .T. ) ;
#3361 = VECTOR ( 'NONE', #10561, 1000.000000000000000 ) ;
#3362 = VECTOR ( 'NONE', #10594, 1000.000000000000000 ) ;
#3363 = FACE_OUTER_BOUND ( 'NONE', #3978, .T. ) ;
#3364 = LINE ( 'NONE', #605, #2680 ) ;
#3365 = CARTESIAN_POINT ( 'NONE',  ( -5.700000000000000178, -6.222539674441619262, -15.49999999999999645 ) ) ;
#3366 = LINE ( 'NONE', #1659, #11081 ) ;
#3367 = ORIENTED_EDGE ( 'NONE', *, *, #9318, .F. ) ;
#3368 = AXIS2_PLACEMENT_3D ( 'NONE', #6717, #10714, #11528 ) ;
#3369 = ORIENTED_EDGE ( 'NONE', *, *, #512, .F. ) ;
#3370 = ORIENTED_EDGE ( 'NONE', *, *, #9400, .T. ) ;
#3371 = CARTESIAN_POINT ( 'NONE',  ( -6.599999999999997868, -6.222539674441619262, -15.49999999999999645 ) ) ;
#3372 = LINE ( 'NONE', #4420, #191 ) ;
#3373 = EDGE_LOOP ( 'NONE', ( #7848, #12000, #8164, #1273 ) ) ;
#3374 = DIRECTION ( 'NONE',  ( 2.775557561562888984E-15, 0.000000000000000000, -1.000000000000000000 ) ) ;
#3375 = CARTESIAN_POINT ( 'NONE',  ( -10.03999999999999737, 0.000000000000000000, -15.49999999999999645 ) ) ;
#3376 = ORIENTED_EDGE ( 'NONE', *, *, #2368, .T. ) ;
#3377 = CARTESIAN_POINT ( 'NONE',  ( -0.6200000000000025491, 0.000000000000000000, -15.49999999999999645 ) ) ;
#3378 = DIRECTION ( 'NONE',  ( 2.775557561562888984E-15, 0.000000000000000000, -1.000000000000000000 ) ) ;
#3379 = CARTESIAN_POINT ( 'NONE',  ( -37.70000000000000284, 1.600000000000000089, -14.30000000000000426 ) ) ;
#3380 = CARTESIAN_POINT ( 'NONE',  ( -20.94000000000000128, 1.600000000000000089, -15.49999999999999645 ) ) ;
#3381 = ORIENTED_EDGE ( 'NONE', *, *, #10998, .F. ) ;
#3382 = CARTESIAN_POINT ( 'NONE',  ( 34.95000000000000284, 8.399999999999998579, 11.50000000000000178 ) ) ;
#3383 = ORIENTED_EDGE ( 'NONE', *, *, #12512, .F. ) ;
#3384 = EDGE_CURVE ( 'NONE', #7149, #10972, #11817, .T. ) ;
#3385 = LINE ( 'NONE', #8362, #8084 ) ;
#3386 = FACE_OUTER_BOUND ( 'NONE', #278, .T. ) ;
#3387 = ORIENTED_EDGE ( 'NONE', *, *, #3940, .T. ) ;
#3388 = ADVANCED_FACE ( 'NONE', ( #1620 ), #9654, .F. ) ;
#3389 = DIRECTION ( 'NONE',  ( -1.000000000000000000, 2.775557561563175735E-15, -0.000000000000000000 ) ) ;
#3390 = CARTESIAN_POINT ( 'NONE',  ( -35.12844538072196343, 8.304397331752655376, -11.62861928812542622 ) ) ;
#3391 = DIRECTION ( 'NONE',  ( 2.775557561562888984E-15, 0.000000000000000000, -1.000000000000000000 ) ) ;
#3392 = CARTESIAN_POINT ( 'NONE',  ( -30.35999999999999943, 0.000000000000000000, -15.49999999999999645 ) ) ;
#3393 = DIRECTION ( 'NONE',  ( 0.7071067811865474617, -0.000000000000000000, -0.7071067811865474617 ) ) ;
#3394 = VECTOR ( 'NONE', #12627, 1000.000000000000000 ) ;
#3395 = ORIENTED_EDGE ( 'NONE', *, *, #8298, .F. ) ;
#3396 = EDGE_CURVE ( 'NONE', #6756, #11190, #304, .T. ) ;
#3397 = VERTEX_POINT ( 'NONE', #8677 ) ;
#3398 = VECTOR ( 'NONE', #8627, 1000.000000000000000 ) ;
#3399 = FACE_OUTER_BOUND ( 'NONE', #2268, .T. ) ;
#3400 = DIRECTION ( 'NONE',  ( 0.000000000000000000, 1.000000000000000000, -0.000000000000000000 ) ) ;
#3401 = ORIENTED_EDGE ( 'NONE', *, *, #8021, .T. ) ;
#3402 = ORIENTED_EDGE ( 'NONE', *, *, #10165, .T. ) ;
#3403 = DIRECTION ( 'NONE',  ( 0.000000000000000000, 0.000000000000000000, 1.000000000000000000 ) ) ;
#3404 = FACE_BOUND ( 'NONE', #10879, .T. ) ;
#3405 = VERTEX_POINT ( 'NONE', #761 ) ;
#3406 = DIRECTION ( 'NONE',  ( 0.000000000000000000, 0.000000000000000000, 1.000000000000000000 ) ) ;
#3407 = ADVANCED_FACE ( 'NONE', ( #5612 ), #4753, .F. ) ;
#3408 = DIRECTION ( 'NONE',  ( 1.000000000000000000, 0.000000000000000000, 0.000000000000000000 ) ) ;
#3409 = DIRECTION ( 'NONE',  ( -0.000000000000000000, 1.000000000000000000, -0.000000000000000000 ) ) ;
#3410 = CARTESIAN_POINT ( 'NONE',  ( -15.11999999999999034, 1.600000000000000089, -18.00000000000000000 ) ) ;
#3411 = CYLINDRICAL_SURFACE ( 'NONE', #10456, 1.000000000000001776 ) ;
#3412 = ORIENTED_EDGE ( 'NONE', *, *, #3821, .T. ) ;
#3413 = EDGE_CURVE ( 'NONE', #1545, #7605, #8623, .T. ) ;
#3414 = DIRECTION ( 'NONE',  ( 2.074128996939938879E-32, 3.491481338843133355E-15, -1.000000000000000000 ) ) ;
#3415 = PRESENTATION_STYLE_ASSIGNMENT (( #10209 ) ) ;
#3416 = VERTEX_POINT ( 'NONE', #4887 ) ;
#3417 = EDGE_CURVE ( 'NONE', #8885, #3682, #10322, .T. ) ;
#3418 = CARTESIAN_POINT ( 'NONE',  ( -34.10000000000000142, 8.599999999999999645, -9.525000000000002132 ) ) ;
#3419 = CARTESIAN_POINT ( 'NONE',  ( -26.91999999999999815, 0.000000000000000000, -15.49999999999999645 ) ) ;
#3420 = EDGE_LOOP ( 'NONE', ( #6376, #9227 ) ) ;
#3421 = DIRECTION ( 'NONE',  ( -0.000000000000000000, 1.000000000000000000, -0.000000000000000000 ) ) ;
#3422 = EDGE_CURVE ( 'NONE', #465, #9566, #6712, .T. ) ;
#3423 = DIRECTION ( 'NONE',  ( -0.7071067811865546782, 0.000000000000000000, 0.7071067811865403563 ) ) ;
#3424 = MANIFOLD_SOLID_BREP ( 'LPattern3[4]', #11645 ) ;
#3425 = CARTESIAN_POINT ( 'NONE',  ( -15.11999999999999744, 0.000000000000000000, -15.49999999999999645 ) ) ;
#3426 = FACE_OUTER_BOUND ( 'NONE', #9165, .T. ) ;
#3427 = DIRECTION ( 'NONE',  ( 0.000000000000000000, 1.000000000000000000, 0.000000000000000000 ) ) ;
#3428 = ORIENTED_EDGE ( 'NONE', *, *, #12713, .T. ) ;
#3429 = VERTEX_POINT ( 'NONE', #8340 ) ;
#3430 = CARTESIAN_POINT ( 'NONE',  ( -35.15898175622380251, 8.556745116961966602, -11.56438176352601310 ) ) ;
#3431 = DIRECTION ( 'NONE',  ( 0.000000000000000000, 0.000000000000000000, -1.000000000000000000 ) ) ;
#3432 = EDGE_LOOP ( 'NONE', ( #2572, #11790, #8284, #9877 ) ) ;
#3433 = CARTESIAN_POINT ( 'NONE',  ( -11.67999999999999972, 0.000000000000000000, -15.49999999999999645 ) ) ;
#3434 = DIRECTION ( 'NONE',  ( -0.000000000000000000, 1.000000000000000000, -0.000000000000000000 ) ) ;
#3435 = ORIENTED_EDGE ( 'NONE', *, *, #12542, .T. ) ;
#3436 = CARTESIAN_POINT ( 'NONE',  ( 12.50000000000000355, -1.399999999999999911, -4.898587196589413026E-15 ) ) ;
#3437 = EDGE_CURVE ( 'NONE', #7700, #12331, #7765, .T. ) ;
#3438 = FACE_OUTER_BOUND ( 'NONE', #10169, .T. ) ;
#3439 = DIRECTION ( 'NONE',  ( 0.000000000000000000, 0.000000000000000000, 1.000000000000000000 ) ) ;
#3440 = ADVANCED_FACE ( 'NONE', ( #291 ), #7354, .T. ) ;
#3441 = DIRECTION ( 'NONE',  ( 2.775557561562888984E-15, 0.000000000000000000, -1.000000000000000000 ) ) ;
#3442 = EDGE_LOOP ( 'NONE', ( #12226, #5573, #3526, #1354 ) ) ;
#3443 = PLANE ( 'NONE',  #7084 ) ;
#3444 = VERTEX_POINT ( 'NONE', #7278 ) ;
#3445 = EDGE_CURVE ( 'NONE', #6964, #9957, #11956, .T. ) ;
#3446 = MANIFOLD_SOLID_BREP ( 'LPattern3[3]', #3066 ) ;
#3447 = CARTESIAN_POINT ( 'NONE',  ( 33.80000000000000426, 8.400000000000000355, -7.249999999999996447 ) ) ;
#3448 = CARTESIAN_POINT ( 'NONE',  ( -34.95000000000000284, 8.400000000000000355, -11.49999999999999645 ) ) ;
#3449 = VERTEX_POINT ( 'NONE', #10228 ) ;
#3450 = B_SPLINE_CURVE_WITH_KNOTS ( 'NONE', 3,
 ( #12404, #11410, #11484, #3430, #2522, #10147 ),
 .UNSPECIFIED., .F., .F.,
 ( 4, 2, 4 ),
 ( 0.000000000000000000, 0.0003268290260693054033, 0.0006536580521386108067 ),
 .UNSPECIFIED. ) ;
#3451 = DIRECTION ( 'NONE',  ( 0.000000000000000000, 0.000000000000000000, 1.000000000000000000 ) ) ;
#3452 = PLANE ( 'NONE',  #9507 ) ;
#3453 = CARTESIAN_POINT ( 'NONE',  ( -3.159999999999999698, 1.600000000000000089, -15.49999999999999645 ) ) ;
#3454 = ORIENTED_EDGE ( 'NONE', *, *, #9784, .F. ) ;
#3455 = EDGE_CURVE ( 'NONE', #7992, #9456, #2242, .T. ) ;
#3456 = ORIENTED_EDGE ( 'NONE', *, *, #7004, .T. ) ;
#3457 = LINE ( 'NONE', #5546, #824 ) ;
#3458 = VERTEX_POINT ( 'NONE', #1333 ) ;
#3459 = CYLINDRICAL_SURFACE ( 'NONE', #1718, 0.2000000000000005107 ) ;
#3460 = DIRECTION ( 'NONE',  ( -0.000000000000000000, 1.000000000000000000, -0.000000000000000000 ) ) ;
#3461 = VERTEX_POINT ( 'NONE', #2384 ) ;
#3462 = FACE_OUTER_BOUND ( 'NONE', #3754, .T. ) ;
#3463 = DIRECTION ( 'NONE',  ( -0.000000000000000000, 1.000000000000000000, -0.000000000000000000 ) ) ;
#3464 = EDGE_CURVE ( 'NONE', #160, #3298, #7962, .T. ) ;
#3465 = DIRECTION ( 'NONE',  ( 1.000000000000000000, 0.000000000000000000, 0.000000000000000000 ) ) ;
#3466 = VECTOR ( 'NONE', #12962, 1000.000000000000000 ) ;
#3467 = EDGE_LOOP ( 'NONE', ( #6736, #2208, #10233, #2032 ) ) ;
#3468 = LINE ( 'NONE', #9727, #8619 ) ;
#3469 = DIRECTION ( 'NONE',  ( 0.000000000000000000, 1.000000000000000000, -0.000000000000000000 ) ) ;
#3470 = ORIENTED_EDGE ( 'NONE', *, *, #12575, .F. ) ;
#3471 = VECTOR ( 'NONE', #3085, 1000.000000000000000 ) ;
#3472 = CARTESIAN_POINT ( 'NONE',  ( 35.14999999999999858, 7.949999999999795897, -3.750000000000000000 ) ) ;
#3473 = EDGE_CURVE ( 'NONE', #9475, #12949, #2395, .T. ) ;
#3474 = CARTESIAN_POINT ( 'NONE',  ( -37.69999999999967599, 0.000000000000000000, 15.69999999999999929 ) ) ;
#3475 = VERTEX_POINT ( 'NONE', #2322 ) ;
#3476 =( NAMED_UNIT ( * ) PLANE_ANGLE_UNIT ( ) SI_UNIT ( $, .RADIAN. ) );
#3477 = VECTOR ( 'NONE', #8219, 1000.000000000000000 ) ;
#3478 = ADVANCED_FACE ( 'NONE', ( #8266 ), #11145, .T. ) ;
#3479 = VECTOR ( 'NONE', #9129, 1000.000000000000000 ) ;
#3480 = CARTESIAN_POINT ( 'NONE',  ( 3.560000000000000497, -6.222539674441619262, -14.59999999999999787 ) ) ;
#3481 = EDGE_CURVE ( 'NONE', #12131, #10374, #4218, .T. ) ;
#3482 = DIRECTION ( 'NONE',  ( 0.000000000000000000, 0.000000000000000000, -1.000000000000000000 ) ) ;
#3483 = CARTESIAN_POINT ( 'NONE',  ( 37.70000000000032969, 0.000000000000000000, 17.89999999999999858 ) ) ;
#3484 = AXIS2_PLACEMENT_3D ( 'NONE', #3253, #7236, #10257 ) ;
#3485 = ORIENTED_EDGE ( 'NONE', *, *, #11592, .T. ) ;
#3486 =( LENGTH_UNIT ( ) NAMED_UNIT ( * ) SI_UNIT ( .MILLI., .METRE. ) );
#3487 = ORIENTED_EDGE ( 'NONE', *, *, #1793, .F. ) ;
#3488 = VERTEX_POINT ( 'NONE', #9377 ) ;
#3489 = DIRECTION ( 'NONE',  ( -0.000000000000000000, -1.000000000000000000, 0.000000000000000000 ) ) ;
#3490 = CIRCLE ( 'NONE', #5367, 6.000000000000000000 ) ;
#3491 = LINE ( 'NONE', #2764, #4959 ) ;
#3492 = ORIENTED_EDGE ( 'NONE', *, *, #5587, .F. ) ;
#3493 = CYLINDRICAL_SURFACE ( 'NONE', #11588, 2.199999999999998845 ) ;
#3494 = CIRCLE ( 'NONE', #5157, 1.399999999999996803 ) ;
#3495 = LINE ( 'NONE', #360, #6210 ) ;
#3496 = ORIENTED_EDGE ( 'NONE', *, *, #7950, .T. ) ;
#3497 = CARTESIAN_POINT ( 'NONE',  ( -21.83999999999999986, 1.600000000000000089, -15.49999999999999645 ) ) ;
#3498 = DIRECTION ( 'NONE',  ( 0.000000000000000000, 0.000000000000000000, -1.000000000000000000 ) ) ;
#3499 = CLOSED_SHELL ( 'NONE', ( #2379, #4667, #178, #2144, #11344, #8203, #10192, #6658, #127, #9142, #2184, #12684, #8781, #5370, #10333, #1518, #12587, #5971, #11047, #1772, #1355, #4677, #2613, #5438, #2991, #3113, #9183 ) ) ;
#3500 = CARTESIAN_POINT ( 'NONE',  ( 34.95000000000001705, 8.199999999999999289, -11.50000000000002487 ) ) ;
#3501 = DIRECTION ( 'NONE',  ( 1.000000000000000000, 0.000000000000000000, 2.775557561562888984E-15 ) ) ;
#3502 = VECTOR ( 'NONE', #8241, 1000.000000000000000 ) ;
#3503 = ORIENTED_EDGE ( 'NONE', *, *, #2369, .F. ) ;
#3504 = CARTESIAN_POINT ( 'NONE',  ( 0.000000000000000000, 1.600000000000000089, 0.000000000000000000 ) ) ;
#3505 = ORIENTED_EDGE ( 'NONE', *, *, #6580, .F. ) ;
#3506 = VECTOR ( 'NONE', #966, 1000.000000000000000 ) ;
#3507 = MANIFOLD_SOLID_BREP ( 'Boss-Extrude7[2]', #2455 ) ;
#3508 = EDGE_CURVE ( 'NONE', #4288, #4371, #9620, .T. ) ;
#3509 = CIRCLE ( 'NONE', #5171, 0.8999999999999980238 ) ;
#3510 = DIRECTION ( 'NONE',  ( 0.000000000000000000, 1.000000000000000000, 0.000000000000000000 ) ) ;
#3511 = VECTOR ( 'NONE', #7176, 1000.000000000000000 ) ;
#3512 = LINE ( 'NONE', #8422, #4605 ) ;
#3513 = VERTEX_POINT ( 'NONE', #4417 ) ;
#3514 = ADVANCED_FACE ( 'NONE', ( #11408 ), #9681, .T. ) ;
#3515 = VECTOR ( 'NONE', #7073, 1000.000000000000000 ) ;
#3516 = CARTESIAN_POINT ( 'NONE',  ( -17.65999999999999304, 1.600000000000000089, -18.00000000000000000 ) ) ;
#3517 = DIRECTION ( 'NONE',  ( -0.7071067811865439090, 0.000000000000000000, 0.7071067811865512365 ) ) ;
#3518 =( NAMED_UNIT ( * ) SI_UNIT ( $, .STERADIAN. ) SOLID_ANGLE_UNIT ( ) );
#3519 = VECTOR ( 'NONE', #2332, 1000.000000000000000 ) ;
#3520 = FACE_OUTER_BOUND ( 'NONE', #886, .T. ) ;
#3521 = VECTOR ( 'NONE', #5988, 1000.000000000000000 ) ;
#3522 = ORIENTED_EDGE ( 'NONE', *, *, #1570, .F. ) ;
#3523 = AXIS2_PLACEMENT_3D ( 'NONE', #1828, #5826, #9810 ) ;
#3524 = ORIENTED_EDGE ( 'NONE', *, *, #3320, .T. ) ;
#3525 = SURFACE_STYLE_FILL_AREA ( #392 ) ;
#3526 = ORIENTED_EDGE ( 'NONE', *, *, #1163, .T. ) ;
#3527 = ORIENTED_EDGE ( 'NONE', *, *, #11242, .F. ) ;
#3528 = VECTOR ( 'NONE', #10885, 1000.000000000000000 ) ;
#3529 = AXIS2_PLACEMENT_3D ( 'NONE', #12395, #2434, #9099 ) ;
#3530 = DIRECTION ( 'NONE',  ( 1.000000000000000000, 0.000000000000000000, 0.000000000000000000 ) ) ;
#3531 = VECTOR ( 'NONE', #10221, 1000.000000000000000 ) ;
#3532 = DIRECTION ( 'NONE',  ( 1.000000000000000000, 0.000000000000000000, 2.775557561562888984E-15 ) ) ;
#3533 = EDGE_LOOP ( 'NONE', ( #4365, #5914, #8824, #11806 ) ) ;
#3534 = DIRECTION ( 'NONE',  ( 0.000000000000000000, 1.000000000000000000, -0.000000000000000000 ) ) ;
#3535 = DIRECTION ( 'NONE',  ( -0.7071067811865512365, 0.000000000000000000, -0.7071067811865439090 ) ) ;
#3536 = STYLED_ITEM ( 'NONE', ( #4089 ), #12408 ) ;
#3537 = AXIS2_PLACEMENT_3D ( 'NONE', #12838, #1897, #6863 ) ;
#3538 = DIRECTION ( 'NONE',  ( -1.000000000000000000, -0.000000000000000000, -0.000000000000000000 ) ) ;
#3539 = VECTOR ( 'NONE', #12591, 1000.000000000000000 ) ;
#3540 = APPLICATION_CONTEXT ( 'automotive_design' ) ;
#3541 = EDGE_LOOP ( 'NONE', ( #6818, #11501, #9960, #2942 ) ) ;
#3542 = CARTESIAN_POINT ( 'NONE',  ( -3.160000000000041442, 1.600000000000000089, -8.631984016460597151E-14 ) ) ;
#3543 = CARTESIAN_POINT ( 'NONE',  ( -1.520000000000000462, -6.222539674441619262, -14.59999999999999787 ) ) ;
#3544 = ADVANCED_FACE ( 'NONE', ( #10682 ), #5703, .T. ) ;
#3545 = ORIENTED_EDGE ( 'NONE', *, *, #9220, .T. ) ;
#3546 = VECTOR ( 'NONE', #3538, 1000.000000000000000 ) ;
#3547 = CARTESIAN_POINT ( 'NONE',  ( -16.76000000000000156, -6.222539674441619262, -15.99999999999999645 ) ) ;
#3548 = LINE ( 'NONE', #4592, #11463 ) ;
#3549 = ORIENTED_EDGE ( 'NONE', *, *, #2557, .F. ) ;
#3550 = AXIS2_PLACEMENT_3D ( 'NONE', #8018, #1991, #11954 ) ;
#3551 = DIRECTION ( 'NONE',  ( 0.000000000000000000, 1.000000000000000000, 0.000000000000000000 ) ) ;
#3552 = AXIS2_PLACEMENT_3D ( 'NONE', #3623, #7742, #5766 ) ;
#3553 = AXIS2_PLACEMENT_3D ( 'NONE', #563, #1610, #7433 ) ;
#3554 = MANIFOLD_SOLID_BREP ( 'Fillet5', #8505 ) ;
#3555 = DIRECTION ( 'NONE',  ( 2.775557561563175735E-15, 1.000000000000000000, -2.312964634635742957E-16 ) ) ;
#3556 = EDGE_CURVE ( 'NONE', #654, #1491, #11727, .T. ) ;
#3557 = CARTESIAN_POINT ( 'NONE',  ( -5.699999999999996625, 1.600000000000000089, -18.00000000000000000 ) ) ;
#3558 = DIRECTION ( 'NONE',  ( 0.000000000000000000, 0.000000000000000000, 1.000000000000000000 ) ) ;
#3559 = ADVANCED_FACE ( 'NONE', ( #8590 ), #12907, .T. ) ;
#3560 = ORIENTED_EDGE ( 'NONE', *, *, #9391, .T. ) ;
#3561 = ORIENTED_EDGE ( 'NONE', *, *, #8160, .F. ) ;
#3562 = ORIENTED_EDGE ( 'NONE', *, *, #8387, .T. ) ;
#3563 = CARTESIAN_POINT ( 'NONE',  ( -33.79999999999999005, 8.400000000000000355, 7.250000000000006217 ) ) ;
#3564 = CARTESIAN_POINT ( 'NONE',  ( -13.32000000000004292, -6.222539674441619262, -8.631984016460597151E-14 ) ) ;
#3565 = ORIENTED_EDGE ( 'NONE', *, *, #6681, .T. ) ;
#3566 = CIRCLE ( 'NONE', #10869, 0.8999999999999980238 ) ;
#3567 = DIRECTION ( 'NONE',  ( -1.064096724931068475E-31, -2.610910282104610326E-48, -1.000000000000000000 ) ) ;
#3568 = CARTESIAN_POINT ( 'NONE',  ( -11.67999999999999972, -6.222539674441619262, -15.49999999999999645 ) ) ;
#3569 = ORIENTED_EDGE ( 'NONE', *, *, #9861, .T. ) ;
#3570 = CIRCLE ( 'NONE', #12559, 2.200000000000000622 ) ;
#3571 = DIRECTION ( 'NONE',  ( 0.000000000000000000, 1.000000000000000000, -0.000000000000000000 ) ) ;
#3572 = EDGE_CURVE ( 'NONE', #2402, #10150, #6791, .T. ) ;
#3573 = DIRECTION ( 'NONE',  ( 0.000000000000000000, 1.000000000000000000, 0.000000000000000000 ) ) ;
#3574 = CARTESIAN_POINT ( 'NONE',  ( -33.64999999999999858, 8.500000000000000000, -9.525000000000003908 ) ) ;
#3575 = AXIS2_PLACEMENT_3D ( 'NONE', #10476, #710, #1513 ) ;
#3576 = EDGE_LOOP ( 'NONE', ( #3594, #12800, #8620, #7192 ) ) ;
#3577 = FACE_OUTER_BOUND ( 'NONE', #8841, .T. ) ;
#3578 = ORIENTED_EDGE ( 'NONE', *, *, #4655, .T. ) ;
#3579 = DIRECTION ( 'NONE',  ( 0.000000000000000000, 1.000000000000000000, 0.000000000000000000 ) ) ;
#3580 = DIRECTION ( 'NONE',  ( 0.000000000000000000, 1.000000000000000000, -0.000000000000000000 ) ) ;
#3581 = EDGE_CURVE ( 'NONE', #1562, #11831, #5715, .T. ) ;
#3582 = EDGE_LOOP ( 'NONE', ( #5133, #8800, #10821, #9999 ) ) ;
#3583 = PRESENTATION_STYLE_ASSIGNMENT (( #7817 ) ) ;
#3584 = EDGE_CURVE ( 'NONE', #2083, #8636, #7925, .T. ) ;
#3585 = DIRECTION ( 'NONE',  ( 0.000000000000000000, 0.000000000000000000, -1.000000000000000000 ) ) ;
#3586 = CARTESIAN_POINT ( 'NONE',  ( -4.059999999999997833, 0.000000000000000000, -15.99999999999999645 ) ) ;
#3587 = EDGE_CURVE ( 'NONE', #6477, #3083, #5760, .T. ) ;
#3588 = CARTESIAN_POINT ( 'NONE',  ( 0.000000000000000000, -6.222539674441619262, -18.00000000000000000 ) ) ;
#3589 = ORIENTED_EDGE ( 'NONE', *, *, #6606, .T. ) ;
#3590 = EDGE_CURVE ( 'NONE', #8129, #716, #2219, .T. ) ;
#3591 = VERTEX_POINT ( 'NONE', #795 ) ;
#3592 = LINE ( 'NONE', #703, #5837 ) ;
#3593 = FACE_OUTER_BOUND ( 'NONE', #12626, .T. ) ;
#3594 = ORIENTED_EDGE ( 'NONE', *, *, #2975, .T. ) ;
#3595 = ORIENTED_EDGE ( 'NONE', *, *, #12353, .F. ) ;
#3596 = LINE ( 'NONE', #1510, #5280 ) ;
#3597 = CARTESIAN_POINT ( 'NONE',  ( 0.000000000000000000, 8.400000000000000355, 0.000000000000000000 ) ) ;
#3598 = EDGE_LOOP ( 'NONE', ( #7013, #3775 ) ) ;
#3599 = DIRECTION ( 'NONE',  ( 0.000000000000000000, 0.000000000000000000, 1.000000000000000000 ) ) ;
#3600 = DIRECTION ( 'NONE',  ( 0.000000000000000000, 1.000000000000000000, 0.000000000000000000 ) ) ;
#3601 = AXIS2_PLACEMENT_3D ( 'NONE', #12027, #6982, #3061 ) ;
#3602 = LINE ( 'NONE', #5626, #9184 ) ;
#3603 = VECTOR ( 'NONE', #2617, 1000.000000000000000 ) ;
#3604 = VERTEX_POINT ( 'NONE', #7852 ) ;
#3605 = CARTESIAN_POINT ( 'NONE',  ( 35.35000000000000853, 5.699999999999992184, 11.89999999999999858 ) ) ;
#3606 = DIRECTION ( 'NONE',  ( 0.000000000000000000, 0.000000000000000000, -1.000000000000000000 ) ) ;
#3607 = VERTEX_POINT ( 'NONE', #3809 ) ;
#3608 = CARTESIAN_POINT ( 'NONE',  ( -2.011984795333769151E-16, 8.200000000000002842, -11.90000000000000036 ) ) ;
#3609 = CARTESIAN_POINT ( 'NONE',  ( 37.70000000000032969, 1.600000000000000089, 15.69999999999999929 ) ) ;
#3610 = FILL_AREA_STYLE ('',( #5565 ) ) ;
#3611 = EDGE_CURVE ( 'NONE', #5687, #6149, #7803, .T. ) ;
#3612 = DIRECTION ( 'NONE',  ( 0.000000000000000000, 1.000000000000000000, 0.000000000000000000 ) ) ;
#3613 = DIRECTION ( 'NONE',  ( 0.000000000000000000, 1.000000000000000000, 0.000000000000000000 ) ) ;
#3614 = CARTESIAN_POINT ( 'NONE',  ( 40.00000000000002842, 7.949999999999781686, -3.750000000000000000 ) ) ;
#3615 = ADVANCED_FACE ( 'NONE', ( #12782 ), #12711, .F. ) ;
#3616 = ORIENTED_EDGE ( 'NONE', *, *, #1351, .F. ) ;
#3617 = ORIENTED_EDGE ( 'NONE', *, *, #4922, .T. ) ;
#3618 = ORIENTED_EDGE ( 'NONE', *, *, #5587, .T. ) ;
#3619 = DIRECTION ( 'NONE',  ( 0.000000000000000000, 1.000000000000000000, 0.000000000000000000 ) ) ;
#3620 = AXIS2_PLACEMENT_3D ( 'NONE', #9113, #2974, #5201 ) ;
#3621 = LINE ( 'NONE', #4986, #3330 ) ;
#3622 = ORIENTED_EDGE ( 'NONE', *, *, #4655, .F. ) ;
#3623 = CARTESIAN_POINT ( 'NONE',  ( -22.50000000000000000, 0.000000000000000000, -4.592425496802574367E-15 ) ) ;
#3624 = DIRECTION ( 'NONE',  ( -1.000000000000000000, 0.000000000000000000, -0.000000000000000000 ) ) ;
#3625 = EDGE_LOOP ( 'NONE', ( #5548, #2768, #10911, #1447 ) ) ;
#3626 = DIRECTION ( 'NONE',  ( -0.000000000000000000, 1.000000000000000000, -0.000000000000000000 ) ) ;
#3627 = EDGE_CURVE ( 'NONE', #4854, #12066, #4050, .T. ) ;
#3628 = DIRECTION ( 'NONE',  ( 0.000000000000000000, 1.000000000000000000, 0.000000000000000000 ) ) ;
#3629 = VECTOR ( 'NONE', #2699, 1000.000000000000000 ) ;
#3630 = DIRECTION ( 'NONE',  ( 0.000000000000000000, 0.000000000000000000, -1.000000000000000000 ) ) ;
#3631 = VERTEX_POINT ( 'NONE', #1624 ) ;
#3632 = DIRECTION ( 'NONE',  ( -0.7071067811865344721, 0.000000000000000000, -0.7071067811865606734 ) ) ;
#3633 = ORIENTED_EDGE ( 'NONE', *, *, #12775, .F. ) ;
#3634 = DIRECTION ( 'NONE',  ( -1.000000000000000000, -0.000000000000000000, -0.000000000000000000 ) ) ;
#3635 = CARTESIAN_POINT ( 'NONE',  ( -34.79999999999999005, 6.899999999999999467, -6.249999999999994671 ) ) ;
#3636 = VERTEX_POINT ( 'NONE', #5677 ) ;
#3637 = CIRCLE ( 'NONE', #10946, 1.399999999999995026 ) ;
#3638 = MECHANICAL_DESIGN_GEOMETRIC_PRESENTATION_REPRESENTATION (  '', ( #1344 ), #4888 ) ;
#3639 = CARTESIAN_POINT ( 'NONE',  ( -35.11069140756920604, 8.305513762269441713, -11.90200000000000102 ) ) ;
#3640 = DIRECTION ( 'NONE',  ( 0.000000000000000000, 1.000000000000000000, 0.000000000000000000 ) ) ;
#3641 = CARTESIAN_POINT ( 'NONE',  ( 37.70000000000000284, 1.600000000000000089, -15.69999999999999929 ) ) ;
#3642 = CARTESIAN_POINT ( 'NONE',  ( -18.39999999999999858, 1.600000000000000089, -15.49999999999999645 ) ) ;
#3643 = EDGE_LOOP ( 'NONE', ( #245, #4315, #11991, #488 ) ) ;
#3644 = CARTESIAN_POINT ( 'NONE',  ( -34.06066017177982275, -2.399999999999999467, 10.68933982822018969 ) ) ;
#3645 = ORIENTED_EDGE ( 'NONE', *, *, #8429, .T. ) ;
#3646 = VECTOR ( 'NONE', #10300, 1000.000000000000000 ) ;
#3647 = UNCERTAINTY_MEASURE_WITH_UNIT (LENGTH_MEASURE( 1.000000000000000082E-05 ), #11110, 'distance_accuracy_value', 'NONE');
#3648 = EDGE_CURVE ( 'NONE', #6794, #7149, #1751, .T. ) ;
#3649 =( LENGTH_UNIT ( ) NAMED_UNIT ( * ) SI_UNIT ( .MILLI., .METRE. ) );
#3650 = EDGE_CURVE ( 'NONE', #2960, #3449, #9657, .T. ) ;
#3651 = LINE ( 'NONE', #5676, #9114 ) ;
#3652 = ORIENTED_EDGE ( 'NONE', *, *, #7842, .F. ) ;
#3653 = DIRECTION ( 'NONE',  ( 0.000000000000000000, -1.000000000000000000, 0.000000000000000000 ) ) ;
#3654 = DIRECTION ( 'NONE',  ( 2.775557561562888984E-15, 0.000000000000000000, -1.000000000000000000 ) ) ;
#3655 = CARTESIAN_POINT ( 'NONE',  ( -26.01999999999999957, 0.000000000000000000, -18.00000000000000000 ) ) ;
#3656 = MANIFOLD_SOLID_BREP ( 'LPattern3[12]', #8921 ) ;
#3657 = FACE_OUTER_BOUND ( 'NONE', #868, .T. ) ;
#3658 = DIRECTION ( 'NONE',  ( 1.000000000000000000, -0.000000000000000000, 2.775557561562888984E-15 ) ) ;
#3659 = EDGE_CURVE ( 'NONE', #8844, #2567, #2158, .T. ) ;
#3660 = CARTESIAN_POINT ( 'NONE',  ( -34.95000000000000284, 8.599999999999999645, 11.50000000000000000 ) ) ;
#3661 = ORIENTED_EDGE ( 'NONE', *, *, #4814, .T. ) ;
#3662 = EDGE_CURVE ( 'NONE', #4231, #4323, #10017, .T. ) ;
#3663 = DIRECTION ( 'NONE',  ( -0.000000000000000000, 1.000000000000000000, -0.000000000000000000 ) ) ;
#3664 = CARTESIAN_POINT ( 'NONE',  ( -40.00000000000000000, 0.000000000000000000, -18.00000000000000000 ) ) ;
#3665 = VERTEX_POINT ( 'NONE', #6999 ) ;
#3666 = PLANE ( 'NONE',  #10880 ) ;
#3667 = DIRECTION ( 'NONE',  ( -0.000000000000000000, 1.000000000000000000, -0.000000000000000000 ) ) ;
#3668 = EDGE_CURVE ( 'NONE', #3074, #7595, #10074, .T. ) ;
#3669 = MANIFOLD_SOLID_BREP ( 'Boss-Extrude7[1]', #12692 ) ;
#3670 = LINE ( 'NONE', #7731, #7910 ) ;
#3671 = CIRCLE ( 'NONE', #6181, 0.8999999999999980238 ) ;
#3672 = CARTESIAN_POINT ( 'NONE',  ( -35.35000000000000853, 6.200000000000242650, -3.749999999999999556 ) ) ;
#3673 =( NAMED_UNIT ( * ) SI_UNIT ( $, .STERADIAN. ) SOLID_ANGLE_UNIT ( ) );
#3674 = ORIENTED_EDGE ( 'NONE', *, *, #4028, .F. ) ;
#3675 = VERTEX_POINT ( 'NONE', #10391 ) ;
#3676 = ORIENTED_EDGE ( 'NONE', *, *, #12349, .F. ) ;
#3677 = CARTESIAN_POINT ( 'NONE',  ( 35.35000000000000142, 8.200000000000001066, 11.70000000000000107 ) ) ;
#3678 = ORIENTED_EDGE ( 'NONE', *, *, #1525, .T. ) ;
#3679 = DIRECTION ( 'NONE',  ( 0.000000000000000000, 0.000000000000000000, 1.000000000000000000 ) ) ;
#3680 = EDGE_CURVE ( 'NONE', #5913, #2756, #7582, .T. ) ;
#3681 = DIRECTION ( 'NONE',  ( 0.000000000000000000, 1.000000000000000000, 0.000000000000000000 ) ) ;
#3682 = VERTEX_POINT ( 'NONE', #6394 ) ;
#3683 = VECTOR ( 'NONE', #9392, 1000.000000000000000 ) ;
#3684 = CARTESIAN_POINT ( 'NONE',  ( 40.00000000000002132, 5.700000000000033928, 4.250000000000000000 ) ) ;
#3685 = AXIS2_PLACEMENT_3D ( 'NONE', #5429, #1507, #5492 ) ;
#3686 = DIRECTION ( 'NONE',  ( 0.000000000000000000, 0.000000000000000000, 1.000000000000000000 ) ) ;
#3687 = CARTESIAN_POINT ( 'NONE',  ( 5.080000000000000071, -6.222539674441619262, -18.00000000000000000 ) ) ;
#3688 = EDGE_LOOP ( 'NONE', ( #8881, #5435, #2762, #10020 ) ) ;
#3689 = DIRECTION ( 'NONE',  ( 0.7071067811865606734, 0.000000000000000000, -0.7071067811865344721 ) ) ;
#3690 = AXIS2_PLACEMENT_3D ( 'NONE', #7965, #3048, #5087 ) ;
#3691 = ORIENTED_EDGE ( 'NONE', *, *, #3189, .F. ) ;
#3692 = VECTOR ( 'NONE', #558, 1000.000000000000000 ) ;
#3693 = ORIENTED_EDGE ( 'NONE', *, *, #5013, .T. ) ;
#3694 = FACE_BOUND ( 'NONE', #6856, .T. ) ;
#3695 = DIRECTION ( 'NONE',  ( 0.000000000000000000, 1.000000000000000000, -0.000000000000000000 ) ) ;
#3696 = ORIENTED_EDGE ( 'NONE', *, *, #8373, .T. ) ;
#3697 = EDGE_CURVE ( 'NONE', #3429, #9873, #12431, .T. ) ;
#3698 = CARTESIAN_POINT ( 'NONE',  ( -10.04000000000003823, 1.600000000000000089, -9.131584377541916332E-14 ) ) ;
#3699 = DIRECTION ( 'NONE',  ( 0.000000000000000000, 1.000000000000000000, 0.000000000000000000 ) ) ;
#3700 = CARTESIAN_POINT ( 'NONE',  ( -29.46000000000000085, 1.600000000000000089, -15.49999999999999645 ) ) ;
#3701 = VECTOR ( 'NONE', #4159, 1000.000000000000000 ) ;
#3702 = LINE ( 'NONE', #12746, #6828 ) ;
#3703 = DIRECTION ( 'NONE',  ( -0.000000000000000000, 1.000000000000000000, -0.000000000000000000 ) ) ;
#3704 = EDGE_LOOP ( 'NONE', ( #10681, #4635, #2527, #1483 ) ) ;
#3705 = CARTESIAN_POINT ( 'NONE',  ( -33.64999999999999858, 8.599999999999999645, -9.075000000000002842 ) ) ;
#3706 = AXIS2_PLACEMENT_3D ( 'NONE', #7897, #12880, #112 ) ;
#3707 = VECTOR ( 'NONE', #287, 1000.000000000000000 ) ;
#3708 = VERTEX_POINT ( 'NONE', #1364 ) ;
#3709 = EDGE_CURVE ( 'NONE', #3933, #8484, #9672, .T. ) ;
#3710 = SURFACE_STYLE_USAGE ( .BOTH. , #1693 ) ;
#3711 = AXIS2_PLACEMENT_3D ( 'NONE', #140, #8976, #2027 ) ;
#3712 = EDGE_CURVE ( 'NONE', #815, #7805, #11521, .T. ) ;
#3713 = CARTESIAN_POINT ( 'NONE',  ( 33.80000000000000426, 8.400000000000000355, -6.249999999999994671 ) ) ;
#3714 =( NAMED_UNIT ( * ) PLANE_ANGLE_UNIT ( ) SI_UNIT ( $, .RADIAN. ) );
#3715 = CIRCLE ( 'NONE', #5388, 0.4999999999999987232 ) ;
#3716 = EDGE_LOOP ( 'NONE', ( #2761, #2204 ) ) ;
#3717 = DIRECTION ( 'NONE',  ( 2.775557561562888984E-15, 0.000000000000000000, -1.000000000000000000 ) ) ;
#3718 = DIRECTION ( 'NONE',  ( 0.000000000000000000, 1.000000000000000000, -0.000000000000000000 ) ) ;
#3719 = AXIS2_PLACEMENT_3D ( 'NONE', #11861, #12922, #3160 ) ;
#3721 = EDGE_CURVE ( 'NONE', #11604, #8919, #6529, .T. ) ;
#3720 = CARTESIAN_POINT ( 'NONE',  ( -33.91923881554251352, -16.60000000000000497, 10.54791847198287691 ) ) ;
#3722 = AXIS2_PLACEMENT_3D ( 'NONE', #2638, #2712, #6692 ) ;
#3723 = CARTESIAN_POINT ( 'NONE',  ( -23.48000000000000043, 0.000000000000000000, -18.00000000000000000 ) ) ;
#3724 = VECTOR ( 'NONE', #10320, 1000.000000000000000 ) ;
#3725 = FACE_OUTER_BOUND ( 'NONE', #62, .T. ) ;
#3726 = VECTOR ( 'NONE', #7459, 1000.000000000000000 ) ;
#3727 = EDGE_CURVE ( 'NONE', #3708, #3332, #8432, .T. ) ;
#3728 = EDGE_CURVE ( 'NONE', #11598, #11243, #5362, .T. ) ;
#3729 = AXIS2_PLACEMENT_3D ( 'NONE', #4254, #2151, #12242 ) ;
#3730 = LINE ( 'NONE', #6660, #11069 ) ;
#3731 = AXIS2_PLACEMENT_3D ( 'NONE', #3129, #2140, #6133 ) ;
#3733 = VERTEX_POINT ( 'NONE', #1439 ) ;
#3732 = AXIS2_PLACEMENT_3D ( 'NONE', #5323, #4596, #1655 ) ;
#3734 = AXIS2_PLACEMENT_3D ( 'NONE', #9701, #12803, #6568 ) ;
#3735 = LINE ( 'NONE', #10535, #11965 ) ;
#3736 = AXIS2_PLACEMENT_3D ( 'NONE', #5439, #8440, #4762 ) ;
#3737 = CARTESIAN_POINT ( 'NONE',  ( 1.020000000000000018, 0.000000000000000000, -15.49999999999999645 ) ) ;
#3738 = ORIENTED_EDGE ( 'NONE', *, *, #1163, .F. ) ;
#3739 = DIRECTION ( 'NONE',  ( 0.000000000000000000, 0.000000000000000000, 1.000000000000000000 ) ) ;
#3740 = LINE ( 'NONE', #4783, #4147 ) ;
#3741 = CARTESIAN_POINT ( 'NONE',  ( -22.73999999999999488, 0.000000000000000000, -15.49999999999999645 ) ) ;
#3742 = AXIS2_PLACEMENT_3D ( 'NONE', #10286, #4412, #221 ) ;
#3743 = VECTOR ( 'NONE', #7468, 1000.000000000000000 ) ;
#3744 = MANIFOLD_SOLID_BREP ( 'Cut-Extrude6', #4335 ) ;
#3745 = ADVANCED_FACE ( 'NONE', ( #3593 ), #11575, .T. ) ;
#3746 = VECTOR ( 'NONE', #10297, 1000.000000000000000 ) ;
#3747 = CARTESIAN_POINT ( 'NONE',  ( -4.059999999999997833, 0.000000000000000000, -15.49999999999999645 ) ) ;
#3748 = ORIENTED_EDGE ( 'NONE', *, *, #9909, .F. ) ;
#3749 = CARTESIAN_POINT ( 'NONE',  ( -40.00000000000000000, 1.600000000000000089, 18.00000000000000000 ) ) ;
#3750 = EDGE_CURVE ( 'NONE', #1839, #1265, #4322, .T. ) ;
#3751 = ORIENTED_EDGE ( 'NONE', *, *, #10165, .F. ) ;
#3752 = AXIS2_PLACEMENT_3D ( 'NONE', #8705, #5758, #8967 ) ;
#3753 = EDGE_LOOP ( 'NONE', ( #177, #10475, #10779, #8101 ) ) ;
#3754 = EDGE_LOOP ( 'NONE', ( #11368, #7782, #8989, #12479 ) ) ;
#3755 = CARTESIAN_POINT ( 'NONE',  ( -31.93933982822017015, 0.000000000000000000, 12.81066017177981919 ) ) ;
#3756 = VECTOR ( 'NONE', #9125, 1000.000000000000000 ) ;
#3757 = CARTESIAN_POINT ( 'NONE',  ( -2.419999999999998597, 0.000000000000000000, -18.00000000000000000 ) ) ;
#3758 = EDGE_LOOP ( 'NONE', ( #5142, #4570, #5237, #12526 ) ) ;
#3759 = CARTESIAN_POINT ( 'NONE',  ( -34.10000000000000142, 8.599999999999999645, -9.625000000000003553 ) ) ;
#3760 = FACE_OUTER_BOUND ( 'NONE', #7411, .T. ) ;
#3761 = VERTEX_POINT ( 'NONE', #10326 ) ;
#3762 = MECHANICAL_DESIGN_GEOMETRIC_PRESENTATION_REPRESENTATION (  '', ( #10007 ), #6673 ) ;
#3763 = CARTESIAN_POINT ( 'NONE',  ( -21.83999999999999986, 0.000000000000000000, -15.49999999999999645 ) ) ;
#3764 = FACE_OUTER_BOUND ( 'NONE', #8746, .T. ) ;
#3765 = CIRCLE ( 'NONE', #12754, 0.8999999999999980238 ) ;
#3766 = DIRECTION ( 'NONE',  ( 0.000000000000000000, 1.000000000000000000, 0.000000000000000000 ) ) ;
#3767 = ORIENTED_EDGE ( 'NONE', *, *, #2776, .F. ) ;
#3768 = LINE ( 'NONE', #8988, #10652 ) ;
#3769 = ORIENTED_EDGE ( 'NONE', *, *, #12942, .T. ) ;
#3770 = PRESENTATION_LAYER_ASSIGNMENT (  '', '', ( #7315 ) ) ;
#3771 = MANIFOLD_SOLID_BREP ( 'Boss-Extrude9[3]', #7458 ) ;
#3772 = ORIENTED_EDGE ( 'NONE', *, *, #2540, .T. ) ;
#3773 = CARTESIAN_POINT ( 'NONE',  ( -12.57999999999999829, 0.000000000000000000, -15.49999999999999645 ) ) ;
#3774 = DIRECTION ( 'NONE',  ( 0.000000000000000000, 0.000000000000000000, 1.000000000000000000 ) ) ;
#3775 = ORIENTED_EDGE ( 'NONE', *, *, #7874, .F. ) ;
#3776 = AXIS2_PLACEMENT_3D ( 'NONE', #11085, #9306, #10142 ) ;
#3777 = CARTESIAN_POINT ( 'NONE',  ( -34.94999999999999574, 8.602000000000002089, -11.50000000000000000 ) ) ;
#3778 =( LENGTH_UNIT ( ) NAMED_UNIT ( * ) SI_UNIT ( .MILLI., .METRE. ) );
#3779 = PLANE ( 'NONE',  #6801 ) ;
#3780 = CIRCLE ( 'NONE', #10470, 0.4999999999999987232 ) ;
#3781 = DIRECTION ( 'NONE',  ( 0.000000000000000000, 0.000000000000000000, 1.000000000000000000 ) ) ;
#3782 = ORIENTED_EDGE ( 'NONE', *, *, #11127, .T. ) ;
#3783 = DIRECTION ( 'NONE',  ( 1.000000000000000000, 0.000000000000000000, 0.000000000000000000 ) ) ;
#3784 = EDGE_CURVE ( 'NONE', #4857, #1512, #12374, .T. ) ;
#3785 = EDGE_LOOP ( 'NONE', ( #522, #8177, #3633, #1083, #1838, #7238, #5426, #1780 ) ) ;
#3786 = EDGE_CURVE ( 'NONE', #10737, #1545, #5801, .T. ) ;
#3787 = CYLINDRICAL_SURFACE ( 'NONE', #147, 0.5000000000000004441 ) ;
#3788 = ORIENTED_EDGE ( 'NONE', *, *, #2096, .T. ) ;
#3789 = LINE ( 'NONE', #11152, #8512 ) ;
#3790 = CARTESIAN_POINT ( 'NONE',  ( 34.95000000000001705, 1.600000000000000089, -11.70000000000002416 ) ) ;
#3791 = CARTESIAN_POINT ( 'NONE',  ( -7.499999999999996447, 0.000000000000000000, -15.49999999999999645 ) ) ;
#3792 = DIRECTION ( 'NONE',  ( 0.000000000000000000, 1.000000000000000000, 0.000000000000000000 ) ) ;
#3793 = ADVANCED_FACE ( 'NONE', ( #4833 ), #8754, .T. ) ;
#3794 = CARTESIAN_POINT ( 'NONE',  ( 35.15000000000001279, 8.199999999999999289, -11.70000000000002416 ) ) ;
#3795 = DIRECTION ( 'NONE',  ( 0.000000000000000000, 1.000000000000000000, 0.000000000000000000 ) ) ;
#3796 = EDGE_LOOP ( 'NONE', ( #340, #5759, #4818, #502 ) ) ;
#3797 = EDGE_CURVE ( 'NONE', #271, #4381, #12668, .T. ) ;
#3798 = FACE_OUTER_BOUND ( 'NONE', #8854, .T. ) ;
#3799 = FACE_OUTER_BOUND ( 'NONE', #10101, .T. ) ;
#3800 = ORIENTED_EDGE ( 'NONE', *, *, #10593, .T. ) ;
#3801 = CARTESIAN_POINT ( 'NONE',  ( 1.131370849898470476, -2.399999999999999467, -10.76005050633884785 ) ) ;
#3802 = DIRECTION ( 'NONE',  ( 0.000000000000000000, 0.000000000000000000, -1.000000000000000000 ) ) ;
#3803 = CYLINDRICAL_SURFACE ( 'NONE', #9724, 0.8999999999999980238 ) ;
#3804 = DIRECTION ( 'NONE',  ( 0.000000000000000000, 0.000000000000000000, 1.000000000000000000 ) ) ;
#3805 = VECTOR ( 'NONE', #5315, 1000.000000000000000 ) ;
#3806 = ORIENTED_EDGE ( 'NONE', *, *, #4739, .T. ) ;
#3807 = DIRECTION ( 'NONE',  ( -0.000000000000000000, 1.000000000000000000, -0.000000000000000000 ) ) ;
#3808 = ORIENTED_EDGE ( 'NONE', *, *, #2984, .T. ) ;
#3809 = CARTESIAN_POINT ( 'NONE',  ( 34.94999999999999574, 8.400000000000000355, -11.50000000000000178 ) ) ;
#3810 = AXIS2_PLACEMENT_3D ( 'NONE', #4935, #10151, #12149 ) ;
#3811 = EDGE_CURVE ( 'NONE', #7805, #1975, #8624, .T. ) ;
#3812 = ORIENTED_EDGE ( 'NONE', *, *, #5774, .T. ) ;
#3813 = ORIENTED_EDGE ( 'NONE', *, *, #2438, .T. ) ;
#3814 = CARTESIAN_POINT ( 'NONE',  ( -33.79999999999999005, 7.399999999999999467, 7.250000000000006217 ) ) ;
#3815 = ORIENTED_EDGE ( 'NONE', *, *, #737, .F. ) ;
#3816 = FACE_OUTER_BOUND ( 'NONE', #8998, .T. ) ;
#3817 = EDGE_CURVE ( 'NONE', #5066, #10355, #3651, .T. ) ;
#3818 = CARTESIAN_POINT ( 'NONE',  ( -40.00000000000000000, 0.000000000000000000, -18.00000000000000000 ) ) ;
#3819 = VERTEX_POINT ( 'NONE', #7637 ) ;
#3820 = DIRECTION ( 'NONE',  ( 0.000000000000000000, 0.000000000000000000, 1.000000000000000000 ) ) ;
#3821 = EDGE_CURVE ( 'NONE', #7521, #8067, #1179, .T. ) ;
#3822 = DIRECTION ( 'NONE',  ( -0.000000000000000000, -1.000000000000000000, 0.000000000000000000 ) ) ;
#3823 = CARTESIAN_POINT ( 'NONE',  ( -26.02000000000004221, 1.600000000000000089, -8.631984016460597151E-14 ) ) ;
#3824 = ORIENTED_EDGE ( 'NONE', *, *, #12757, .T. ) ;
#3825 = PLANE ( 'NONE',  #1675 ) ;
#3826 = ORIENTED_EDGE ( 'NONE', *, *, #5662, .F. ) ;
#3827 = VERTEX_POINT ( 'NONE', #2665 ) ;
#3828 = VERTEX_POINT ( 'NONE', #7826 ) ;
#3829 = DIRECTION ( 'NONE',  ( 0.000000000000000000, 0.000000000000000000, 1.000000000000000000 ) ) ;
#3830 = LINE ( 'NONE', #2830, #5414 ) ;
#3831 = ORIENTED_EDGE ( 'NONE', *, *, #5304, .F. ) ;
#3832 = ADVANCED_FACE ( 'NONE', ( #2847 ), #3905, .F. ) ;
#3833 = ORIENTED_EDGE ( 'NONE', *, *, #11877, .F. ) ;
#3834 = LINE ( 'NONE', #3698, #4350 ) ;
#3835 = SURFACE_STYLE_FILL_AREA ( #11752 ) ;
#3836 = DIRECTION ( 'NONE',  ( 1.000000000000000000, 0.000000000000000000, 0.000000000000000000 ) ) ;
#3837 = EDGE_CURVE ( 'NONE', #2264, #8423, #2222, .T. ) ;
#3838 = LINE ( 'NONE', #7697, #12528 ) ;
#3839 = DIRECTION ( 'NONE',  ( 0.000000000000000000, 0.000000000000000000, 1.000000000000000000 ) ) ;
#3840 = EDGE_LOOP ( 'NONE', ( #3769, #1204, #1404, #4201 ) ) ;
#3841 = CARTESIAN_POINT ( 'NONE',  ( 33.80000000000000426, 7.399999999999999467, -6.249999999999994671 ) ) ;
#3842 = ORIENTED_EDGE ( 'NONE', *, *, #7321, .F. ) ;
#3843 = DIRECTION ( 'NONE',  ( 2.775557561562888984E-15, 0.000000000000000000, -1.000000000000000000 ) ) ;
#3844 = DIRECTION ( 'NONE',  ( 1.000000000000000000, -0.000000000000000000, 2.775557561562888984E-15 ) ) ;
#3845 = ORIENTED_EDGE ( 'NONE', *, *, #9651, .T. ) ;
#3846 = LINE ( 'NONE', #8154, #9953 ) ;
#3847 = DIRECTION ( 'NONE',  ( 0.000000000000000000, 1.000000000000000000, 0.000000000000000000 ) ) ;
#3848 = EDGE_CURVE ( 'NONE', #3228, #3604, #9595, .T. ) ;
#3849 = CARTESIAN_POINT ( 'NONE',  ( -34.79999999999999005, 8.400000000000000355, 6.250000000000006217 ) ) ;
#3850 = CARTESIAN_POINT ( 'NONE',  ( 33.64999999999999858, 8.500000000000000000, 9.625000000000003553 ) ) ;
#3851 = EDGE_CURVE ( 'NONE', #8170, #3083, #5613, .T. ) ;
#3852 = CARTESIAN_POINT ( 'NONE',  ( 34.98222023238928813, 8.397980000000000445, -11.55193619753722345 ) ) ;
#3853 = ORIENTED_EDGE ( 'NONE', *, *, #6131, .T. ) ;
#3854 = DIRECTION ( 'NONE',  ( -1.000000000000000000, 2.775557561563175735E-15, 0.000000000000000000 ) ) ;
#3855 = ORIENTED_EDGE ( 'NONE', *, *, #1569, .F. ) ;
#3856 = CARTESIAN_POINT ( 'NONE',  ( -34.98223752461893099, 8.602000000000000313, 11.60551376226944242 ) ) ;
#3857 = PLANE ( 'NONE',  #6013 ) ;
#3858 = ORIENTED_EDGE ( 'NONE', *, *, #10009, .F. ) ;
#3859 = LINE ( 'NONE', #12833, #1058 ) ;
#3860 = CARTESIAN_POINT ( 'NONE',  ( -1.520000000000000462, 0.000000000000000000, -14.59999999999999787 ) ) ;
#3861 = FACE_OUTER_BOUND ( 'NONE', #7808, .T. ) ;
#3862 = CARTESIAN_POINT ( 'NONE',  ( -14.22000000000000064, 1.600000000000000089, -15.99999999999999645 ) ) ;
#3863 = EDGE_LOOP ( 'NONE', ( #6778, #3203 ) ) ;
#3864 = PLANE ( 'NONE',  #10443 ) ;
#3865 = ORIENTED_EDGE ( 'NONE', *, *, #10565, .F. ) ;
#3866 = CARTESIAN_POINT ( 'NONE',  ( 35.14292893218813418, 8.199999999999999289, 11.90000000000000036 ) ) ;
#3867 = ORIENTED_EDGE ( 'NONE', *, *, #3987, .T. ) ;
#3868 = ADVANCED_FACE ( 'NONE', ( #10650 ), #5738, .F. ) ;
#3869 = ORIENTED_EDGE ( 'NONE', *, *, #3189, .T. ) ;
#3870 = CARTESIAN_POINT ( 'NONE',  ( 34.98223752461893099, 8.602000000000000313, 11.60551376226944775 ) ) ;
#3871 = DIRECTION ( 'NONE',  ( 2.775557561562888984E-15, 0.000000000000000000, -1.000000000000000000 ) ) ;
#3872 = ORIENTED_EDGE ( 'NONE', *, *, #7549, .T. ) ;
#3873 = LINE ( 'NONE', #11855, #9722 ) ;
#3874 = DIRECTION ( 'NONE',  ( -1.000000000000000000, -0.000000000000000000, -0.000000000000000000 ) ) ;
#3875 = ORIENTED_EDGE ( 'NONE', *, *, #507, .T. ) ;
#3876 = CARTESIAN_POINT ( 'NONE',  ( 35.15983863682283328, 8.558675215251144053, 11.56430964406271400 ) ) ;
#3877 = EDGE_CURVE ( 'NONE', #5193, #11960, #4691, .T. ) ;
#3878 = DIRECTION ( 'NONE',  ( 0.7071067811865501263, 0.000000000000000000, 0.7071067811865449082 ) ) ;
#3879 = CIRCLE ( 'NONE', #1177, 0.8999999999999980238 ) ;
#3880 = ADVANCED_FACE ( 'NONE', ( #4755 ), #3787, .T. ) ;
#3881 = EDGE_CURVE ( 'NONE', #526, #8065, #180, .T. ) ;
#3882 = DIRECTION ( 'NONE',  ( 2.775557561562888984E-15, 0.000000000000000000, -1.000000000000000000 ) ) ;
#3883 = ORIENTED_EDGE ( 'NONE', *, *, #999, .F. ) ;
#3884 = FILL_AREA_STYLE_COLOUR ( '', #6676 ) ;
#3885 = ORIENTED_EDGE ( 'NONE', *, *, #2170, .F. ) ;
#3886 = ORIENTED_EDGE ( 'NONE', *, *, #11602, .F. ) ;
#3887 = DIRECTION ( 'NONE',  ( 0.000000000000000000, -0.000000000000000000, -1.000000000000000000 ) ) ;
#3888 = VECTOR ( 'NONE', #3378, 1000.000000000000000 ) ;
#3889 = PLANE ( 'NONE',  #2269 ) ;
#3890 = ORIENTED_EDGE ( 'NONE', *, *, #5701, .T. ) ;
#3891 = EDGE_LOOP ( 'NONE', ( #906, #5644, #8433, #10614 ) ) ;
#3892 = DIRECTION ( 'NONE',  ( 0.000000000000000000, 1.000000000000000000, -0.000000000000000000 ) ) ;
#3893 = LINE ( 'NONE', #11880, #4401 ) ;
#3894 = FACE_BOUND ( 'NONE', #7183, .T. ) ;
#3895 = LINE ( 'NONE', #7883, #4561 ) ;
#3896 = LINE ( 'NONE', #952, #7239 ) ;
#3897 = VECTOR ( 'NONE', #1987, 1000.000000000000000 ) ;
#3898 = ORIENTED_EDGE ( 'NONE', *, *, #3821, .F. ) ;
#3899 = CARTESIAN_POINT ( 'NONE',  ( 34.95000000000000284, 8.199999999999999289, 11.50000000000002487 ) ) ;
#3900 =( GEOMETRIC_REPRESENTATION_CONTEXT ( 3 ) GLOBAL_UNCERTAINTY_ASSIGNED_CONTEXT ( ( #1437 ) ) GLOBAL_UNIT_ASSIGNED_CONTEXT ( ( #12673, #6770, #4633 ) ) REPRESENTATION_CONTEXT ( 'NONE', 'WORKASPACE' ) );
#3901 = ADVANCED_FACE ( 'NONE', ( #9009 ), #1096, .T. ) ;
#3902 = EDGE_LOOP ( 'NONE', ( #11483, #5284, #7732, #8460 ) ) ;
#3903 = DIRECTION ( 'NONE',  ( 0.000000000000000000, 0.000000000000000000, 1.000000000000000000 ) ) ;
#3904 = VECTOR ( 'NONE', #1555, 1000.000000000000000 ) ;
#3905 = CYLINDRICAL_SURFACE ( 'NONE', #758, 0.8999999999999980238 ) ;
#3906 = EDGE_CURVE ( 'NONE', #11580, #654, #3494, .T. ) ;
#3907 = ORIENTED_EDGE ( 'NONE', *, *, #9175, .F. ) ;
#3908 = AXIS2_PLACEMENT_3D ( 'NONE', #7111, #9131, #8228 ) ;
#3909 = CARTESIAN_POINT ( 'NONE',  ( -10.77999999999999758, 0.000000000000000000, -18.00000000000000000 ) ) ;
#3910 = DIRECTION ( 'NONE',  ( 0.000000000000000000, 0.000000000000000000, 1.000000000000000000 ) ) ;
#3911 = DIRECTION ( 'NONE',  ( 0.7071067811865562325, 0.000000000000000000, 0.7071067811865389130 ) ) ;
#3912 = FACE_BOUND ( 'NONE', #10416, .T. ) ;
#3913 = CARTESIAN_POINT ( 'NONE',  ( -31.10000000000000142, 0.000000000000000000, -15.49999999999999645 ) ) ;
#3914 = DIRECTION ( 'NONE',  ( -5.930678550348046247E-16, 0.000000000000000000, 1.000000000000000000 ) ) ;
#3915 = CLOSED_SHELL ( 'NONE', ( #12056, #11647, #212, #11107, #7627, #3478 ) ) ;
#3916 = VERTEX_POINT ( 'NONE', #6183 ) ;
#3917 = VECTOR ( 'NONE', #6742, 1000.000000000000000 ) ;
#3918 = VECTOR ( 'NONE', #6279, 1000.000000000000000 ) ;
#3919 = CARTESIAN_POINT ( 'NONE',  ( -34.98243832617696114, 8.599999999999999645, 11.60564305317660505 ) ) ;
#3920 = EDGE_LOOP ( 'NONE', ( #12670, #5460, #9078, #10550 ) ) ;
#3921 = AXIS2_PLACEMENT_3D ( 'NONE', #696, #4682, #11693 ) ;
#3922 = LINE ( 'NONE', #9864, #5686 ) ;
#3923 = AXIS2_PLACEMENT_3D ( 'NONE', #6359, #10350, #11542 ) ;
#3924 = LINE ( 'NONE', #398, #2038 ) ;
#3925 = ORIENTED_EDGE ( 'NONE', *, *, #5246, .T. ) ;
#3926 = DIRECTION ( 'NONE',  ( -0.000000000000000000, 0.000000000000000000, 1.000000000000000000 ) ) ;
#3927 = CARTESIAN_POINT ( 'NONE',  ( -9.139999999999998792, 0.000000000000000000, -15.99999999999999645 ) ) ;
#3928 = VECTOR ( 'NONE', #8055, 1000.000000000000000 ) ;
#3929 = FACE_OUTER_BOUND ( 'NONE', #7432, .T. ) ;
#3930 = VECTOR ( 'NONE', #2036, 1000.000000000000000 ) ;
#3931 = CIRCLE ( 'NONE', #10405, 0.8999999999999980238 ) ;
#3932 = CYLINDRICAL_SURFACE ( 'NONE', #8137, 0.8999999999999980238 ) ;
#3933 = VERTEX_POINT ( 'NONE', #8168 ) ;
#3934 = LINE ( 'NONE', #727, #3956 ) ;
#3935 = AXIS2_PLACEMENT_3D ( 'NONE', #12935, #4155, #2052 ) ;
#3936 = EDGE_CURVE ( 'NONE', #5267, #299, #3981, .T. ) ;
#3937 = AXIS2_PLACEMENT_3D ( 'NONE', #8887, #9929, #6987 ) ;
#3938 = EDGE_LOOP ( 'NONE', ( #6261, #11128, #4809, #4861 ) ) ;
#3939 = CARTESIAN_POINT ( 'NONE',  ( 33.80000000000000426, 7.399999999999999467, 6.250000000000006217 ) ) ;
#3940 = EDGE_CURVE ( 'NONE', #7088, #11857, #3188, .T. ) ;
#3941 = ORIENTED_EDGE ( 'NONE', *, *, #3584, .F. ) ;
#3942 = ORIENTED_EDGE ( 'NONE', *, *, #3786, .F. ) ;
#3943 = CARTESIAN_POINT ( 'NONE',  ( -26.91999999999999815, 1.600000000000000089, -15.49999999999999645 ) ) ;
#3944 = CARTESIAN_POINT ( 'NONE',  ( -15.11999999999999744, -6.222539674441619262, -15.49999999999999645 ) ) ;
#3945 = ORIENTED_EDGE ( 'NONE', *, *, #12541, .F. ) ;
#3946 = FACE_BOUND ( 'NONE', #9492, .T. ) ;
#3947 = CARTESIAN_POINT ( 'NONE',  ( 0.9899494936611643592, 0.000000000000000000, -10.61862915010153863 ) ) ;
#3948 = EDGE_LOOP ( 'NONE', ( #12906, #9622, #5661, #12372, #2325, #9710, #4713, #8006 ) ) ;
#3949 = AXIS2_PLACEMENT_3D ( 'NONE', #8314, #4685, #3349 ) ;
#3950 = FACE_OUTER_BOUND ( 'NONE', #6155, .T. ) ;
#3951 = VECTOR ( 'NONE', #12251, 1000.000000000000000 ) ;
#3952 = CARTESIAN_POINT ( 'NONE',  ( 5.199999999999961986, 1.600000000000000089, -9.131584377541916332E-14 ) ) ;
#3953 = EDGE_CURVE ( 'NONE', #10587, #232, #6068, .T. ) ;
#3954 = ADVANCED_FACE ( 'NONE', ( #4096 ), #9067, .F. ) ;
#3955 = CARTESIAN_POINT ( 'NONE',  ( -34.06066017177982275, 0.000000000000000000, 10.68933982822018969 ) ) ;
#3956 = VECTOR ( 'NONE', #10933, 1000.000000000000000 ) ;
#3957 = VERTEX_POINT ( 'NONE', #52 ) ;
#3958 = PRESENTATION_STYLE_ASSIGNMENT (( #12927 ) ) ;
#3959 = VECTOR ( 'NONE', #9065, 1000.000000000000000 ) ;
#3960 = VERTEX_POINT ( 'NONE', #3120 ) ;
#3961 = ORIENTED_EDGE ( 'NONE', *, *, #7880, .T. ) ;
#3962 = AXIS2_PLACEMENT_3D ( 'NONE', #6609, #9558, #2631 ) ;
#3963 = ORIENTED_EDGE ( 'NONE', *, *, #2832, .F. ) ;
#3964 = DIRECTION ( 'NONE',  ( 0.000000000000000000, 0.000000000000000000, -1.000000000000000000 ) ) ;
#3965 = DIRECTION ( 'NONE',  ( 0.000000000000000000, 0.000000000000000000, 1.000000000000000000 ) ) ;
#3966 = VERTEX_POINT ( 'NONE', #5144 ) ;
#3967 = FACE_OUTER_BOUND ( 'NONE', #10858, .T. ) ;
#3968 = EDGE_CURVE ( 'NONE', #5887, #9266, #1994, .T. ) ;
#3969 = ORIENTED_EDGE ( 'NONE', *, *, #1705, .T. ) ;
#3970 =( LENGTH_UNIT ( ) NAMED_UNIT ( * ) SI_UNIT ( .MILLI., .METRE. ) );
#3971 = VECTOR ( 'NONE', #9594, 1000.000000000000000 ) ;
#3972 = CARTESIAN_POINT ( 'NONE',  ( 5.200000000000002842, 0.000000000000000000, -15.49999999999999645 ) ) ;
#3973 = LINE ( 'NONE', #3037, #10234 ) ;
#3974 = CARTESIAN_POINT ( 'NONE',  ( 0.000000000000000000, 0.000000000000000000, 0.000000000000000000 ) ) ;
#3975 = CARTESIAN_POINT ( 'NONE',  ( -26.02000000000004221, 0.000000000000000000, -8.631984016460597151E-14 ) ) ;
#3976 = ORIENTED_EDGE ( 'NONE', *, *, #1567, .F. ) ;
#3977 = PLANE ( 'NONE',  #828 ) ;
#3978 = EDGE_LOOP ( 'NONE', ( #4757, #479, #1144, #11572 ) ) ;
#3979 = EDGE_CURVE ( 'NONE', #8271, #10486, #11164, .T. ) ;
#3980 =( NAMED_UNIT ( * ) SI_UNIT ( $, .STERADIAN. ) SOLID_ANGLE_UNIT ( ) );
#3981 = LINE ( 'NONE', #12014, #6201 ) ;
#3982 = DIRECTION ( 'NONE',  ( 0.000000000000000000, 1.000000000000000000, 0.000000000000000000 ) ) ;
#3983 = ORIENTED_EDGE ( 'NONE', *, *, #1515, .F. ) ;
#3984 = EDGE_CURVE ( 'NONE', #5606, #6362, #2071, .T. ) ;
#3985 = CARTESIAN_POINT ( 'NONE',  ( 34.80000000000000426, 7.399999999999999467, -6.249999999999995559 ) ) ;
#3986 = DIRECTION ( 'NONE',  ( 0.7071067811865388020, 0.000000000000000000, -0.7071067811865561215 ) ) ;
#3987 = EDGE_CURVE ( 'NONE', #4884, #648, #11893, .T. ) ;
#3988 = CARTESIAN_POINT ( 'NONE',  ( 0.000000000000000000, 0.000000000000000000, 0.000000000000000000 ) ) ;
#3989 = DIRECTION ( 'NONE',  ( 0.000000000000000000, 0.000000000000000000, 1.000000000000000000 ) ) ;
#3990 = DIRECTION ( 'NONE',  ( -0.000000000000000000, 1.000000000000000000, -0.000000000000000000 ) ) ;
#3991 = EDGE_CURVE ( 'NONE', #3148, #2008, #7031, .T. ) ;
#3992 = ORIENTED_EDGE ( 'NONE', *, *, #7251, .T. ) ;
#3993 = AXIS2_PLACEMENT_3D ( 'NONE', #8496, #9661, #3599 ) ;
#3994 = ORIENTED_EDGE ( 'NONE', *, *, #5799, .T. ) ;
#3995 = CARTESIAN_POINT ( 'NONE',  ( -35.14292893218813418, 8.199999999999999289, 11.50000000000000000 ) ) ;
#3996 = CYLINDRICAL_SURFACE ( 'NONE', #11244, 0.8999999999999980238 ) ;
#3997 = VERTEX_POINT ( 'NONE', #2133 ) ;
#3998 = CARTESIAN_POINT ( 'NONE',  ( -8.240000000000042846, 1.600000000000000089, -8.631984016460597151E-14 ) ) ;
#3999 = DIRECTION ( 'NONE',  ( 0.000000000000000000, 1.000000000000000000, 0.000000000000000000 ) ) ;
#4000 = FACE_OUTER_BOUND ( 'NONE', #7914, .T. ) ;
#4001 = DIRECTION ( 'NONE',  ( 1.000000000000000000, -0.000000000000000000, 0.000000000000000000 ) ) ;
#4002 = ADVANCED_FACE ( 'NONE', ( #6124 ), #12162, .T. ) ;
#4003 = ORIENTED_EDGE ( 'NONE', *, *, #924, .T. ) ;
#4004 = CARTESIAN_POINT ( 'NONE',  ( -4.059999999999997833, 1.600000000000000089, -14.59999999999999787 ) ) ;
#4005 = ORIENTED_EDGE ( 'NONE', *, *, #11540, .F. ) ;
#4006 = ORIENTED_EDGE ( 'NONE', *, *, #3817, .T. ) ;
#4007 = ORIENTED_EDGE ( 'NONE', *, *, #2091, .T. ) ;
#4008 = CYLINDRICAL_SURFACE ( 'NONE', #8820, 0.8999999999999980238 ) ;
#4009 = CARTESIAN_POINT ( 'NONE',  ( -33.91923881554251352, 0.000000000000000000, 10.54791847198287691 ) ) ;
#4010 = EDGE_LOOP ( 'NONE', ( #1848, #4669 ) ) ;
#4011 = CARTESIAN_POINT ( 'NONE',  ( -35.14999999999999147, 7.949999999999990408, -3.750000000000000000 ) ) ;
#4012 = ORIENTED_EDGE ( 'NONE', *, *, #1586, .T. ) ;
#4013 = CYLINDRICAL_SURFACE ( 'NONE', #7685, 2.199999999999998845 ) ;
#4014 = VECTOR ( 'NONE', #6726, 1000.000000000000000 ) ;
#4015 = CARTESIAN_POINT ( 'NONE',  ( -10.03999999999999737, 0.000000000000000000, -15.49999999999999645 ) ) ;
#4016 = DIRECTION ( 'NONE',  ( -0.000000000000000000, 0.000000000000000000, 1.000000000000000000 ) ) ;
#4017 = VECTOR ( 'NONE', #9079, 1000.000000000000000 ) ;
#4018 = ORIENTED_EDGE ( 'NONE', *, *, #5873, .T. ) ;
#4019 = ORIENTED_EDGE ( 'NONE', *, *, #11999, .T. ) ;
#4020 = AXIS2_PLACEMENT_3D ( 'NONE', #4207, #6223, #12193 ) ;
#4021 = ORIENTED_EDGE ( 'NONE', *, *, #9550, .T. ) ;
#4022 = EDGE_LOOP ( 'NONE', ( #9389, #9975, #11115, #9881 ) ) ;
#4023 = CARTESIAN_POINT ( 'NONE',  ( -10.78000000000000114, 1.600000000000000089, -15.49999999999999645 ) ) ;
#4024 = VECTOR ( 'NONE', #3414, 1000.000000000000000 ) ;
#4025 = FACE_OUTER_BOUND ( 'NONE', #3938, .T. ) ;
#4026 = ORIENTED_EDGE ( 'NONE', *, *, #2366, .T. ) ;
#4027 = CARTESIAN_POINT ( 'NONE',  ( -0.9192388155425117446, -2.399999999999999467, 10.54791847198287336 ) ) ;
#4028 = EDGE_CURVE ( 'NONE', #689, #2587, #2193, .T. ) ;
#4029 = VERTEX_POINT ( 'NONE', #10908 ) ;
#4030 = DIRECTION ( 'NONE',  ( 2.775557561562888984E-15, 0.000000000000000000, -1.000000000000000000 ) ) ;
#4031 = DIRECTION ( 'NONE',  ( 0.000000000000000000, 0.000000000000000000, -1.000000000000000000 ) ) ;
#4032 = CARTESIAN_POINT ( 'NONE',  ( 34.95000000000000284, 8.400000000000000355, 11.49999999999999645 ) ) ;
#4033 = CARTESIAN_POINT ( 'NONE',  ( -33.91923881554251352, -2.399999999999999467, 10.54791847198287691 ) ) ;
#4034 = CYLINDRICAL_SURFACE ( 'NONE', #7863, 2.199999999999998845 ) ;
#4035 = VERTEX_POINT ( 'NONE', #9910 ) ;
#4036 = CARTESIAN_POINT ( 'NONE',  ( -40.00000000000000000, 0.000000000000000000, -18.00000000000000000 ) ) ;
#4037 = ORIENTED_EDGE ( 'NONE', *, *, #12687, .F. ) ;
#4038 = DIRECTION ( 'NONE',  ( -0.000000000000000000, 1.000000000000000000, -0.000000000000000000 ) ) ;
#4039 = LINE ( 'NONE', #8942, #7025 ) ;
#4040 = EDGE_LOOP ( 'NONE', ( #2661, #11807, #11438, #11983 ) ) ;
#4041 = ADVANCED_FACE ( 'NONE', ( #8939, #2985 ), #6967, .T. ) ;
#4042 = VECTOR ( 'NONE', #8465, 1000.000000000000000 ) ;
#4043 = LINE ( 'NONE', #8818, #10859 ) ;
#4044 = DIRECTION ( 'NONE',  ( 0.000000000000000000, 0.000000000000000000, 1.000000000000000000 ) ) ;
#4045 = CARTESIAN_POINT ( 'NONE',  ( 6.100000000000001421, 1.600000000000000089, -15.49999999999999645 ) ) ;
#4046 = EDGE_CURVE ( 'NONE', #12441, #9866, #3385, .T. ) ;
#4047 = CARTESIAN_POINT ( 'NONE',  ( 35.07861928812541663, 8.304397331752658928, -11.67844538072196414 ) ) ;
#4048 = EDGE_CURVE ( 'NONE', #7791, #10354, #1293, .T. ) ;
#4049 = ORIENTED_EDGE ( 'NONE', *, *, #2270, .F. ) ;
#4050 = CIRCLE ( 'NONE', #11369, 2.199999999999998845 ) ;
#4051 = ADVANCED_FACE ( 'NONE', ( #1417, #5285 ), #11226, .T. ) ;
#4052 = DIRECTION ( 'NONE',  ( 0.000000000000000000, 0.000000000000000000, 1.000000000000000000 ) ) ;
#4053 = CARTESIAN_POINT ( 'NONE',  ( -15.86000000000000298, -6.222539674441619262, -15.49999999999999645 ) ) ;
#4054 = VERTEX_POINT ( 'NONE', #8476 ) ;
#4055 = DIRECTION ( 'NONE',  ( 0.000000000000000000, 0.000000000000000000, 1.000000000000000000 ) ) ;
#4056 = AXIS2_PLACEMENT_3D ( 'NONE', #4832, #8813, #12876 ) ;
#4057 = DIRECTION ( 'NONE',  ( 1.000000000000000000, 0.000000000000000000, 2.775557561562888984E-15 ) ) ;
#4058 = DIRECTION ( 'NONE',  ( 0.000000000000000000, 1.000000000000000000, -0.000000000000000000 ) ) ;
#4059 = LINE ( 'NONE', #12118, #11485 ) ;
#4060 = CARTESIAN_POINT ( 'NONE',  ( -16.76000000000000156, 0.000000000000000000, -15.99999999999999645 ) ) ;
#4061 = EDGE_CURVE ( 'NONE', #2358, #5944, #4538, .T. ) ;
#4062 = ORIENTED_EDGE ( 'NONE', *, *, #6445, .F. ) ;
#4063 = CYLINDRICAL_SURFACE ( 'NONE', #7688, 0.4999999999999987232 ) ;
#4064 = ORIENTED_EDGE ( 'NONE', *, *, #1085, .F. ) ;
#4065 = LINE ( 'NONE', #10877, #7719 ) ;
#4066 = EDGE_CURVE ( 'NONE', #2195, #6199, #10249, .T. ) ;
#4067 = DIRECTION ( 'NONE',  ( -0.000000000000000000, 1.000000000000000000, 0.000000000000000000 ) ) ;
#4068 = EDGE_LOOP ( 'NONE', ( #3549, #1172 ) ) ;
#4069 =( NAMED_UNIT ( * ) SI_UNIT ( $, .STERADIAN. ) SOLID_ANGLE_UNIT ( ) );
#4070 = DIRECTION ( 'NONE',  ( 0.000000000000000000, 1.000000000000000000, 0.000000000000000000 ) ) ;
#4071 = DIRECTION ( 'NONE',  ( 0.000000000000000000, 0.000000000000000000, -1.000000000000000000 ) ) ;
#4072 = ORIENTED_EDGE ( 'NONE', *, *, #8391, .F. ) ;
#4073 = CARTESIAN_POINT ( 'NONE',  ( 1.919999999999998153, -6.222539674441619262, -15.49999999999999645 ) ) ;
#4074 = DIRECTION ( 'NONE',  ( -0.000000000000000000, 1.000000000000000000, -0.000000000000000000 ) ) ;
#4075 = DIRECTION ( 'NONE',  ( 0.000000000000000000, 0.000000000000000000, 1.000000000000000000 ) ) ;
#4076 = DIRECTION ( 'NONE',  ( -0.000000000000000000, 1.000000000000000000, -0.000000000000000000 ) ) ;
#4077 = ORIENTED_EDGE ( 'NONE', *, *, #2919, .T. ) ;
#4078 = ORIENTED_EDGE ( 'NONE', *, *, #10860, .F. ) ;
#4079 = ADVANCED_FACE ( 'NONE', ( #9268 ), #7229, .F. ) ;
#4080 = VERTEX_POINT ( 'NONE', #8285 ) ;
#4081 = DIRECTION ( 'NONE',  ( 0.000000000000000000, 1.000000000000000000, 0.000000000000000000 ) ) ;
#4082 = PLANE ( 'NONE',  #4979 ) ;
#4083 = VERTEX_POINT ( 'NONE', #6456 ) ;
#4084 = CARTESIAN_POINT ( 'NONE',  ( 35.00286349684612475, 8.399999999999996803, 11.53246410061023575 ) ) ;
#4085 = ORIENTED_EDGE ( 'NONE', *, *, #12234, .T. ) ;
#4086 = DIRECTION ( 'NONE',  ( 0.000000000000000000, 0.000000000000000000, 1.000000000000000000 ) ) ;
#4087 = CARTESIAN_POINT ( 'NONE',  ( -16.76000000000000156, 1.600000000000000089, -14.59999999999999787 ) ) ;
#4088 = DIRECTION ( 'NONE',  ( 0.000000000000000000, 1.000000000000000000, 0.000000000000000000 ) ) ;
#4089 = PRESENTATION_STYLE_ASSIGNMENT (( #3039 ) ) ;
#4090 = FACE_OUTER_BOUND ( 'NONE', #597, .T. ) ;
#4091 = ORIENTED_EDGE ( 'NONE', *, *, #441, .T. ) ;
#4092 = DIRECTION ( 'NONE',  ( -0.000000000000000000, 1.000000000000000000, -0.000000000000000000 ) ) ;
#4093 = AXIS2_PLACEMENT_3D ( 'NONE', #2139, #114, #7233 ) ;
#4094 = ORIENTED_EDGE ( 'NONE', *, *, #12669, .F. ) ;
#4095 = EDGE_CURVE ( 'NONE', #6838, #8536, #12287, .T. ) ;
#4096 = FACE_OUTER_BOUND ( 'NONE', #12420, .T. ) ;
#4097 = DIRECTION ( 'NONE',  ( -0.7071067811865512365, 0.000000000000000000, -0.7071067811865439090 ) ) ;
#4098 = ADVANCED_FACE ( 'NONE', ( #7374, #8421, #10314, #1352, #6380 ), #12363, .F. ) ;
#4099 = CIRCLE ( 'NONE', #6792, 0.4999999999999987232 ) ;
#4100 = ORIENTED_EDGE ( 'NONE', *, *, #10841, .T. ) ;
#4101 = DIRECTION ( 'NONE',  ( -1.000000000000000000, 0.000000000000000000, -0.000000000000000000 ) ) ;
#4102 = CARTESIAN_POINT ( 'NONE',  ( -35.30867521525114228, 8.409838636822836833, -11.62861928812542622 ) ) ;
#4103 = DIRECTION ( 'NONE',  ( -0.000000000000000000, 1.000000000000000000, -0.000000000000000000 ) ) ;
#4104 = AXIS2_PLACEMENT_3D ( 'NONE', #11029, #1928, #5728 ) ;
#4105 = DIRECTION ( 'NONE',  ( 0.000000000000000000, -0.000000000000000000, -1.000000000000000000 ) ) ;
#4106 = EDGE_CURVE ( 'NONE', #11665, #1, #374, .T. ) ;
#4107 = VERTEX_POINT ( 'NONE', #9401 ) ;
#4108 = EDGE_CURVE ( 'NONE', #8536, #12475, #11010, .T. ) ;
#4109 = VECTOR ( 'NONE', #10243, 1000.000000000000000 ) ;
#4110 = AXIS2_PLACEMENT_3D ( 'NONE', #11958, #11165, #10971 ) ;
#4111 = VERTEX_POINT ( 'NONE', #3447 ) ;
#4112 = VECTOR ( 'NONE', #12418, 1000.000000000000000 ) ;
#4113 = CARTESIAN_POINT ( 'NONE',  ( -40.00000000000000000, 0.000000000000000000, -18.00000000000000000 ) ) ;
#4114 = DIRECTION ( 'NONE',  ( 0.000000000000000000, -0.000000000000000000, -1.000000000000000000 ) ) ;
#4115 = EDGE_LOOP ( 'NONE', ( #12772, #641, #9936, #2328 ) ) ;
#4116 = CARTESIAN_POINT ( 'NONE',  ( -23.48000000000000043, -6.222539674441619262, -15.49999999999999645 ) ) ;
#4117 = ADVANCED_FACE ( 'NONE', ( #5476 ), #7430, .T. ) ;
#4118 = DIRECTION ( 'NONE',  ( 0.000000000000000000, 0.000000000000000000, -1.000000000000000000 ) ) ;
#4119 = FACE_OUTER_BOUND ( 'NONE', #8341, .T. ) ;
#4120 = VECTOR ( 'NONE', #10154, 1000.000000000000000 ) ;
#4121 = DIRECTION ( 'NONE',  ( 2.775557561562888984E-15, 0.000000000000000000, -1.000000000000000000 ) ) ;
#4122 = PRESENTATION_LAYER_ASSIGNMENT (  '', '', ( #1205 ) ) ;
#4123 = DIRECTION ( 'NONE',  ( -0.7071067811865648922, 0.000000000000000000, 0.7071067811865301422 ) ) ;
#4124 = AXIS2_PLACEMENT_3D ( 'NONE', #185, #1939, #8025 ) ;
#4125 = AXIS2_PLACEMENT_3D ( 'NONE', #485, #9489, #6497 ) ;
#4126 = ORIENTED_EDGE ( 'NONE', *, *, #11478, .F. ) ;
#4127 = CARTESIAN_POINT ( 'NONE',  ( -20.94000000000000128, 1.600000000000000089, -18.00000000000000000 ) ) ;
#4128 = CARTESIAN_POINT ( 'NONE',  ( 35.35000000000000142, 8.400000000000000355, 11.69292893218813667 ) ) ;
#4129 = ADVANCED_FACE ( 'NONE', ( #9506 ), #2467, .F. ) ;
#4130 = AXIS2_PLACEMENT_3D ( 'NONE', #11273, #12190, #7196 ) ;
#4131 = ORIENTED_EDGE ( 'NONE', *, *, #5310, .T. ) ;
#4132 = DIRECTION ( 'NONE',  ( 0.000000000000000000, 0.000000000000000000, 1.000000000000000000 ) ) ;
#4133 = CARTESIAN_POINT ( 'NONE',  ( -35.35000000000000142, 8.199999999999999289, 0.000000000000000000 ) ) ;
#4134 = ORIENTED_EDGE ( 'NONE', *, *, #2366, .F. ) ;
#4135 = LINE ( 'NONE', #9882, #3471 ) ;
#4136 = CARTESIAN_POINT ( 'NONE',  ( 0.1200000000000089884, 0.000000000000000000, -18.00000000000000000 ) ) ;
#4137 = EDGE_LOOP ( 'NONE', ( #9853, #7606, #5308, #5610 ) ) ;
#4138 = CARTESIAN_POINT ( 'NONE',  ( -33.91923881554251352, -2.399999999999999467, 10.54791847198287691 ) ) ;
#4139 = CIRCLE ( 'NONE', #11870, 0.8999999999999980238 ) ;
#4140 = EDGE_CURVE ( 'NONE', #5835, #7460, #1495, .T. ) ;
#4141 = VECTOR ( 'NONE', #12466, 1000.000000000000000 ) ;
#4142 = AXIS2_PLACEMENT_3D ( 'NONE', #10100, #4166, #6120 ) ;
#4143 = CARTESIAN_POINT ( 'NONE',  ( 0.000000000000000000, 8.500000000000000000, 9.075000000000002842 ) ) ;
#4144 = AXIS2_PLACEMENT_3D ( 'NONE', #2523, #6503, #10357 ) ;
#4145 = FACE_BOUND ( 'NONE', #9344, .T. ) ;
#4146 = EDGE_CURVE ( 'NONE', #2722, #7999, #1546, .T. ) ;
#4147 = VECTOR ( 'NONE', #7656, 1000.000000000000000 ) ;
#4148 = DIRECTION ( 'NONE',  ( 1.000000000000000000, -0.000000000000000000, 0.000000000000000000 ) ) ;
#4149 = EDGE_LOOP ( 'NONE', ( #5378, #12843, #6066, #7261 ) ) ;
#4150 =( GEOMETRIC_REPRESENTATION_CONTEXT ( 3 ) GLOBAL_UNCERTAINTY_ASSIGNED_CONTEXT ( ( #515 ) ) GLOBAL_UNIT_ASSIGNED_CONTEXT ( ( #4467, #3476, #2167 ) ) REPRESENTATION_CONTEXT ( 'NONE', 'WORKASPACE' ) );
#4151 = EDGE_LOOP ( 'NONE', ( #7690, #9108, #12712, #183 ) ) ;
#4152 = VERTEX_POINT ( 'NONE', #8226 ) ;
#4153 = DIRECTION ( 'NONE',  ( 0.000000000000000000, -0.000000000000000000, -1.000000000000000000 ) ) ;
#4154 = AXIS2_PLACEMENT_3D ( 'NONE', #10289, #9439, #12398 ) ;
#4155 = DIRECTION ( 'NONE',  ( 0.000000000000000000, 1.000000000000000000, -0.000000000000000000 ) ) ;
#4156 = ORIENTED_EDGE ( 'NONE', *, *, #8012, .T. ) ;
#4157 = CYLINDRICAL_SURFACE ( 'NONE', #11546, 0.8999999999999980238 ) ;
#4158 = AXIS2_PLACEMENT_3D ( 'NONE', #9311, #2388, #1399 ) ;
#4159 = DIRECTION ( 'NONE',  ( 2.775557561562888984E-15, 0.000000000000000000, -1.000000000000000000 ) ) ;
#4160 = EDGE_LOOP ( 'NONE', ( #4937, #12783, #11498, #10526 ) ) ;
#4161 = DIRECTION ( 'NONE',  ( -0.000000000000000000, 1.000000000000000000, -0.000000000000000000 ) ) ;
#4162 = FACE_OUTER_BOUND ( 'NONE', #9380, .T. ) ;
#4163 = CARTESIAN_POINT ( 'NONE',  ( -20.94000000000004036, 0.000000000000000000, -8.631984016460597151E-14 ) ) ;
#4164 =( LENGTH_UNIT ( ) NAMED_UNIT ( * ) SI_UNIT ( .MILLI., .METRE. ) );
#4165 = COLOUR_RGB ( '',1.000000000000000000, 0.8117647058823529438, 0.5019607843137254832 ) ;
#4166 = DIRECTION ( 'NONE',  ( 0.000000000000000000, 1.000000000000000000, -0.000000000000000000 ) ) ;
#4167 = AXIS2_PLACEMENT_3D ( 'NONE', #8674, #1745, #642 ) ;
#4168 = ORIENTED_EDGE ( 'NONE', *, *, #5242, .T. ) ;
#4169 = CARTESIAN_POINT ( 'NONE',  ( 35.14999999999999858, 82.49217232609667860, 11.50000000000002309 ) ) ;
#4170 = AXIS2_PLACEMENT_3D ( 'NONE', #12001, #1980, #5005 ) ;
#4171 = VERTEX_POINT ( 'NONE', #7753 ) ;
#4172 = CARTESIAN_POINT ( 'NONE',  ( -8.240000000000042846, 0.000000000000000000, -8.631984016460597151E-14 ) ) ;
#4173 = CARTESIAN_POINT ( 'NONE',  ( -1.060660171779823635, -16.60000000000000497, 10.68933982822018436 ) ) ;
#4174 = ORIENTED_EDGE ( 'NONE', *, *, #8971, .F. ) ;
#4175 = AXIS2_PLACEMENT_3D ( 'NONE', #5816, #4843, #3854 ) ;
#4176 = LINE ( 'NONE', #12165, #5796 ) ;
#4177 = DIRECTION ( 'NONE',  ( 0.000000000000000000, 0.000000000000000000, 1.000000000000000000 ) ) ;
#4178 = CARTESIAN_POINT ( 'NONE',  ( 1.020000000000000018, 0.000000000000000000, -15.49999999999999645 ) ) ;
#4179 = VECTOR ( 'NONE', #1129, 1000.000000000000000 ) ;
#4180 = LINE ( 'NONE', #8175, #5421 ) ;
#4181 = CIRCLE ( 'NONE', #8766, 0.5000000000000004441 ) ;
#4182 = EDGE_CURVE ( 'NONE', #12376, #12536, #12801, .T. ) ;
#4183 = CARTESIAN_POINT ( 'NONE',  ( 34.10000000000000142, 8.599999999999999645, 0.000000000000000000 ) ) ;
#4184 = AXIS2_PLACEMENT_3D ( 'NONE', #12262, #3289, #4337 ) ;
#4185 = VERTEX_POINT ( 'NONE', #8549 ) ;
#4186 = EDGE_CURVE ( 'NONE', #6321, #4152, #9837, .T. ) ;
#4187 = UNCERTAINTY_MEASURE_WITH_UNIT (LENGTH_MEASURE( 1.000000000000000082E-05 ), #7410, 'distance_accuracy_value', 'NONE');
#4188 = ORIENTED_EDGE ( 'NONE', *, *, #756, .T. ) ;
#4189 = AXIS2_PLACEMENT_3D ( 'NONE', #12076, #4290, #9202 ) ;
#4190 = PLANE ( 'NONE',  #6722 ) ;
#4191 = LINE ( 'NONE', #8305, #3502 ) ;
#4192 = ORIENTED_EDGE ( 'NONE', *, *, #6601, .F. ) ;
#4193 =( GEOMETRIC_REPRESENTATION_CONTEXT ( 3 ) GLOBAL_UNCERTAINTY_ASSIGNED_CONTEXT ( ( #4187 ) ) GLOBAL_UNIT_ASSIGNED_CONTEXT ( ( #7410, #5457, #3673 ) ) REPRESENTATION_CONTEXT ( 'NONE', 'WORKASPACE' ) );
#4194 = DIRECTION ( 'NONE',  ( 0.000000000000000000, 1.000000000000000000, -0.000000000000000000 ) ) ;
#4195 = EDGE_CURVE ( 'NONE', #3247, #9034, #11841, .T. ) ;
#4196 = CARTESIAN_POINT ( 'NONE',  ( -40.00000000000000000, 1.600000000000000089, -18.00000000000000000 ) ) ;
#4197 = CARTESIAN_POINT ( 'NONE',  ( -32.89999999999999147, 1.600000000000000089, -18.00000000000000000 ) ) ;
#4198 = CIRCLE ( 'NONE', #5027, 6.000000000000002665 ) ;
#4199 = DIRECTION ( 'NONE',  ( 0.000000000000000000, 1.000000000000000000, 0.000000000000000000 ) ) ;
#4200 = CARTESIAN_POINT ( 'NONE',  ( 37.70000000000032969, -6.222539674441619262, 15.69999999999999929 ) ) ;
#4201 = ORIENTED_EDGE ( 'NONE', *, *, #12231, .F. ) ;
#4202 = LINE ( 'NONE', #8191, #8100 ) ;
#4203 = VERTEX_POINT ( 'NONE', #1789 ) ;
#4204 = PLANE ( 'NONE',  #12387 ) ;
#4205 = SURFACE_SIDE_STYLE ('',( #7263 ) ) ;
#4206 = ORIENTED_EDGE ( 'NONE', *, *, #9336, .F. ) ;
#4207 = CARTESIAN_POINT ( 'NONE',  ( -10.78000000000004377, -6.222539674441619262, -8.631984016460597151E-14 ) ) ;
#4208 = LINE ( 'NONE', #3359, #8103 ) ;
#4209 = ORIENTED_EDGE ( 'NONE', *, *, #11798, .T. ) ;
#4210 = CARTESIAN_POINT ( 'NONE',  ( 35.14999999999999858, 8.199999999999999289, 11.69292893218813667 ) ) ;
#4211 = CYLINDRICAL_SURFACE ( 'NONE', #9777, 0.8999999999999980238 ) ;
#4212 = EDGE_CURVE ( 'NONE', #1996, #6319, #744, .T. ) ;
#4213 = PLANE ( 'NONE',  #10202 ) ;
#4214 = EDGE_CURVE ( 'NONE', #3232, #11274, #11562, .T. ) ;
#4215 = CARTESIAN_POINT ( 'NONE',  ( -32.89999999999999147, 0.000000000000000000, -18.00000000000000000 ) ) ;
#4216 = FACE_OUTER_BOUND ( 'NONE', #11350, .T. ) ;
#4217 = ORIENTED_EDGE ( 'NONE', *, *, #3248, .T. ) ;
#4218 = LINE ( 'NONE', #10353, #12826 ) ;
#4219 = EDGE_LOOP ( 'NONE', ( #6611, #2231 ) ) ;
#4220 = CARTESIAN_POINT ( 'NONE',  ( -1.520000000000000462, 1.600000000000000089, -15.49999999999999645 ) ) ;
#4221 = CARTESIAN_POINT ( 'NONE',  ( -0.9192388155425117446, 0.000000000000000000, 10.54791847198287336 ) ) ;
#4222 = EDGE_LOOP ( 'NONE', ( #8086, #5900, #11995, #5862 ) ) ;
#4223 = DIRECTION ( 'NONE',  ( 1.000000000000000000, -0.000000000000000000, 2.775557561562888984E-15 ) ) ;
#4224 = DIRECTION ( 'NONE',  ( 0.000000000000000000, 0.000000000000000000, 1.000000000000000000 ) ) ;
#4225 = EDGE_LOOP ( 'NONE', ( #11918, #12932, #8242, #2414 ) ) ;
#4226 = DIRECTION ( 'NONE',  ( 0.000000000000000000, 0.000000000000000000, 1.000000000000000000 ) ) ;
#4227 = FACE_OUTER_BOUND ( 'NONE', #492, .T. ) ;
#4228 = CARTESIAN_POINT ( 'NONE',  ( -15.11999999999999034, -6.222539674441619262, -18.00000000000000000 ) ) ;
#4229 = LINE ( 'NONE', #1346, #5601 ) ;
#4230 = LINE ( 'NONE', #12356, #3274 ) ;
#4231 = VERTEX_POINT ( 'NONE', #11611 ) ;
#4232 = CARTESIAN_POINT ( 'NONE',  ( -23.48000000000000043, 1.600000000000000089, -15.49999999999999645 ) ) ;
#4233 = VECTOR ( 'NONE', #8130, 1000.000000000000000 ) ;
#4234 = ORIENTED_EDGE ( 'NONE', *, *, #5272, .T. ) ;
#4235 = ADVANCED_FACE ( 'NONE', ( #4736 ), #10697, .T. ) ;
#4236 = DIRECTION ( 'NONE',  ( 0.000000000000000000, 1.000000000000000000, 0.000000000000000000 ) ) ;
#4237 = DIRECTION ( 'NONE',  ( 2.775557561562888984E-15, 0.000000000000000000, -1.000000000000000000 ) ) ;
#4238 = EDGE_CURVE ( 'NONE', #4244, #8271, #817, .T. ) ;
#4239 = SURFACE_STYLE_FILL_AREA ( #10253 ) ;
#4240 = DIRECTION ( 'NONE',  ( 0.000000000000000000, 0.000000000000000000, 1.000000000000000000 ) ) ;
#4241 = DIRECTION ( 'NONE',  ( 2.775557561562888984E-15, 0.000000000000000000, -1.000000000000000000 ) ) ;
#4242 = DIRECTION ( 'NONE',  ( 0.000000000000000000, 4.336808689942006692E-15, -1.000000000000000000 ) ) ;
#4243 = DIRECTION ( 'NONE',  ( 0.000000000000000000, 0.000000000000000000, 1.000000000000000000 ) ) ;
#4244 = VERTEX_POINT ( 'NONE', #4816 ) ;
#4245 = VERTEX_POINT ( 'NONE', #11804 ) ;
#4246 = ORIENTED_EDGE ( 'NONE', *, *, #7837, .T. ) ;
#4247 = EDGE_LOOP ( 'NONE', ( #1140, #8222, #10953, #447 ) ) ;
#4248 = EDGE_CURVE ( 'NONE', #7438, #6984, #1680, .T. ) ;
#4249 = DIRECTION ( 'NONE',  ( 1.000000000000000000, 0.000000000000000000, 0.000000000000000000 ) ) ;
#4250 = CARTESIAN_POINT ( 'NONE',  ( -9.139999999999998792, 1.600000000000000089, -15.49999999999999645 ) ) ;
#4251 = VERTEX_POINT ( 'NONE', #6567 ) ;
#4252 = CARTESIAN_POINT ( 'NONE',  ( 34.95000000000000284, 8.599999999999997868, -11.50000000000000355 ) ) ;
#4253 = EDGE_CURVE ( 'NONE', #3311, #5458, #4553, .T. ) ;
#4254 = CARTESIAN_POINT ( 'NONE',  ( -30.36000000000003851, -6.222539674441619262, -9.131584377541916332E-14 ) ) ;
#4255 = CARTESIAN_POINT ( 'NONE',  ( -32.00000000000000000, 0.000000000000000000, -15.49999999999999645 ) ) ;
#4256 = VECTOR ( 'NONE', #5614, 1000.000000000000000 ) ;
#4257 = DIRECTION ( 'NONE',  ( 1.000000000000000000, 0.000000000000000000, 2.775557561562888984E-15 ) ) ;
#4258 = DIRECTION ( 'NONE',  ( 0.000000000000000000, 0.000000000000000000, 1.000000000000000000 ) ) ;
#4259 = ORIENTED_EDGE ( 'NONE', *, *, #12599, .F. ) ;
#4260 = DIRECTION ( 'NONE',  ( 0.000000000000000000, 1.000000000000000000, 0.000000000000000000 ) ) ;
#4261 = AXIS2_PLACEMENT_3D ( 'NONE', #9435, #8197, #11467 ) ;
#4262 = COLOUR_RGB ( '',1.000000000000000000, 0.8117647058823529438, 0.5019607843137254832 ) ;
#4263 = ORIENTED_EDGE ( 'NONE', *, *, #8192, .F. ) ;
#4264 = CARTESIAN_POINT ( 'NONE',  ( -23.48000000000004306, 0.000000000000000000, -8.631984016460597151E-14 ) ) ;
#4265 = CARTESIAN_POINT ( 'NONE',  ( -34.95000000000000284, 8.400000000000000355, 11.50000000000000178 ) ) ;
#4266 = EDGE_CURVE ( 'NONE', #4083, #7805, #2720, .T. ) ;
#4267 = ORIENTED_EDGE ( 'NONE', *, *, #12100, .F. ) ;
#4268 = DIRECTION ( 'NONE',  ( 0.000000000000000000, 1.000000000000000000, 0.000000000000000000 ) ) ;
#4269 = CARTESIAN_POINT ( 'NONE',  ( 12.50000000000000355, -1.400000000000000133, -4.898587196589413026E-15 ) ) ;
#4270 = VERTEX_POINT ( 'NONE', #9700 ) ;
#4271 = CARTESIAN_POINT ( 'NONE',  ( 5.199999999999961986, 0.000000000000000000, -9.131584377541916332E-14 ) ) ;
#4272 = CARTESIAN_POINT ( 'NONE',  ( -17.66000000000000014, 0.000000000000000000, -15.49999999999999645 ) ) ;
#4273 = EDGE_CURVE ( 'NONE', #80, #8704, #1736, .T. ) ;
#4274 = AXIS2_PLACEMENT_3D ( 'NONE', #8346, #1481, #9497 ) ;
#4275 = CARTESIAN_POINT ( 'NONE',  ( -24.37999999999999901, -6.222539674441619262, -14.59999999999999787 ) ) ;
#4276 =( LENGTH_UNIT ( ) NAMED_UNIT ( * ) SI_UNIT ( .MILLI., .METRE. ) );
#4277 = EDGE_CURVE ( 'NONE', #8804, #10184, #4377, .T. ) ;
#4278 = ORIENTED_EDGE ( 'NONE', *, *, #10588, .T. ) ;
#4279 = SURFACE_STYLE_USAGE ( .BOTH. , #9249 ) ;
#4280 = ORIENTED_EDGE ( 'NONE', *, *, #6024, .T. ) ;
#4281 = EDGE_LOOP ( 'NONE', ( #1318, #5930, #10905, #7635 ) ) ;
#4282 = DIRECTION ( 'NONE',  ( 0.000000000000000000, 0.000000000000000000, 1.000000000000000000 ) ) ;
#4283 = FACE_OUTER_BOUND ( 'NONE', #6889, .T. ) ;
#4284 = VERTEX_POINT ( 'NONE', #3773 ) ;
#4285 = EDGE_CURVE ( 'NONE', #3461, #4381, #11746, .T. ) ;
#4286 = FACE_OUTER_BOUND ( 'NONE', #6833, .T. ) ;
#4287 = DIRECTION ( 'NONE',  ( -0.000000000000000000, 1.000000000000000000, -0.000000000000000000 ) ) ;
#4288 = VERTEX_POINT ( 'NONE', #9638 ) ;
#4289 = PLANE ( 'NONE',  #787 ) ;
#4290 = DIRECTION ( 'NONE',  ( -0.000000000000000000, 1.000000000000000000, -0.000000000000000000 ) ) ;
#4291 = CARTESIAN_POINT ( 'NONE',  ( -8.239999999999993108, 0.000000000000000000, -18.00000000000000000 ) ) ;
#4292 = CARTESIAN_POINT ( 'NONE',  ( 34.95000000000000284, 8.199999999999999289, 11.69292893218813667 ) ) ;
#4293 = PLANE ( 'NONE',  #2651 ) ;
#4294 = EDGE_LOOP ( 'NONE', ( #10010, #4463, #3618, #9994 ) ) ;
#4295 = DIRECTION ( 'NONE',  ( 0.000000000000000000, 1.000000000000000000, 0.000000000000000000 ) ) ;
#4296 = ORIENTED_EDGE ( 'NONE', *, *, #8509, .F. ) ;
#4297 = CARTESIAN_POINT ( 'NONE',  ( -32.90000000000004121, -6.222539674441619262, -9.131584377541916332E-14 ) ) ;
#4298 = CARTESIAN_POINT ( 'NONE',  ( -37.69999999999967599, 1.600000000000000089, 15.69999999999999929 ) ) ;
#4299 = ORIENTED_EDGE ( 'NONE', *, *, #130, .T. ) ;
#4300 = CARTESIAN_POINT ( 'NONE',  ( -35.11046483157790021, 8.252863496846114089, -11.70000000000000107 ) ) ;
#4301 = DIRECTION ( 'NONE',  ( -0.000000000000000000, 1.000000000000000000, -0.000000000000000000 ) ) ;
#4302 = ADVANCED_FACE ( 'NONE', ( #3694, #10752 ), #631, .T. ) ;
#4303 = FACE_OUTER_BOUND ( 'NONE', #6126, .T. ) ;
#4304 = VECTOR ( 'NONE', #10771, 1000.000000000000000 ) ;
#4305 = VERTEX_POINT ( 'NONE', #7812 ) ;
#4306 = EDGE_CURVE ( 'NONE', #6499, #8895, #9417, .T. ) ;
#4307 = ORIENTED_EDGE ( 'NONE', *, *, #12795, .T. ) ;
#4308 = UNCERTAINTY_MEASURE_WITH_UNIT (LENGTH_MEASURE( 1.000000000000000082E-05 ), #3486, 'distance_accuracy_value', 'NONE');
#4309 = CARTESIAN_POINT ( 'NONE',  ( -33.79999999999999005, 8.400000000000000355, -6.249999999999994671 ) ) ;
#4310 = ORIENTED_EDGE ( 'NONE', *, *, #7807, .T. ) ;
#4311 = VERTEX_POINT ( 'NONE', #7623 ) ;
#4312 = FACE_OUTER_BOUND ( 'NONE', #12710, .T. ) ;
#4313 = AXIS2_PLACEMENT_3D ( 'NONE', #8014, #5985, #751 ) ;
#4314 = DIRECTION ( 'NONE',  ( 0.000000000000000000, 0.000000000000000000, -1.000000000000000000 ) ) ;
#4315 = ORIENTED_EDGE ( 'NONE', *, *, #8128, .T. ) ;
#4316 = CARTESIAN_POINT ( 'NONE',  ( 35.05334291870195074, 8.376643082376666882, -11.56430964406271400 ) ) ;
#4317 = LINE ( 'NONE', #12438, #4981 ) ;
#4318 = DIRECTION ( 'NONE',  ( 0.000000000000000000, 0.000000000000000000, -1.000000000000000000 ) ) ;
#4319 = CARTESIAN_POINT ( 'NONE',  ( -28.56000000000000227, 0.000000000000000000, -15.49999999999999645 ) ) ;
#4320 = VECTOR ( 'NONE', #331, 1000.000000000000000 ) ;
#4321 = CARTESIAN_POINT ( 'NONE',  ( 34.80000000000000426, 8.599999999999999645, 6.250000000000006217 ) ) ;
#4322 = CIRCLE ( 'NONE', #9726, 0.5000000000000004441 ) ;
#4323 = VERTEX_POINT ( 'NONE', #686 ) ;
#4324 = VECTOR ( 'NONE', #9322, 1000.000000000000000 ) ;
#4325 = ORIENTED_EDGE ( 'NONE', *, *, #8289, .T. ) ;
#4326 = CARTESIAN_POINT ( 'NONE',  ( 35.07861603620756341, 8.408781693757923392, -11.85686223849291210 ) ) ;
#4327 = EDGE_LOOP ( 'NONE', ( #4078, #5975, #12768, #11973 ) ) ;
#4328 = CARTESIAN_POINT ( 'NONE',  ( 7.000000000000002665, 0.000000000000000000, -18.00000000000000000 ) ) ;
#4329 = CARTESIAN_POINT ( 'NONE',  ( -32.00000000000000000, -6.222539674441619262, -15.99999999999999645 ) ) ;
#4330 = ORIENTED_EDGE ( 'NONE', *, *, #12429, .T. ) ;
#4331 = LINE ( 'NONE', #1192, #2278 ) ;
#4332 = DIRECTION ( 'NONE',  ( 0.000000000000000000, 0.000000000000000000, 1.000000000000000000 ) ) ;
#4333 = ADVANCED_FACE ( 'NONE', ( #7687 ), #5916, .F. ) ;
#4334 = LINE ( 'NONE', #8584, #9985 ) ;
#4335 = CLOSED_SHELL ( 'NONE', ( #4926, #10367, #2452, #8601, #6467, #11795, #12561, #3615, #9852, #7159, #2019, #3008, #7109, #4768, #5084, #6993, #5074, #1135, #2056, #1884, #4622, #7217, #11334, #460, #12140, #11615, #4423, #12440, #6383, #5105, #5722, #11655, #6841, #1948, #4580, #11319, #5166, #7569, #634, #6340, #7393, #8224, #1887, #6282, #12649, #838, #3222, #1581, #1946, #3309, #12033, #6751, #10719, #12263, #11797, #12824, #2502, #4928, #12381, #7519, #11585, #921, #116, #1109, #8716, #8439, #3514, #1343, #1095, #1644, #7127, #347, #3141, #6806, #3880, #11245 ) ) ;
#4336 = CARTESIAN_POINT ( 'NONE',  ( -10.03999999999999737, 0.000000000000000000, -18.00000000000000000 ) ) ;
#4337 = DIRECTION ( 'NONE',  ( 0.000000000000000000, 0.000000000000000000, -1.000000000000000000 ) ) ;
#4338 = EDGE_CURVE ( 'NONE', #10883, #2066, #2176, .T. ) ;
#4339 = AXIS2_PLACEMENT_3D ( 'NONE', #10549, #5576, #1776 ) ;
#4340 = VECTOR ( 'NONE', #3019, 1000.000000000000000 ) ;
#4341 = ORIENTED_EDGE ( 'NONE', *, *, #6981, .T. ) ;
#4342 = DIRECTION ( 'NONE',  ( 0.000000000000000000, 0.000000000000000000, 1.000000000000000000 ) ) ;
#4343 = EDGE_LOOP ( 'NONE', ( #5270, #6022 ) ) ;
#4344 = ORIENTED_EDGE ( 'NONE', *, *, #11404, .T. ) ;
#4345 = CARTESIAN_POINT ( 'NONE',  ( 1.202081528017144407, 0.000000000000000000, 12.66923881554250642 ) ) ;
#4346 = DIRECTION ( 'NONE',  ( -0.7071067811865562325, 0.000000000000000000, -0.7071067811865389130 ) ) ;
#4347 = VERTEX_POINT ( 'NONE', #6110 ) ;
#4348 = VECTOR ( 'NONE', #10308, 1000.000000000000000 ) ;
#4349 = CARTESIAN_POINT ( 'NONE',  ( -37.69999999999967599, 1.600000000000000089, 15.69999999999999929 ) ) ;
#4350 = VECTOR ( 'NONE', #1551, 1000.000000000000000 ) ;
#4351 = DIRECTION ( 'NONE',  ( 0.000000000000000000, 0.000000000000000000, -1.000000000000000000 ) ) ;
#4352 = VECTOR ( 'NONE', #12248, 1000.000000000000114 ) ;
#4353 = EDGE_LOOP ( 'NONE', ( #3059, #8911, #11150, #7587 ) ) ;
#4354 = PLANE ( 'NONE',  #12307 ) ;
#4355 = VECTOR ( 'NONE', #12628, 1000.000000000000000 ) ;
#4356 = ADVANCED_FACE ( 'NONE', ( #7014 ), #6167, .F. ) ;
#4357 = CARTESIAN_POINT ( 'NONE',  ( 34.98246404863932213, 8.400000000000000355, 11.55286341221834867 ) ) ;
#4358 = AXIS2_PLACEMENT_3D ( 'NONE', #2420, #6206, #1174 ) ;
#4359 = DIRECTION ( 'NONE',  ( -1.000000000000000000, 2.775557561563175735E-15, -0.000000000000000000 ) ) ;
#4360 = CARTESIAN_POINT ( 'NONE',  ( -26.02000000000004221, 1.600000000000000089, -8.631984016460597151E-14 ) ) ;
#4361 = VERTEX_POINT ( 'NONE', #12933 ) ;
#4362 = DIRECTION ( 'NONE',  ( 0.000000000000000000, 0.000000000000000000, -1.000000000000000000 ) ) ;
#4363 = AXIS2_PLACEMENT_3D ( 'NONE', #3436, #2183, #5275 ) ;
#4364 = VECTOR ( 'NONE', #10349, 1000.000000000000000 ) ;
#4365 = ORIENTED_EDGE ( 'NONE', *, *, #3936, .T. ) ;
#4366 = AXIS2_PLACEMENT_3D ( 'NONE', #7375, #7308, #2342 ) ;
#4367 = ADVANCED_FACE ( 'NONE', ( #8856, #10088 ), #1142, .T. ) ;
#4368 = DIRECTION ( 'NONE',  ( 0.000000000000000000, -1.000000000000000000, 0.000000000000000000 ) ) ;
#4369 = CIRCLE ( 'NONE', #2058, 1.399999999999995026 ) ;
#4370 = DIRECTION ( 'NONE',  ( 0.000000000000000000, 0.000000000000000000, 1.000000000000000000 ) ) ;
#4371 = VERTEX_POINT ( 'NONE', #5127 ) ;
#4372 = CARTESIAN_POINT ( 'NONE',  ( -35.15879466350530436, 8.556890761443922244, -11.56430964406271400 ) ) ;
#4373 = MECHANICAL_DESIGN_GEOMETRIC_PRESENTATION_REPRESENTATION (  '', ( #12318 ), #7708 ) ;
#4374 = DIRECTION ( 'NONE',  ( -0.000000000000000000, -1.000000000000000000, 0.000000000000000000 ) ) ;
#4375 = VECTOR ( 'NONE', #10065, 1000.000000000000000 ) ;
#4376 = CARTESIAN_POINT ( 'NONE',  ( -34.98243834242076389, 8.600000000000003197, -11.60564310607841243 ) ) ;
#4377 = CIRCLE ( 'NONE', #12357, 2.200000000000000622 ) ;
#4378 = DIRECTION ( 'NONE',  ( -0.000000000000000000, 1.000000000000000000, -0.000000000000000000 ) ) ;
#4379 = ADVANCED_FACE ( 'NONE', ( #12862 ), #9109, .F. ) ;
#4380 = VERTEX_POINT ( 'NONE', #9958 ) ;
#4381 = VERTEX_POINT ( 'NONE', #8917 ) ;
#4382 = VECTOR ( 'NONE', #5516, 1000.000000000000000 ) ;
#4383 = EDGE_CURVE ( 'NONE', #2286, #7886, #3118, .T. ) ;
#4384 = CARTESIAN_POINT ( 'NONE',  ( -14.22000000000000064, -6.222539674441619262, -15.49999999999999645 ) ) ;
#4385 = EDGE_CURVE ( 'NONE', #9566, #6662, #158, .T. ) ;
#4386 =( NAMED_UNIT ( * ) SI_UNIT ( $, .STERADIAN. ) SOLID_ANGLE_UNIT ( ) );
#4388 = ORIENTED_EDGE ( 'NONE', *, *, #100, .F. ) ;
#4387 = AXIS2_PLACEMENT_3D ( 'NONE', #8868, #11036, #11814 ) ;
#4389 = ORIENTED_EDGE ( 'NONE', *, *, #6748, .F. ) ;
#4390 = ADVANCED_FACE ( 'NONE', ( #5977, #6890 ), #882, .T. ) ;
#4391 = AXIS2_PLACEMENT_3D ( 'NONE', #5574, #4602, #8593 ) ;
#4392 = DIRECTION ( 'NONE',  ( 0.000000000000000000, 1.000000000000000000, 0.000000000000000000 ) ) ;
#4393 = LINE ( 'NONE', #12378, #6419 ) ;
#4394 = ORIENTED_EDGE ( 'NONE', *, *, #9175, .T. ) ;
#4395 = CIRCLE ( 'NONE', #12963, 0.4999999999999987232 ) ;
#4396 = DIRECTION ( 'NONE',  ( 2.775557561562888984E-15, 0.000000000000000000, -1.000000000000000000 ) ) ;
#4397 = DIRECTION ( 'NONE',  ( -0.7071067811865562325, 0.000000000000000000, 0.7071067811865388020 ) ) ;
#4398 = EDGE_CURVE ( 'NONE', #4284, #11785, #3169, .T. ) ;
#4399 = CARTESIAN_POINT ( 'NONE',  ( -10.78000000000000114, 0.000000000000000000, -15.49999999999999645 ) ) ;
#4400 = CARTESIAN_POINT ( 'NONE',  ( 33.80000000000000426, 8.400000000000000355, -7.249999999999996447 ) ) ;
#4401 = VECTOR ( 'NONE', #2911, 1000.000000000000000 ) ;
#4402 = FACE_BOUND ( 'NONE', #3598, .T. ) ;
#4403 = ORIENTED_EDGE ( 'NONE', *, *, #12565, .T. ) ;
#4404 = EDGE_CURVE ( 'NONE', #12930, #8146, #2725, .T. ) ;
#4405 = CARTESIAN_POINT ( 'NONE',  ( 35.14292893218813418, 8.200000000000002842, -11.90000000000000036 ) ) ;
#4406 = CARTESIAN_POINT ( 'NONE',  ( 33.80000000000000426, 8.400000000000000355, 6.250000000000006217 ) ) ;
#4407 = ORIENTED_EDGE ( 'NONE', *, *, #12231, .T. ) ;
#4408 = DIRECTION ( 'NONE',  ( 0.000000000000000000, 0.000000000000000000, 1.000000000000000000 ) ) ;
#4409 = CYLINDRICAL_SURFACE ( 'NONE', #2473, 0.4999999999999987232 ) ;
#4410 = ORIENTED_EDGE ( 'NONE', *, *, #11699, .F. ) ;
#4411 = AXIS2_PLACEMENT_3D ( 'NONE', #1826, #6857, #9026 ) ;
#4412 = DIRECTION ( 'NONE',  ( 0.000000000000000000, 1.000000000000000000, 0.000000000000000000 ) ) ;
#4413 = EDGE_CURVE ( 'NONE', #7822, #11665, #1029, .T. ) ;
#4414 = DIRECTION ( 'NONE',  ( -0.7071067811865388020, 0.000000000000000000, 0.7071067811865561215 ) ) ;
#4415 = PLANE ( 'NONE',  #8089 ) ;
#4416 = EDGE_LOOP ( 'NONE', ( #8418, #1691, #1111, #1901 ) ) ;
#4417 = CARTESIAN_POINT ( 'NONE',  ( -27.81999999999999673, 1.600000000000000089, -15.49999999999999645 ) ) ;
#4418 = VERTEX_POINT ( 'NONE', #4023 ) ;
#4419 = DIRECTION ( 'NONE',  ( 0.000000000000000000, 1.000000000000000000, 0.000000000000000000 ) ) ;
#4420 = CARTESIAN_POINT ( 'NONE',  ( 0.1200000000000020495, -6.222539674441619262, -15.49999999999999645 ) ) ;
#4421 = ORIENTED_EDGE ( 'NONE', *, *, #8117, .F. ) ;
#4422 = DIRECTION ( 'NONE',  ( -0.000000000000000000, -0.000000000000000000, 1.000000000000000000 ) ) ;
#4423 = ADVANCED_FACE ( 'NONE', ( #6951 ), #1920, .T. ) ;
#4424 = DIRECTION ( 'NONE',  ( -0.000000000000000000, 1.000000000000000000, -0.000000000000000000 ) ) ;
#4425 = ORIENTED_EDGE ( 'NONE', *, *, #1700, .T. ) ;
#4426 = SURFACE_STYLE_USAGE ( .BOTH. , #7422 ) ;
#4427 = DIRECTION ( 'NONE',  ( -0.000000000000000000, 1.000000000000000000, -0.000000000000000000 ) ) ;
#4428 = DIRECTION ( 'NONE',  ( 1.000000000000000000, 0.000000000000000000, 0.000000000000000000 ) ) ;
#4429 = LINE ( 'NONE', #2459, #7699 ) ;
#4430 = EDGE_LOOP ( 'NONE', ( #435, #1958, #12178, #138 ) ) ;
#4431 = CARTESIAN_POINT ( 'NONE',  ( -13.31999999999999496, 0.000000000000000000, -18.00000000000000000 ) ) ;
#4432 = ORIENTED_EDGE ( 'NONE', *, *, #4834, .F. ) ;
#4433 = EDGE_CURVE ( 'NONE', #5526, #11534, #10026, .T. ) ;
#4434 = DIRECTION ( 'NONE',  ( 0.000000000000000000, 0.000000000000000000, 1.000000000000000000 ) ) ;
#4435 = DIRECTION ( 'NONE',  ( 0.000000000000000000, 0.000000000000000000, -1.000000000000000000 ) ) ;
#4436 = VERTEX_POINT ( 'NONE', #1013 ) ;
#4437 = DIRECTION ( 'NONE',  ( 0.000000000000000000, 0.000000000000000000, -1.000000000000000000 ) ) ;
#4438 = DIRECTION ( 'NONE',  ( 0.000000000000000000, 0.000000000000000000, 1.000000000000000000 ) ) ;
#4439 = CARTESIAN_POINT ( 'NONE',  ( 27.94000000000000128, 1.600000000000000089, 0.000000000000000000 ) ) ;
#4440 = CIRCLE ( 'NONE', #1714, 0.4500000000000007327 ) ;
#4441 = EDGE_LOOP ( 'NONE', ( #6476, #7764, #6797, #38 ) ) ;
#4442 = ORIENTED_EDGE ( 'NONE', *, *, #6444, .F. ) ;
#4443 = UNCERTAINTY_MEASURE_WITH_UNIT (LENGTH_MEASURE( 1.000000000000000082E-05 ), #10673, 'distance_accuracy_value', 'NONE');
#4444 = AXIS2_PLACEMENT_3D ( 'NONE', #2288, #5356, #9345 ) ;
#4445 = DIRECTION ( 'NONE',  ( -0.000000000000000000, 1.000000000000000000, -0.000000000000000000 ) ) ;
#4446 = EDGE_CURVE ( 'NONE', #5762, #465, #34, .T. ) ;
#4447 = CARTESIAN_POINT ( 'NONE',  ( 40.00000000000002842, 7.949999999999783462, 3.750000000000000000 ) ) ;
#4448 = VERTEX_POINT ( 'NONE', #11018 ) ;
#4449 = VERTEX_POINT ( 'NONE', #2050 ) ;
#4450 = CARTESIAN_POINT ( 'NONE',  ( -5.699999999999996625, 0.000000000000000000, -18.00000000000000000 ) ) ;
#4451 = CARTESIAN_POINT ( 'NONE',  ( 20.32000000000000028, 1.600000000000000089, 0.000000000000000000 ) ) ;
#4452 = VERTEX_POINT ( 'NONE', #4345 ) ;
#4454 = ADVANCED_FACE ( 'NONE', ( #11291 ), #9192, .F. ) ;
#4453 = DIRECTION ( 'NONE',  ( 0.000000000000000000, 1.000000000000000000, 0.000000000000000000 ) ) ;
#4455 = DIRECTION ( 'NONE',  ( 0.000000000000000000, 1.000000000000000000, 0.000000000000000000 ) ) ;
#4456 = EDGE_CURVE ( 'NONE', #3966, #290, #3780, .T. ) ;
#4457 = CARTESIAN_POINT ( 'NONE',  ( -19.29999999999999716, 0.000000000000000000, -15.49999999999999645 ) ) ;
#4458 = EDGE_CURVE ( 'NONE', #609, #410, #6307, .T. ) ;
#4459 = FACE_OUTER_BOUND ( 'NONE', #2447, .T. ) ;
#4460 = EDGE_LOOP ( 'NONE', ( #6135, #12235 ) ) ;
#4461 = DIRECTION ( 'NONE',  ( 0.000000000000000000, 0.000000000000000000, 1.000000000000000000 ) ) ;
#4462 = LINE ( 'NONE', #7401, #3951 ) ;
#4463 = ORIENTED_EDGE ( 'NONE', *, *, #11662, .F. ) ;
#4464 = FACE_OUTER_BOUND ( 'NONE', #10564, .T. ) ;
#4465 = CARTESIAN_POINT ( 'NONE',  ( 2.660000000000002807, 0.000000000000000000, -15.49999999999999645 ) ) ;
#4466 = ORIENTED_EDGE ( 'NONE', *, *, #9666, .F. ) ;
#4467 =( LENGTH_UNIT ( ) NAMED_UNIT ( * ) SI_UNIT ( .MILLI., .METRE. ) );
#4468 = EDGE_CURVE ( 'NONE', #5193, #5843, #1477, .T. ) ;
#4469 = CARTESIAN_POINT ( 'NONE',  ( 37.70000000000000284, -6.222539674441619262, -17.89999999999999858 ) ) ;
#4470 = CARTESIAN_POINT ( 'NONE',  ( -34.79999999999999005, 6.899999999999999467, 6.250000000000006217 ) ) ;
#4471 = CARTESIAN_POINT ( 'NONE',  ( 33.80000000000000426, 7.399999999999999467, -6.249999999999994671 ) ) ;
#4472 = MECHANICAL_DESIGN_GEOMETRIC_PRESENTATION_REPRESENTATION (  '', ( #2791 ), #10725 ) ;
#4473 = EDGE_CURVE ( 'NONE', #9634, #5267, #2387, .T. ) ;
#4474 = EDGE_LOOP ( 'NONE', ( #12817, #4733 ) ) ;
#4475 = FILL_AREA_STYLE ('',( #10427 ) ) ;
#4476 = ORIENTED_EDGE ( 'NONE', *, *, #8644, .T. ) ;
#4477 = VERTEX_POINT ( 'NONE', #5461 ) ;
#4478 = DIRECTION ( 'NONE',  ( -1.000000000000000000, -0.000000000000000000, -0.000000000000000000 ) ) ;
#4479 = LINE ( 'NONE', #9253, #10839 ) ;
#4480 = EDGE_LOOP ( 'NONE', ( #1521, #9980, #878, #5854 ) ) ;
#4481 = LINE ( 'NONE', #7287, #6946 ) ;
#4482 = CARTESIAN_POINT ( 'NONE',  ( -6.599999999999997868, 0.000000000000000000, -14.99999999999999822 ) ) ;
#4483 = VERTEX_POINT ( 'NONE', #3230 ) ;
#4484 = LINE ( 'NONE', #6442, #9150 ) ;
#4485 = DIRECTION ( 'NONE',  ( -0.000000000000000000, 1.000000000000000000, -0.000000000000000000 ) ) ;
#4486 = DIRECTION ( 'NONE',  ( 1.000000000000000000, 0.000000000000000000, 0.000000000000000000 ) ) ;
#4487 = PLANE ( 'NONE',  #11673 ) ;
#4488 = ORIENTED_EDGE ( 'NONE', *, *, #3445, .T. ) ;
#4489 = DIRECTION ( 'NONE',  ( -2.453639994309486367E-17, 1.000000000000000000, 3.571489509364048017E-15 ) ) ;
#4490 = ADVANCED_FACE ( 'NONE', ( #9444 ), #7283, .T. ) ;
#4491 = VERTEX_POINT ( 'NONE', #9381 ) ;
#4492 = CARTESIAN_POINT ( 'NONE',  ( -33.79999999999999005, 7.399999999999999467, -6.249999999999994671 ) ) ;
#4493 = DIRECTION ( 'NONE',  ( 1.000000000000000000, 2.453639994309486675E-17, -1.064096724931068475E-31 ) ) ;
#4494 = ORIENTED_EDGE ( 'NONE', *, *, #4212, .F. ) ;
#4495 = PRESENTATION_STYLE_ASSIGNMENT (( #7377 ) ) ;
#4496 =( NAMED_UNIT ( * ) PLANE_ANGLE_UNIT ( ) SI_UNIT ( $, .RADIAN. ) );
#4497 = CARTESIAN_POINT ( 'NONE',  ( -35.14292893218813418, 4.163844420198035232E-14, -11.70000000000002949 ) ) ;
#4498 =( LENGTH_UNIT ( ) NAMED_UNIT ( * ) SI_UNIT ( .MILLI., .METRE. ) );
#4499 = CARTESIAN_POINT ( 'NONE',  ( -37.69999999999967599, 0.000000000000000000, 13.50000000000000000 ) ) ;
#4500 = ORIENTED_EDGE ( 'NONE', *, *, #3979, .T. ) ;
#4501 = EDGE_CURVE ( 'NONE', #1384, #7121, #10432, .T. ) ;
#4502 = ORIENTED_EDGE ( 'NONE', *, *, #28, .T. ) ;
#4503 = ADVANCED_FACE ( 'NONE', ( #1336 ), #6366, .F. ) ;
#4504 = CARTESIAN_POINT ( 'NONE',  ( -37.69999999999967599, 0.000000000000000000, 17.89999999999999858 ) ) ;
#4505 = EDGE_LOOP ( 'NONE', ( #7107, #7578, #7206, #880 ) ) ;
#4506 = CARTESIAN_POINT ( 'NONE',  ( 3.560000000000000497, -6.222539674441619262, -15.49999999999999645 ) ) ;
#4507 = DIRECTION ( 'NONE',  ( 0.000000000000000000, 1.000000000000000000, 0.000000000000000000 ) ) ;
#4508 = ORIENTED_EDGE ( 'NONE', *, *, #1783, .T. ) ;
#4509 = DIRECTION ( 'NONE',  ( 0.000000000000000000, 1.000000000000000000, -0.000000000000000000 ) ) ;
#4510 = DIRECTION ( 'NONE',  ( 1.000000000000000000, 0.000000000000000000, 0.000000000000000000 ) ) ;
#4511 = EDGE_CURVE ( 'NONE', #10237, #12740, #1242, .T. ) ;
#4512 = ADVANCED_FACE ( 'NONE', ( #2326, #2245 ), #1397, .T. ) ;
#4513 = DIRECTION ( 'NONE',  ( -0.7071067811865513475, -0.000000000000000000, -0.7071067811865437980 ) ) ;
#4514 = AXIS2_PLACEMENT_3D ( 'NONE', #1568, #9528, #8630 ) ;
#4515 = ORIENTED_EDGE ( 'NONE', *, *, #2192, .F. ) ;
#4516 = EDGE_CURVE ( 'NONE', #2960, #5196, #6862, .T. ) ;
#4517 = EDGE_CURVE ( 'NONE', #3074, #7480, #11694, .T. ) ;
#4518 = DIRECTION ( 'NONE',  ( 1.000000000000000000, -0.000000000000000000, 0.000000000000000000 ) ) ;
#4519 = FACE_OUTER_BOUND ( 'NONE', #3796, .T. ) ;
#4520 = VERTEX_POINT ( 'NONE', #10231 ) ;
#4521 = FACE_OUTER_BOUND ( 'NONE', #4686, .T. ) ;
#4522 = DIRECTION ( 'NONE',  ( 2.775557561562888984E-15, 0.000000000000000000, -1.000000000000000000 ) ) ;
#4523 = EDGE_LOOP ( 'NONE', ( #10311, #11053, #3243, #9171, #10718, #10932, #6916, #4425, #2081, #9251 ) ) ;
#4524 = DIRECTION ( 'NONE',  ( 0.000000000000000000, 1.000000000000000000, -6.123233995736766036E-17 ) ) ;
#4525 = CARTESIAN_POINT ( 'NONE',  ( -35.05406188861415728, 8.378694232274947140, 11.56405536884862251 ) ) ;
#4526 = EDGE_CURVE ( 'NONE', #3228, #11190, #7357, .T. ) ;
#4527 = DIRECTION ( 'NONE',  ( 0.000000000000000000, 0.000000000000000000, 1.000000000000000000 ) ) ;
#4528 = VECTOR ( 'NONE', #10705, 1000.000000000000000 ) ;
#4529 = ORIENTED_EDGE ( 'NONE', *, *, #7306, .T. ) ;
#4530 = ORIENTED_EDGE ( 'NONE', *, *, #8128, .F. ) ;
#4531 = EDGE_CURVE ( 'NONE', #895, #616, #3450, .T. ) ;
#4532 = ORIENTED_EDGE ( 'NONE', *, *, #12683, .T. ) ;
#4533 = DIRECTION ( 'NONE',  ( 2.775557561562888984E-15, 0.000000000000000000, -1.000000000000000000 ) ) ;
#4534 = CIRCLE ( 'NONE', #6811, 0.8999999999999980238 ) ;
#4535 =( NAMED_UNIT ( * ) SI_UNIT ( $, .STERADIAN. ) SOLID_ANGLE_UNIT ( ) );
#4536 = ORIENTED_EDGE ( 'NONE', *, *, #337, .F. ) ;
#4537 = DIRECTION ( 'NONE',  ( 0.000000000000000000, 0.000000000000000000, 1.000000000000000000 ) ) ;
#4538 = CIRCLE ( 'NONE', #10386, 0.4999999999999987232 ) ;
#4539 = EDGE_CURVE ( 'NONE', #196, #7248, #1202, .T. ) ;
#4540 = FACE_OUTER_BOUND ( 'NONE', #5095, .T. ) ;
#4541 = ORIENTED_EDGE ( 'NONE', *, *, #12032, .T. ) ;
#4542 = CARTESIAN_POINT ( 'NONE',  ( -35.15879466350530436, 8.556890761443922244, 11.56430964406271400 ) ) ;
#4543 = ADVANCED_FACE ( 'NONE', ( #12267 ), #3296, .F. ) ;
#4544 = VECTOR ( 'NONE', #9831, 1000.000000000000000 ) ;
#4545 = DIRECTION ( 'NONE',  ( -1.000000000000000000, 0.000000000000000000, 0.000000000000000000 ) ) ;
#4546 = CARTESIAN_POINT ( 'NONE',  ( 2.540000000000000036, 0.000000000000000000, 0.000000000000000000 ) ) ;
#4547 = AXIS2_PLACEMENT_3D ( 'NONE', #12150, #235, #3173 ) ;
#4548 = ORIENTED_EDGE ( 'NONE', *, *, #6213, .F. ) ;
#4549 = DIRECTION ( 'NONE',  ( 0.000000000000000000, 1.000000000000000000, 0.000000000000000000 ) ) ;
#4550 = ORIENTED_EDGE ( 'NONE', *, *, #4277, .F. ) ;
#4551 = COLOUR_RGB ( '',1.000000000000000000, 0.8117647058823529438, 0.5019607843137254832 ) ;
#4552 = VECTOR ( 'NONE', #1424, 1000.000000000000000 ) ;
#4553 = LINE ( 'NONE', #11685, #1489 ) ;
#4554 = CIRCLE ( 'NONE', #1632, 0.8999999999999980238 ) ;
#4555 = DIRECTION ( 'NONE',  ( 2.775557561562888984E-15, 0.000000000000000000, -1.000000000000000000 ) ) ;
#4556 = ORIENTED_EDGE ( 'NONE', *, *, #10377, .F. ) ;
#4557 = VECTOR ( 'NONE', #12721, 1000.000000000000000 ) ;
#4558 = SURFACE_STYLE_FILL_AREA ( #4623 ) ;
#4559 = CARTESIAN_POINT ( 'NONE',  ( -34.95000000000001705, 8.400000000000000355, 11.50000000000002487 ) ) ;
#4560 = PRESENTATION_STYLE_ASSIGNMENT (( #566 ) ) ;
#4561 = VECTOR ( 'NONE', #11882, 1000.000000000000000 ) ;
#4562 = VECTOR ( 'NONE', #1132, 1000.000000000000114 ) ;
#4563 = FACE_OUTER_BOUND ( 'NONE', #9025, .T. ) ;
#4564 = ORIENTED_EDGE ( 'NONE', *, *, #12502, .F. ) ;
#4565 = AXIS2_PLACEMENT_3D ( 'NONE', #12405, #11292, #295 ) ;
#4566 = AXIS2_PLACEMENT_3D ( 'NONE', #6014, #977, #9028 ) ;
#4567 = ORIENTED_EDGE ( 'NONE', *, *, #12708, .F. ) ;
#4568 = CARTESIAN_POINT ( 'NONE',  ( -1.520000000000000462, 1.600000000000000089, -15.49999999999999645 ) ) ;
#4569 = VERTEX_POINT ( 'NONE', #8648 ) ;
#4570 = ORIENTED_EDGE ( 'NONE', *, *, #4531, .F. ) ;
#4571 = VECTOR ( 'NONE', #3053, 1000.000000000000000 ) ;
#4572 = DIRECTION ( 'NONE',  ( 0.000000000000000000, 1.000000000000000000, -0.000000000000000000 ) ) ;
#4573 = CIRCLE ( 'NONE', #12723, 0.8999999999999980238 ) ;
#4574 = CYLINDRICAL_SURFACE ( 'NONE', #12063, 0.8999999999999980238 ) ;
#4575 = EDGE_LOOP ( 'NONE', ( #4192, #871, #8155, #4062 ) ) ;
#4576 = CARTESIAN_POINT ( 'NONE',  ( 34.95000000000000284, 82.49217232609667860, 11.50000000000002309 ) ) ;
#4577 = EDGE_CURVE ( 'NONE', #12475, #6964, #12529, .T. ) ;
#4578 = DIRECTION ( 'NONE',  ( 0.000000000000000000, 1.000000000000000000, 0.000000000000000000 ) ) ;
#4579 = CIRCLE ( 'NONE', #11889, 0.2000000000000005107 ) ;
#4580 = ADVANCED_FACE ( 'NONE', ( #8786 ), #10738, .F. ) ;
#4581 = MECHANICAL_DESIGN_GEOMETRIC_PRESENTATION_REPRESENTATION (  '', ( #3536 ), #6251 ) ;
#4582 = VECTOR ( 'NONE', #4001, 1000.000000000000000 ) ;
#4583 = DIRECTION ( 'NONE',  ( 0.000000000000000000, 0.000000000000000000, -1.000000000000000000 ) ) ;
#4584 = CIRCLE ( 'NONE', #6256, 0.4999999999999987232 ) ;
#4585 = VERTEX_POINT ( 'NONE', #2575 ) ;
#4586 = ADVANCED_FACE ( 'NONE', ( #7737 ), #12785, .F. ) ;
#4587 = CARTESIAN_POINT ( 'NONE',  ( -37.70000000000000284, 1.600000000000000089, -17.89999999999999858 ) ) ;
#4588 = CARTESIAN_POINT ( 'NONE',  ( -11.67999999999999972, 1.600000000000000089, -15.49999999999999645 ) ) ;
#4589 = ORIENTED_EDGE ( 'NONE', *, *, #4285, .F. ) ;
#4590 = AXIS2_PLACEMENT_3D ( 'NONE', #4384, #1304, #6393 ) ;
#4591 = DIRECTION ( 'NONE',  ( 2.775557561562888984E-15, 0.000000000000000000, -1.000000000000000000 ) ) ;
#4592 = CARTESIAN_POINT ( 'NONE',  ( -7.499999999999989342, -6.222539674441619262, -18.00000000000000000 ) ) ;
#4593 = VECTOR ( 'NONE', #11623, 1000.000000000000114 ) ;
#4594 = LINE ( 'NONE', #6671, #5233 ) ;
#4595 = AXIS2_PLACEMENT_3D ( 'NONE', #1797, #10829, #8011 ) ;
#4596 = DIRECTION ( 'NONE',  ( 0.000000000000000000, 1.000000000000000000, 0.000000000000000000 ) ) ;
#4597 = CARTESIAN_POINT ( 'NONE',  ( -24.37999999999999901, 0.000000000000000000, -14.59999999999999787 ) ) ;
#4598 = CARTESIAN_POINT ( 'NONE',  ( -7.500000000000038192, 0.000000000000000000, -9.131584377541916332E-14 ) ) ;
#4599 = ORIENTED_EDGE ( 'NONE', *, *, #11639, .T. ) ;
#4600 = EDGE_LOOP ( 'NONE', ( #1415, #1572, #11223, #1046 ) ) ;
#4601 = ORIENTED_EDGE ( 'NONE', *, *, #9480, .F. ) ;
#4602 = DIRECTION ( 'NONE',  ( -0.000000000000000000, 1.000000000000000000, -0.000000000000000000 ) ) ;
#4603 = DIRECTION ( 'NONE',  ( 0.000000000000000000, 0.000000000000000000, 1.000000000000000000 ) ) ;
#4604 = ORIENTED_EDGE ( 'NONE', *, *, #4182, .F. ) ;
#4605 = VECTOR ( 'NONE', #5346, 1000.000000000000000 ) ;
#4606 = DIRECTION ( 'NONE',  ( 0.000000000000000000, 1.000000000000000000, 0.000000000000000000 ) ) ;
#4607 = CARTESIAN_POINT ( 'NONE',  ( -3.159999999999996145, 1.600000000000000089, -18.00000000000000000 ) ) ;
#4608 = VERTEX_POINT ( 'NONE', #7795 ) ;
#4609 = CARTESIAN_POINT ( 'NONE',  ( -34.95000000000000284, 8.397979999999996892, 11.50000000000000355 ) ) ;
#4610 = EDGE_CURVE ( 'NONE', #4884, #3158, #671, .T. ) ;
#4611 = CARTESIAN_POINT ( 'NONE',  ( -34.10000000000000142, 8.500000000000000000, -9.525000000000002132 ) ) ;
#4612 = EDGE_CURVE ( 'NONE', #2047, #1316, #12715, .T. ) ;
#4613 = EDGE_CURVE ( 'NONE', #12388, #11016, #7608, .T. ) ;
#4614 = LINE ( 'NONE', #7561, #11640 ) ;
#4615 = AXIS2_PLACEMENT_3D ( 'NONE', #6653, #6534, #12678 ) ;
#4616 = EDGE_LOOP ( 'NONE', ( #8606, #4005, #8653, #7264 ) ) ;
#4617 = DIRECTION ( 'NONE',  ( 0.000000000000000000, -1.000000000000000000, 0.000000000000000000 ) ) ;
#4618 = EDGE_LOOP ( 'NONE', ( #1131, #2044, #8473, #7734 ) ) ;
#4619 = DIRECTION ( 'NONE',  ( 0.000000000000000000, 1.000000000000000000, -0.000000000000000000 ) ) ;
#4620 = LINE ( 'NONE', #12607, #3105 ) ;
#4621 = EDGE_LOOP ( 'NONE', ( #5475, #11173, #11714, #6998 ) ) ;
#4622 = ADVANCED_FACE ( 'NONE', ( #2763 ), #613, .T. ) ;
#4623 = FILL_AREA_STYLE ('',( #9583 ) ) ;
#4624 = CARTESIAN_POINT ( 'NONE',  ( 37.70000000000000284, 0.000000000000000000, -17.89999999999999858 ) ) ;
#4625 = CYLINDRICAL_SURFACE ( 'NONE', #120, 0.2000000000000005107 ) ;
#4626 = DIRECTION ( 'NONE',  ( 0.000000000000000000, 0.000000000000000000, 1.000000000000000000 ) ) ;
#4627 = FACE_BOUND ( 'NONE', #12446, .T. ) ;
#4628 = ORIENTED_EDGE ( 'NONE', *, *, #2758, .T. ) ;
#4629 = LINE ( 'NONE', #11331, #2065 ) ;
#4630 = EDGE_CURVE ( 'NONE', #11016, #1676, #11667, .T. ) ;
#4631 = VERTEX_POINT ( 'NONE', #3755 ) ;
#4632 = DIRECTION ( 'NONE',  ( 0.000000000000000000, 0.000000000000000000, 1.000000000000000000 ) ) ;
#4633 =( NAMED_UNIT ( * ) SI_UNIT ( $, .STERADIAN. ) SOLID_ANGLE_UNIT ( ) );
#4634 = ADVANCED_FACE ( 'NONE', ( #11731 ), #9623, .F. ) ;
#4635 = ORIENTED_EDGE ( 'NONE', *, *, #1263, .F. ) ;
#4636 = DIRECTION ( 'NONE',  ( -0.000000000000000000, 1.000000000000000000, -0.000000000000000000 ) ) ;
#4637 = CARTESIAN_POINT ( 'NONE',  ( 15.24000000000000021, 1.600000000000000089, -18.00000000000000000 ) ) ;
#4638 = CARTESIAN_POINT ( 'NONE',  ( 35.14292893218814129, 1.599999999999979661, 11.90000000000002522 ) ) ;
#4639 = CARTESIAN_POINT ( 'NONE',  ( -31.10000000000000142, 1.600000000000000089, -15.49999999999999645 ) ) ;
#4640 = DIRECTION ( 'NONE',  ( -0.000000000000000000, 1.000000000000000000, -0.000000000000000000 ) ) ;
#4641 = AXIS2_PLACEMENT_3D ( 'NONE', #11252, #8304, #197 ) ;
#4642 = DIRECTION ( 'NONE',  ( 0.000000000000000000, 1.000000000000000000, -0.000000000000000000 ) ) ;
#4643 = EDGE_CURVE ( 'NONE', #881, #11955, #7552, .T. ) ;
#4644 = VECTOR ( 'NONE', #6665, 1000.000000000000000 ) ;
#4645 = ORIENTED_EDGE ( 'NONE', *, *, #9032, .F. ) ;
#4646 = DIRECTION ( 'NONE',  ( 3.491481338843133355E-15, -1.000000000000000000, 0.000000000000000000 ) ) ;
#4647 = CARTESIAN_POINT ( 'NONE',  ( 35.14999999999999858, 8.199999999999999289, 11.50000000000002309 ) ) ;
#4648 = ORIENTED_EDGE ( 'NONE', *, *, #6039, .F. ) ;
#4649 = CARTESIAN_POINT ( 'NONE',  ( 40.00000000000002132, 6.200000000000033928, -3.749999999999999556 ) ) ;
#4650 = DIRECTION ( 'NONE',  ( 0.000000000000000000, 0.000000000000000000, -1.000000000000000000 ) ) ;
#4651 = DIRECTION ( 'NONE',  ( 0.000000000000000000, 0.000000000000000000, 1.000000000000000000 ) ) ;
#4652 = DIRECTION ( 'NONE',  ( 1.000000000000000000, -2.569960705151068762E-15, -0.000000000000000000 ) ) ;
#4653 = DIRECTION ( 'NONE',  ( -0.000000000000000000, 1.000000000000000000, -0.000000000000000000 ) ) ;
#4654 = VERTEX_POINT ( 'NONE', #730 ) ;
#4655 = EDGE_CURVE ( 'NONE', #2547, #1777, #4584, .T. ) ;
#4656 = ORIENTED_EDGE ( 'NONE', *, *, #3936, .F. ) ;
#4657 = PLANE ( 'NONE',  #11281 ) ;
#4658 = AXIS2_PLACEMENT_3D ( 'NONE', #9055, #10957, #8920 ) ;
#4659 = SURFACE_STYLE_FILL_AREA ( #7609 ) ;
#4660 = EDGE_LOOP ( 'NONE', ( #2223, #5004, #3661, #9699 ) ) ;
#4661 = LINE ( 'NONE', #9562, #10857 ) ;
#4662 = DIRECTION ( 'NONE',  ( -0.000000000000000000, 1.000000000000000000, -0.000000000000000000 ) ) ;
#4663 = ORIENTED_EDGE ( 'NONE', *, *, #2141, .F. ) ;
#4664 = CARTESIAN_POINT ( 'NONE',  ( -35.35200000000000387, 8.199999999999999289, 11.69292893218813667 ) ) ;
#4665 = CARTESIAN_POINT ( 'NONE',  ( -16.76000000000000156, 0.000000000000000000, -15.49999999999999645 ) ) ;
#4666 = ADVANCED_FACE ( 'NONE', ( #8711 ), #4657, .T. ) ;
#4667 = ADVANCED_FACE ( 'NONE', ( #1662 ), #10493, .F. ) ;
#4668 = CARTESIAN_POINT ( 'NONE',  ( -10.78000000000004377, 0.000000000000000000, -8.631984016460597151E-14 ) ) ;
#4669 = ORIENTED_EDGE ( 'NONE', *, *, #11635, .F. ) ;
#4670 = FACE_OUTER_BOUND ( 'NONE', #6940, .T. ) ;
#4671 = ORIENTED_EDGE ( 'NONE', *, *, #8580, .T. ) ;
#4672 = ADVANCED_FACE ( 'NONE', ( #11549 ), #1590, .F. ) ;
#4673 = EDGE_LOOP ( 'NONE', ( #2573, #10574, #1063, #2816 ) ) ;
#4674 = DIRECTION ( 'NONE',  ( 1.000000000000000000, 0.000000000000000000, 1.224646799147353207E-16 ) ) ;
#4675 = LINE ( 'NONE', #9580, #11675 ) ;
#4676 = ORIENTED_EDGE ( 'NONE', *, *, #10097, .T. ) ;
#4677 = ADVANCED_FACE ( 'NONE', ( #5051 ), #5962, .F. ) ;
#4678 = EDGE_CURVE ( 'NONE', #3665, #5360, #6661, .T. ) ;
#4679 = CARTESIAN_POINT ( 'NONE',  ( -34.98222023238930234, 8.397980000000000445, -11.55193619753724832 ) ) ;
#4680 = DIRECTION ( 'NONE',  ( 1.000000000000000000, 0.000000000000000000, -0.000000000000000000 ) ) ;
#4681 = CARTESIAN_POINT ( 'NONE',  ( 5.199999999999961986, -6.222539674441619262, -9.131584377541916332E-14 ) ) ;
#4682 = DIRECTION ( 'NONE',  ( 0.000000000000000000, 0.000000000000000000, 1.000000000000000000 ) ) ;
#4683 = CARTESIAN_POINT ( 'NONE',  ( -35.15000000000001279, 6.200000000000241762, -4.250000000000000000 ) ) ;
#4684 = VERTEX_POINT ( 'NONE', #78 ) ;
#4685 = DIRECTION ( 'NONE',  ( -0.000000000000000000, 1.000000000000000000, -0.000000000000000000 ) ) ;
#4686 = EDGE_LOOP ( 'NONE', ( #1321, #6071, #8728, #7446 ) ) ;
#4687 = ADVANCED_FACE ( 'NONE', ( #7067 ), #10014, .T. ) ;
#4688 = VECTOR ( 'NONE', #2525, 1000.000000000000000 ) ;
#4689 = PRODUCT_DEFINITION_CONTEXT ( 'detailed design', #3540, 'design' ) ;
#4690 = DIRECTION ( 'NONE',  ( 1.000000000000000000, -0.000000000000000000, 2.775557561562888984E-15 ) ) ;
#4691 = LINE ( 'NONE', #11703, #11425 ) ;
#4692 = SURFACE_STYLE_FILL_AREA ( #7638 ) ;
#4693 = ORIENTED_EDGE ( 'NONE', *, *, #1389, .F. ) ;
#4694 = CARTESIAN_POINT ( 'NONE',  ( 0.000000000000000000, -2.399999999999999467, 0.000000000000000000 ) ) ;
#4695 = FACE_OUTER_BOUND ( 'NONE', #12579, .T. ) ;
#4696 = PLANE ( 'NONE',  #3575 ) ;
#4697 = EDGE_CURVE ( 'NONE', #620, #63, #4065, .T. ) ;
#4698 = DIRECTION ( 'NONE',  ( 2.655529440325975057E-31, -6.123233995736766036E-17, -1.000000000000000000 ) ) ;
#4699 = DIRECTION ( 'NONE',  ( 0.000000000000000000, 1.000000000000000000, 0.000000000000000000 ) ) ;
#4700 = ADVANCED_FACE ( 'NONE', ( #2885 ), #4008, .F. ) ;
#4701 = CARTESIAN_POINT ( 'NONE',  ( -34.95000000000000995, 8.199999999999999289, -11.70000000000002416 ) ) ;
#4702 = ORIENTED_EDGE ( 'NONE', *, *, #419, .T. ) ;
#4703 = DIRECTION ( 'NONE',  ( 2.775557561562888984E-15, 0.000000000000000000, -1.000000000000000000 ) ) ;
#4704 = CARTESIAN_POINT ( 'NONE',  ( -31.79791847198285737, -2.399999999999999467, 12.66923881554250997 ) ) ;
#4705 = ORIENTED_EDGE ( 'NONE', *, *, #854, .F. ) ;
#4706 = DIRECTION ( 'NONE',  ( -1.000000000000000000, -2.569960705150817904E-15, -1.081882364577263110E-31 ) ) ;
#4707 = CARTESIAN_POINT ( 'NONE',  ( -29.46000000000000085, 1.600000000000000089, -15.99999999999999645 ) ) ;
#4708 = CARTESIAN_POINT ( 'NONE',  ( 31.86862915010155106, -2.399999999999999467, -12.73994949366116991 ) ) ;
#4709 = CARTESIAN_POINT ( 'NONE',  ( -35.15000000000001279, 8.199999999999999289, 11.50000000000002487 ) ) ;
#4710 = CARTESIAN_POINT ( 'NONE',  ( 6.100000000000001421, 1.600000000000000089, -15.49999999999999645 ) ) ;
#4711 = EDGE_LOOP ( 'NONE', ( #4645, #32, #7943, #2858 ) ) ;
#4712 = LINE ( 'NONE', #5955, #2896 ) ;
#4713 = ORIENTED_EDGE ( 'NONE', *, *, #4848, .T. ) ;
#4714 = ORIENTED_EDGE ( 'NONE', *, *, #9530, .T. ) ;
#4715 = EDGE_LOOP ( 'NONE', ( #1604, #2024, #8560, #11401 ) ) ;
#4716 = DIRECTION ( 'NONE',  ( 0.000000000000000000, 0.000000000000000000, 1.000000000000000000 ) ) ;
#4717 = DIRECTION ( 'NONE',  ( -0.000000000000000000, 1.000000000000000000, -0.000000000000000000 ) ) ;
#4718 = ORIENTED_EDGE ( 'NONE', *, *, #8044, .F. ) ;
#4719 = FACE_OUTER_BOUND ( 'NONE', #10251, .T. ) ;
#4720 = DIRECTION ( 'NONE',  ( 0.000000000000000000, 0.000000000000000000, -1.000000000000000000 ) ) ;
#4721 = VERTEX_POINT ( 'NONE', #4859 ) ;
#4722 = CIRCLE ( 'NONE', #9110, 0.8999999999999980238 ) ;
#4723 = FACE_OUTER_BOUND ( 'NONE', #3035, .T. ) ;
#4724 = AXIS2_PLACEMENT_3D ( 'NONE', #9713, #839, #1877 ) ;
#4725 = EDGE_CURVE ( 'NONE', #6306, #6800, #3186, .T. ) ;
#4726 = CARTESIAN_POINT ( 'NONE',  ( -26.91999999999999815, -6.222539674441619262, -15.49999999999999645 ) ) ;
#4727 = EDGE_CURVE ( 'NONE', #5560, #7662, #2100, .T. ) ;
#4728 = AXIS2_PLACEMENT_3D ( 'NONE', #4439, #5542, #11620 ) ;
#4729 = LINE ( 'NONE', #7678, #7272 ) ;
#4730 = ORIENTED_EDGE ( 'NONE', *, *, #450, .T. ) ;
#4731 = CARTESIAN_POINT ( 'NONE',  ( -10.03999999999999027, -6.222539674441619262, -18.00000000000000000 ) ) ;
#4732 = AXIS2_PLACEMENT_3D ( 'NONE', #1995, #3190, #1935 ) ;
#4733 = ORIENTED_EDGE ( 'NONE', *, *, #5929, .T. ) ;
#4734 = VECTOR ( 'NONE', #5215, 1000.000000000000000 ) ;
#4735 = ORIENTED_EDGE ( 'NONE', *, *, #4842, .F. ) ;
#4736 = FACE_OUTER_BOUND ( 'NONE', #1350, .T. ) ;
#4737 = CARTESIAN_POINT ( 'NONE',  ( -19.29999999999999716, 1.600000000000000089, -15.49999999999999645 ) ) ;
#4738 = EDGE_LOOP ( 'NONE', ( #8954, #7613, #12658, #8281 ) ) ;
#4739 = EDGE_CURVE ( 'NONE', #6530, #8595, #7771, .T. ) ;
#4740 = CLOSED_SHELL ( 'NONE', ( #6414, #8104, #4002, #2855, #11510, #8312 ) ) ;
#4741 =( NAMED_UNIT ( * ) SI_UNIT ( $, .STERADIAN. ) SOLID_ANGLE_UNIT ( ) );
#4742 = DIRECTION ( 'NONE',  ( -1.000000000000000000, 0.000000000000000000, 5.132317976262744134E-17 ) ) ;
#4743 = CYLINDRICAL_SURFACE ( 'NONE', #8283, 0.1999999999999987899 ) ;
#4744 = VECTOR ( 'NONE', #2252, 1000.000000000000000 ) ;
#4745 = CARTESIAN_POINT ( 'NONE',  ( -35.35000000000000853, 5.700000000000255085, -11.69292893218813667 ) ) ;
#4746 = DIRECTION ( 'NONE',  ( 1.000000000000000000, 0.000000000000000000, -0.000000000000000000 ) ) ;
#4747 = ORIENTED_EDGE ( 'NONE', *, *, #8354, .T. ) ;
#4748 = CARTESIAN_POINT ( 'NONE',  ( 1.131370849898470698, -16.60000000000000497, -10.76005050633884785 ) ) ;
#4749 = EDGE_CURVE ( 'NONE', #5708, #7680, #4985, .T. ) ;
#4750 =( GEOMETRIC_REPRESENTATION_CONTEXT ( 3 ) GLOBAL_UNCERTAINTY_ASSIGNED_CONTEXT ( ( #6391 ) ) GLOBAL_UNIT_ASSIGNED_CONTEXT ( ( #7508, #11313, #5288 ) ) REPRESENTATION_CONTEXT ( 'NONE', 'WORKASPACE' ) );
#4751 = VECTOR ( 'NONE', #2224, 1000.000000000000000 ) ;
#4752 = ORIENTED_EDGE ( 'NONE', *, *, #3185, .T. ) ;
#4753 = CYLINDRICAL_SURFACE ( 'NONE', #8235, 0.4999999999999987232 ) ;
#4754 = VECTOR ( 'NONE', #993, 1000.000000000000000 ) ;
#4755 = FACE_OUTER_BOUND ( 'NONE', #4115, .T. ) ;
#4756 = VECTOR ( 'NONE', #1323, 1000.000000000000000 ) ;
#4757 = ORIENTED_EDGE ( 'NONE', *, *, #660, .F. ) ;
#4758 = LINE ( 'NONE', #6171, #2654 ) ;
#4759 = AXIS2_PLACEMENT_3D ( 'NONE', #10099, #2062, #7163 ) ;
#4760 = DIRECTION ( 'NONE',  ( 2.074128996939939974E-32, 3.491481338843133355E-15, 1.000000000000000000 ) ) ;
#4761 = AXIS2_PLACEMENT_3D ( 'NONE', #7020, #9964, #8010 ) ;
#4762 = DIRECTION ( 'NONE',  ( 0.000000000000000000, 0.000000000000000000, 1.000000000000000000 ) ) ;
#4763 = VECTOR ( 'NONE', #11101, 1000.000000000000000 ) ;
#4764 = CYLINDRICAL_SURFACE ( 'NONE', #11681, 0.8999999999999980238 ) ;
#4765 = EDGE_CURVE ( 'NONE', #5523, #8633, #9857, .T. ) ;
#4766 = VECTOR ( 'NONE', #11646, 1000.000000000000000 ) ;
#4767 = VECTOR ( 'NONE', #1955, 1000.000000000000000 ) ;
#4768 = ADVANCED_FACE ( 'NONE', ( #12845 ), #10004, .F. ) ;
#4769 = EDGE_CURVE ( 'NONE', #3957, #10486, #9037, .T. ) ;
#4770 = AXIS2_PLACEMENT_3D ( 'NONE', #11282, #9242, #3423 ) ;
#4771 = LINE ( 'NONE', #2937, #1249 ) ;
#4772 = EDGE_CURVE ( 'NONE', #10042, #12283, #11336, .T. ) ;
#4773 = AXIS2_PLACEMENT_3D ( 'NONE', #7201, #6354, #12196 ) ;
#4775 = VERTEX_POINT ( 'NONE', #12325 ) ;
#4774 = VECTOR ( 'NONE', #6375, 1000.000000000000000 ) ;
#4776 = AXIS2_PLACEMENT_3D ( 'NONE', #6891, #9959, #9053 ) ;
#4777 = CARTESIAN_POINT ( 'NONE',  ( -33.79999999999999005, 7.399999999999999467, -6.249999999999994671 ) ) ;
#4778 = EDGE_CURVE ( 'NONE', #9036, #7671, #8393, .T. ) ;
#4779 = VECTOR ( 'NONE', #6483, 1000.000000000000000 ) ;
#4780 = DIRECTION ( 'NONE',  ( -1.000000000000000000, -0.000000000000000000, -0.000000000000000000 ) ) ;
#4781 = ORIENTED_EDGE ( 'NONE', *, *, #11272, .F. ) ;
#4782 = DIRECTION ( 'NONE',  ( -0.000000000000000000, 1.000000000000000000, -0.000000000000000000 ) ) ;
#4783 = CARTESIAN_POINT ( 'NONE',  ( -30.36000000000003851, 0.000000000000000000, -9.131584377541916332E-14 ) ) ;
#4784 = AXIS2_PLACEMENT_3D ( 'NONE', #2950, #12707, #11919 ) ;
#4785 = LINE ( 'NONE', #9811, #8689 ) ;
#4786 = VECTOR ( 'NONE', #5729, 1000.000000000000000 ) ;
#4787 = VECTOR ( 'NONE', #8621, 1000.000000000000000 ) ;
#4788 = CARTESIAN_POINT ( 'NONE',  ( 33.80000000000000426, 8.400000000000000355, 7.250000000000006217 ) ) ;
#4789 = EDGE_LOOP ( 'NONE', ( #2503, #11622, #11249, #8409, #8350 ) ) ;
#4790 = DIRECTION ( 'NONE',  ( 0.000000000000000000, 1.000000000000000000, 0.000000000000000000 ) ) ;
#4791 = EDGE_CURVE ( 'NONE', #8009, #11700, #2307, .T. ) ;
#4792 = ORIENTED_EDGE ( 'NONE', *, *, #1085, .T. ) ;
#4793 = DIRECTION ( 'NONE',  ( -0.000000000000000000, 1.000000000000000000, -0.000000000000000000 ) ) ;
#4794 = ORIENTED_EDGE ( 'NONE', *, *, #3940, .F. ) ;
#4795 = EDGE_CURVE ( 'NONE', #5432, #3916, #4440, .T. ) ;
#4796 = ORIENTED_EDGE ( 'NONE', *, *, #4253, .F. ) ;
#4797 = CARTESIAN_POINT ( 'NONE',  ( 0.000000000000000000, 0.000000000000000000, 0.000000000000000000 ) ) ;
#4798 = VECTOR ( 'NONE', #105, 1000.000000000000000 ) ;
#4799 = SURFACE_STYLE_USAGE ( .BOTH. , #12641 ) ;
#4800 = VERTEX_POINT ( 'NONE', #9362 ) ;
#4801 = FACE_OUTER_BOUND ( 'NONE', #1306, .T. ) ;
#4802 = CARTESIAN_POINT ( 'NONE',  ( -15.86000000000004384, -6.222539674441619262, -8.631984016460597151E-14 ) ) ;
#4803 = VERTEX_POINT ( 'NONE', #2370 ) ;
#4804 = VECTOR ( 'NONE', #10803, 1000.000000000000000 ) ;
#4805 = CIRCLE ( 'NONE', #7527, 0.8999999999999980238 ) ;
#4806 = CARTESIAN_POINT ( 'NONE',  ( -35.05334291870195074, 8.376643082376666882, 11.56430964406271400 ) ) ;
#4807 = CARTESIAN_POINT ( 'NONE',  ( 0.1200000000000020495, 0.000000000000000000, -15.49999999999999645 ) ) ;
#4808 = CYLINDRICAL_SURFACE ( 'NONE', #5412, 1.000000000000000000 ) ;
#4809 = ORIENTED_EDGE ( 'NONE', *, *, #2251, .T. ) ;
#4810 = DIRECTION ( 'NONE',  ( 0.000000000000000000, 1.000000000000000000, 0.000000000000000000 ) ) ;
#4811 = EDGE_LOOP ( 'NONE', ( #10896, #677, #1889, #4049 ) ) ;
#4812 = AXIS2_PLACEMENT_3D ( 'NONE', #9259, #3551, #238 ) ;
#4813 = ORIENTED_EDGE ( 'NONE', *, *, #8308, .T. ) ;
#4814 = EDGE_CURVE ( 'NONE', #8792, #5915, #12037, .T. ) ;
#4815 = ORIENTED_EDGE ( 'NONE', *, *, #2361, .F. ) ;
#4816 = CARTESIAN_POINT ( 'NONE',  ( -9.139999999999998792, 0.000000000000000000, -14.59999999999999787 ) ) ;
#4817 = CYLINDRICAL_SURFACE ( 'NONE', #5811, 0.8999999999999980238 ) ;
#4818 = ORIENTED_EDGE ( 'NONE', *, *, #6789, .F. ) ;
#4819 = STYLED_ITEM ( 'NONE', ( #12636 ), #2662 ) ;
#4820 = EDGE_CURVE ( 'NONE', #12428, #1034, #2971, .T. ) ;
#4821 = VERTEX_POINT ( 'NONE', #3153 ) ;
#4822 = CARTESIAN_POINT ( 'NONE',  ( -35.07861928812542374, 8.303342918701954289, -11.67664308237667115 ) ) ;
#4823 = CARTESIAN_POINT ( 'NONE',  ( 33.98994949366120011, -2.399999999999999467, -10.61862915010154396 ) ) ;
#4824 = DIRECTION ( 'NONE',  ( -0.000000000000000000, 1.000000000000000000, -0.000000000000000000 ) ) ;
#4825 = AXIS2_PLACEMENT_3D ( 'NONE', #12146, #3100, #3887 ) ;
#4826 = DIRECTION ( 'NONE',  ( 1.000000000000000000, 0.000000000000000000, 0.000000000000000000 ) ) ;
#4827 = VECTOR ( 'NONE', #11060, 1000.000000000000000 ) ;
#4828 = CARTESIAN_POINT ( 'NONE',  ( 6.100000000000001421, 1.600000000000000089, -14.59999999999999787 ) ) ;
#4829 = ORIENTED_EDGE ( 'NONE', *, *, #760, .F. ) ;
#4830 = LINE ( 'NONE', #4885, #10855 ) ;
#4831 = ORIENTED_EDGE ( 'NONE', *, *, #760, .T. ) ;
#4832 = CARTESIAN_POINT ( 'NONE',  ( -11.67999999999999972, 1.600000000000000089, -15.49999999999999645 ) ) ;
#4833 = FACE_OUTER_BOUND ( 'NONE', #5232, .T. ) ;
#4834 = EDGE_CURVE ( 'NONE', #12142, #3311, #1458, .T. ) ;
#4835 = ORIENTED_EDGE ( 'NONE', *, *, #12452, .F. ) ;
#4836 = LINE ( 'NONE', #8758, #5588 ) ;
#4837 = CARTESIAN_POINT ( 'NONE',  ( -10.78000000000000114, 0.000000000000000000, -15.49999999999999645 ) ) ;
#4838 = FACE_BOUND ( 'NONE', #8675, .T. ) ;
#4839 = CARTESIAN_POINT ( 'NONE',  ( -24.37999999999999901, 0.000000000000000000, -15.49999999999999645 ) ) ;
#4840 = LINE ( 'NONE', #10853, #9358 ) ;
#4841 = ORIENTED_EDGE ( 'NONE', *, *, #2123, .T. ) ;
#4842 = EDGE_CURVE ( 'NONE', #747, #7911, #214, .T. ) ;
#4843 = DIRECTION ( 'NONE',  ( 2.775557561563175735E-15, 1.000000000000000000, -2.312964634635742957E-16 ) ) ;
#4844 = ORIENTED_EDGE ( 'NONE', *, *, #7161, .T. ) ;
#4845 = CARTESIAN_POINT ( 'NONE',  ( -7.499999999999996447, 0.000000000000000000, -15.49999999999999645 ) ) ;
#4846 = LINE ( 'NONE', #10985, #3306 ) ;
#4847 = ORIENTED_EDGE ( 'NONE', *, *, #1944, .F. ) ;
#4848 = EDGE_CURVE ( 'NONE', #9066, #6435, #10058, .T. ) ;
#4849 = CARTESIAN_POINT ( 'NONE',  ( -31.93933982822017015, -2.399999999999999467, 12.81066017177981919 ) ) ;
#4850 = EDGE_CURVE ( 'NONE', #5915, #616, #476, .T. ) ;
#4851 = PLANE ( 'NONE',  #2677 ) ;
#4852 = LINE ( 'NONE', #8832, #12039 ) ;
#4853 = DIRECTION ( 'NONE',  ( -0.000000000000000000, 1.000000000000000000, -0.000000000000000000 ) ) ;
#4854 = VERTEX_POINT ( 'NONE', #3276 ) ;
#4855 = SURFACE_SIDE_STYLE ('',( #10792 ) ) ;
#4856 = VERTEX_POINT ( 'NONE', #5252 ) ;
#4857 = VERTEX_POINT ( 'NONE', #9295 ) ;
#4858 = ORIENTED_EDGE ( 'NONE', *, *, #12180, .F. ) ;
#4859 = CARTESIAN_POINT ( 'NONE',  ( -37.69999999999967599, 1.600000000000000089, 17.89999999999999858 ) ) ;
#4860 = CARTESIAN_POINT ( 'NONE',  ( -26.02000000000000313, 0.000000000000000000, -15.49999999999999645 ) ) ;
#4861 = ORIENTED_EDGE ( 'NONE', *, *, #2531, .F. ) ;
#4862 = PLANE ( 'NONE',  #8657 ) ;
#4863 = CARTESIAN_POINT ( 'NONE',  ( 35.14999999999999858, 7.949999999999797673, 3.750000000000000000 ) ) ;
#4864 = EDGE_LOOP ( 'NONE', ( #2642, #6096, #10750, #6330 ) ) ;
#4865 = CARTESIAN_POINT ( 'NONE',  ( 25.40000000000000213, -6.222539674441619262, -18.00000000000000000 ) ) ;
#4866 = EDGE_CURVE ( 'NONE', #6435, #2286, #276, .T. ) ;
#4867 = LINE ( 'NONE', #2108, #1442 ) ;
#4868 = CARTESIAN_POINT ( 'NONE',  ( -10.77999999999999403, 1.600000000000000089, -18.00000000000000000 ) ) ;
#4869 = EDGE_CURVE ( 'NONE', #10056, #2827, #7400, .T. ) ;
#4870 = VERTEX_POINT ( 'NONE', #9235 ) ;
#4871 = CYLINDRICAL_SURFACE ( 'NONE', #2516, 0.4999999999999987232 ) ;
#4872 = ORIENTED_EDGE ( 'NONE', *, *, #70, .F. ) ;
#4873 = EDGE_LOOP ( 'NONE', ( #11322, #5452, #4018, #2749 ) ) ;
#4874 = ORIENTED_EDGE ( 'NONE', *, *, #8448, .F. ) ;
#4875 = DIRECTION ( 'NONE',  ( -0.000000000000000000, 8.673617379884013384E-15, -1.000000000000000000 ) ) ;
#4876 = LINE ( 'NONE', #4933, #2880 ) ;
#4877 = VERTEX_POINT ( 'NONE', #6412 ) ;
#4878 = ORIENTED_EDGE ( 'NONE', *, *, #6351, .T. ) ;
#4879 = LINE ( 'NONE', #6957, #7483 ) ;
#4880 = FACE_OUTER_BOUND ( 'NONE', #9956, .T. ) ;
#4881 = DIRECTION ( 'NONE',  ( -0.000000000000000000, 1.000000000000000000, -0.000000000000000000 ) ) ;
#4882 = FILL_AREA_STYLE_COLOUR ( '', #2465 ) ;
#4883 = DIRECTION ( 'NONE',  ( 0.000000000000000000, 0.000000000000000000, 1.000000000000000000 ) ) ;
#4884 = VERTEX_POINT ( 'NONE', #5373 ) ;
#4885 = CARTESIAN_POINT ( 'NONE',  ( -4.959999999999995524, 0.000000000000000000, -15.49999999999999645 ) ) ;
#4886 = ORIENTED_EDGE ( 'NONE', *, *, #6578, .F. ) ;
#4887 = CARTESIAN_POINT ( 'NONE',  ( -33.64999999999999858, 8.599999999999999645, -10.07500000000000462 ) ) ;
#4888 =( GEOMETRIC_REPRESENTATION_CONTEXT ( 3 ) GLOBAL_UNCERTAINTY_ASSIGNED_CONTEXT ( ( #7867 ) ) GLOBAL_UNIT_ASSIGNED_CONTEXT ( ( #10144, #7207, #3980 ) ) REPRESENTATION_CONTEXT ( 'NONE', 'WORKASPACE' ) );
#4889 = ORIENTED_EDGE ( 'NONE', *, *, #9247, .F. ) ;
#4890 = CARTESIAN_POINT ( 'NONE',  ( -35.14999999999999858, 8.252863412218344408, -11.66046488354881738 ) ) ;
#4891 = FACE_OUTER_BOUND ( 'NONE', #10722, .T. ) ;
#4892 = CARTESIAN_POINT ( 'NONE',  ( -29.46000000000000085, -6.222539674441619262, -15.49999999999999645 ) ) ;
#4893 = DIRECTION ( 'NONE',  ( 0.000000000000000000, 0.000000000000000000, 1.000000000000000000 ) ) ;
#4894 = ADVANCED_FACE ( 'NONE', ( #8253 ), #10410, .F. ) ;
#4895 = DIRECTION ( 'NONE',  ( -1.000000000000000000, -0.000000000000000000, -0.000000000000000000 ) ) ;
#4896 = ORIENTED_EDGE ( 'NONE', *, *, #6949, .F. ) ;
#4897 = ORIENTED_EDGE ( 'NONE', *, *, #9886, .F. ) ;
#4898 = CARTESIAN_POINT ( 'NONE',  ( 5.200000000000002842, 0.000000000000000000, -15.49999999999999645 ) ) ;
#4899 = PLANE ( 'NONE',  #1210 ) ;
#4900 = ADVANCED_FACE ( 'NONE', ( #12126, #2160 ), #4204, .T. ) ;
#4901 = ORIENTED_EDGE ( 'NONE', *, *, #11166, .F. ) ;
#4902 = FACE_OUTER_BOUND ( 'NONE', #1464, .T. ) ;
#4903 = EDGE_CURVE ( 'NONE', #1916, #8672, #11191, .T. ) ;
#4904 = CARTESIAN_POINT ( 'NONE',  ( -29.46000000000000085, 0.000000000000000000, -15.49999999999999645 ) ) ;
#4905 = DIRECTION ( 'NONE',  ( 1.000000000000000000, 0.000000000000000000, 0.000000000000000000 ) ) ;
#4906 = CARTESIAN_POINT ( 'NONE',  ( -22.73999999999998778, 1.600000000000000089, -18.00000000000000000 ) ) ;
#4907 = VERTEX_POINT ( 'NONE', #8576 ) ;
#4908 = CARTESIAN_POINT ( 'NONE',  ( -17.66000000000000014, 0.000000000000000000, -15.49999999999999645 ) ) ;
#4909 = EDGE_CURVE ( 'NONE', #89, #4608, #3468, .T. ) ;
#4910 = VERTEX_POINT ( 'NONE', #7652 ) ;
#4911 = ORIENTED_EDGE ( 'NONE', *, *, #268, .T. ) ;
#4912 = VERTEX_POINT ( 'NONE', #9610 ) ;
#4913 = DIRECTION ( 'NONE',  ( 1.000000000000000000, 0.000000000000000000, 2.775557561562888984E-15 ) ) ;
#4914 = DIRECTION ( 'NONE',  ( 0.000000000000000000, 0.000000000000000000, -1.000000000000000000 ) ) ;
#4915 = ORIENTED_EDGE ( 'NONE', *, *, #1974, .F. ) ;
#4916 = DIRECTION ( 'NONE',  ( 0.000000000000000000, 1.000000000000000000, -0.000000000000000000 ) ) ;
#4917 = FACE_OUTER_BOUND ( 'NONE', #7043, .T. ) ;
#4918 = ORIENTED_EDGE ( 'NONE', *, *, #6509, .F. ) ;
#4919 = CARTESIAN_POINT ( 'NONE',  ( 35.35000000000000142, 8.304988543518998512, 11.66069157708424875 ) ) ;
#4920 = DIRECTION ( 'NONE',  ( 0.000000000000000000, 1.000000000000000000, 0.000000000000000000 ) ) ;
#4921 = AXIS2_PLACEMENT_3D ( 'NONE', #4178, #12167, #3193 ) ;
#4922 = EDGE_CURVE ( 'NONE', #732, #8916, #5689, .T. ) ;
#4923 = LINE ( 'NONE', #3823, #1849 ) ;
#4924 = ORIENTED_EDGE ( 'NONE', *, *, #2688, .F. ) ;
#4925 = SURFACE_STYLE_FILL_AREA ( #1857 ) ;
#4926 = ADVANCED_FACE ( 'NONE', ( #10666 ), #656, .T. ) ;
#4927 = VERTEX_POINT ( 'NONE', #528 ) ;
#4928 = ADVANCED_FACE ( 'NONE', ( #8634 ), #776, .F. ) ;
#4929 = ORIENTED_EDGE ( 'NONE', *, *, #8811, .T. ) ;
#4930 = ORIENTED_EDGE ( 'NONE', *, *, #9413, .T. ) ;
#4931 = DIRECTION ( 'NONE',  ( -0.000000000000000000, 1.000000000000000000, -0.000000000000000000 ) ) ;
#4932 = VECTOR ( 'NONE', #10787, 1000.000000000000000 ) ;
#4933 = CARTESIAN_POINT ( 'NONE',  ( -23.48000000000004306, 0.000000000000000000, -8.631984016460597151E-14 ) ) ;
#4934 = VERTEX_POINT ( 'NONE', #2746 ) ;
#4935 = CARTESIAN_POINT ( 'NONE',  ( -21.83999999999999986, -6.222539674441619262, -15.49999999999999645 ) ) ;
#4936 = ADVANCED_FACE ( 'NONE', ( #1706 ), #2561, .F. ) ;
#4937 = ORIENTED_EDGE ( 'NONE', *, *, #10671, .T. ) ;
#4938 = LINE ( 'NONE', #8924, #2266 ) ;
#4939 = DIRECTION ( 'NONE',  ( 0.000000000000000000, 1.000000000000000000, -0.000000000000000000 ) ) ;
#4940 = PLANE ( 'NONE',  #7444 ) ;
#4941 = CARTESIAN_POINT ( 'NONE',  ( -20.20000000000003837, 1.600000000000000089, -9.131584377541916332E-14 ) ) ;
#4942 = DIRECTION ( 'NONE',  ( 1.000000000000000000, 0.000000000000000000, 2.775557561562888984E-15 ) ) ;
#4943 = VECTOR ( 'NONE', #12411, 1000.000000000000000 ) ;
#4944 = ORIENTED_EDGE ( 'NONE', *, *, #5471, .F. ) ;
#4945 = CYLINDRICAL_SURFACE ( 'NONE', #5219, 1.000000000000001776 ) ;
#4946 = ORIENTED_EDGE ( 'NONE', *, *, #10774, .T. ) ;
#4947 = CIRCLE ( 'NONE', #12278, 0.5000000000000004441 ) ;
#4948 = DIRECTION ( 'NONE',  ( 1.000000000000000000, 0.000000000000000000, 2.775557561562888984E-15 ) ) ;
#4949 = DIRECTION ( 'NONE',  ( 2.775557561562888984E-15, 0.000000000000000000, -1.000000000000000000 ) ) ;
#4950 = EDGE_LOOP ( 'NONE', ( #3339, #6927, #12787, #4432, #2993 ) ) ;
#4951 = AXIS2_PLACEMENT_3D ( 'NONE', #9474, #3532, #10474 ) ;
#4952 = CARTESIAN_POINT ( 'NONE',  ( 34.98246410061022971, 8.400000000000000355, -11.55286349684611480 ) ) ;
#4953 = CARTESIAN_POINT ( 'NONE',  ( -32.00000000000000000, 0.000000000000000000, -15.49999999999999645 ) ) ;
#4954 = CARTESIAN_POINT ( 'NONE',  ( -1.520000000000000462, 1.600000000000000089, -14.59999999999999787 ) ) ;
#4955 = FILL_AREA_STYLE_COLOUR ( '', #12732 ) ;
#4956 = DIRECTION ( 'NONE',  ( -0.000000000000000000, 1.000000000000000000, -0.000000000000000000 ) ) ;
#4957 = CLOSED_SHELL ( 'NONE', ( #7790, #9304, #11756, #6102, #7113, #6271, #3046, #10756, #10573, #11891, #3832, #4700, #6092, #4672, #6159, #96, #11900, #8087, #9128, #835, #9917, #4098, #3162, #11710, #10676, #4117, #8997, #8614, #1032, #9682, #11904, #5212, #7122, #1180, #7691, #9421, #2320, #8894, #1428, #904, #8519, #11172, #11702, #1730, #5643, #8008, #10596, #5986, #5734, #11862, #5278, #3351, #11627, #9534, #2879, #8469, #2422, #5034, #1234, #11260, #12901, #11307, #4936, #4379, #2678, #2217, #6358, #5077, #3954, #7348, #1621, #1151, #3181, #10368, #2782, #5688, #5933, #4356, #1758, #6557, #12600, #6664, #1852, #4454, #8042, #273, #2316, #7078, #5892, #846, #2836, #4687, #2305, #8364 ) ) ;
#4958 = ORIENTED_EDGE ( 'NONE', *, *, #3627, .T. ) ;
#4959 = VECTOR ( 'NONE', #4717, 1000.000000000000000 ) ;
#4960 = AXIS2_PLACEMENT_3D ( 'NONE', #6033, #8980, #7933 ) ;
#4961 = VERTEX_POINT ( 'NONE', #10720 ) ;
#4962 = VECTOR ( 'NONE', #8353, 1000.000000000000000 ) ;
#4963 = EDGE_CURVE ( 'NONE', #5088, #4448, #11586, .T. ) ;
#4964 = CARTESIAN_POINT ( 'NONE',  ( -34.98222040359949858, 8.400000000000000355, 11.55246666847519244 ) ) ;
#4965 = VECTOR ( 'NONE', #10276, 1000.000000000000000 ) ;
#4966 = CARTESIAN_POINT ( 'NONE',  ( 37.70000000000032969, 1.600000000000000089, 15.69999999999999929 ) ) ;
#4967 = ORIENTED_EDGE ( 'NONE', *, *, #5533, .T. ) ;
#4968 = CARTESIAN_POINT ( 'NONE',  ( -11.67999999999999972, -6.222539674441619262, -14.99999999999999822 ) ) ;
#4969 = EDGE_CURVE ( 'NONE', #8871, #7911, #2505, .T. ) ;
#4970 = DIRECTION ( 'NONE',  ( 0.7071067811865546782, 0.000000000000000000, -0.7071067811865403563 ) ) ;
#4971 = CIRCLE ( 'NONE', #6848, 2.199999999999998845 ) ;
#4972 = DIRECTION ( 'NONE',  ( 0.000000000000000000, 1.000000000000000000, 0.000000000000000000 ) ) ;
#4973 = VECTOR ( 'NONE', #6896, 1000.000000000000000 ) ;
#4974 = DIRECTION ( 'NONE',  ( 0.000000000000000000, 0.000000000000000000, 1.000000000000000000 ) ) ;
#4975 = AXIS2_PLACEMENT_3D ( 'NONE', #8910, #6884, #12924 ) ;
#4976 = EDGE_CURVE ( 'NONE', #2567, #6055, #8693, .T. ) ;
#4977 = ORIENTED_EDGE ( 'NONE', *, *, #11728, .T. ) ;
#4978 = CARTESIAN_POINT ( 'NONE',  ( 37.70000000000032969, 0.000000000000000000, 17.89999999999999858 ) ) ;
#4979 = AXIS2_PLACEMENT_3D ( 'NONE', #5917, #9897, #5128 ) ;
#4980 = EDGE_CURVE ( 'NONE', #11785, #3636, #6488, .T. ) ;
#4981 = VECTOR ( 'NONE', #8309, 1000.000000000000000 ) ;
#4982 = ORIENTED_EDGE ( 'NONE', *, *, #4963, .T. ) ;
#4983 = ORIENTED_EDGE ( 'NONE', *, *, #11876, .F. ) ;
#4984 = ORIENTED_EDGE ( 'NONE', *, *, #1525, .F. ) ;
#4985 = LINE ( 'NONE', #3015, #4233 ) ;
#4986 = CARTESIAN_POINT ( 'NONE',  ( -32.89999999999999147, -6.222539674441619262, -18.00000000000000000 ) ) ;
#4987 = VERTEX_POINT ( 'NONE', #10482 ) ;
#4988 = DIRECTION ( 'NONE',  ( 1.000000000000000000, -2.775557561563175735E-15, 0.000000000000000000 ) ) ;
#4989 = LINE ( 'NONE', #11135, #12035 ) ;
#4990 = DIRECTION ( 'NONE',  ( 0.000000000000000000, 0.000000000000000000, -1.000000000000000000 ) ) ;
#4991 = ORIENTED_EDGE ( 'NONE', *, *, #1746, .F. ) ;
#4992 = AXIS2_PLACEMENT_3D ( 'NONE', #10870, #5697, #11657 ) ;
#4993 = LINE ( 'NONE', #9044, #8534 ) ;
#4994 = STYLED_ITEM ( 'NONE', ( #2632 ), #7836 ) ;
#4995 = CARTESIAN_POINT ( 'NONE',  ( -16.76000000000000156, 1.600000000000000089, -14.59999999999999787 ) ) ;
#4996 = DIRECTION ( 'NONE',  ( -0.000000000000000000, 1.000000000000000000, -0.000000000000000000 ) ) ;
#4997 = CIRCLE ( 'NONE', #2701, 1.000000000000000000 ) ;
#4998 = EDGE_LOOP ( 'NONE', ( #10481, #11059, #1537, #10824 ) ) ;
#4999 = DIRECTION ( 'NONE',  ( 0.000000000000000000, 0.000000000000000000, 1.000000000000000000 ) ) ;
#5000 = EDGE_CURVE ( 'NONE', #2968, #6199, #6593, .T. ) ;
#5001 = ORIENTED_EDGE ( 'NONE', *, *, #3786, .T. ) ;
#5002 = ORIENTED_EDGE ( 'NONE', *, *, #9630, .F. ) ;
#5003 = VECTOR ( 'NONE', #10684, 1000.000000000000000 ) ;
#5004 = ORIENTED_EDGE ( 'NONE', *, *, #12401, .F. ) ;
#5005 = DIRECTION ( 'NONE',  ( 2.775557561562888984E-15, 0.000000000000000000, -1.000000000000000000 ) ) ;
#5006 = DIRECTION ( 'NONE',  ( -1.000000000000000000, 2.569960705151068762E-15, 0.000000000000000000 ) ) ;
#5007 = VERTEX_POINT ( 'NONE', #4587 ) ;
#5008 = VECTOR ( 'NONE', #5539, 1000.000000000000114 ) ;
#5009 = EDGE_CURVE ( 'NONE', #9714, #7170, #11644, .T. ) ;
#5010 = CARTESIAN_POINT ( 'NONE',  ( 30.48000000000000043, 1.600000000000000089, -18.00000000000000000 ) ) ;
#5011 = VERTEX_POINT ( 'NONE', #12690 ) ;
#5012 = AXIS2_PLACEMENT_3D ( 'NONE', #11829, #12686, #2744 ) ;
#5013 = EDGE_CURVE ( 'NONE', #5843, #11554, #10589, .T. ) ;
#5014 = CARTESIAN_POINT ( 'NONE',  ( -3.159999999999999698, -6.222539674441619262, -15.49999999999999645 ) ) ;
#5015 = CARTESIAN_POINT ( 'NONE',  ( -25.28000000000004022, 1.600000000000000089, -9.131584377541916332E-14 ) ) ;
#5016 = CIRCLE ( 'NONE', #12342, 0.4500000000000007327 ) ;
#5017 = CARTESIAN_POINT ( 'NONE',  ( 35.35000000000000853, 7.949999999999795897, 3.750000000000000000 ) ) ;
#5018 = FACE_OUTER_BOUND ( 'NONE', #3902, .T. ) ;
#5019 = VECTOR ( 'NONE', #6823, 1000.000000000000000 ) ;
#5020 = ORIENTED_EDGE ( 'NONE', *, *, #8836, .T. ) ;
#5021 = CARTESIAN_POINT ( 'NONE',  ( -12.57999999999999829, -6.222539674441619262, -15.49999999999999645 ) ) ;
#5022 = ORIENTED_EDGE ( 'NONE', *, *, #1746, .T. ) ;
#5023 = DIRECTION ( 'NONE',  ( -1.000000000000000000, -0.000000000000000000, -0.000000000000000000 ) ) ;
#5024 = FACE_OUTER_BOUND ( 'NONE', #4040, .T. ) ;
#5025 = ORIENTED_EDGE ( 'NONE', *, *, #9180, .T. ) ;
#5026 = AXIS2_PLACEMENT_3D ( 'NONE', #5857, #8607, #12606 ) ;
#5027 = AXIS2_PLACEMENT_3D ( 'NONE', #975, #9082, #913 ) ;
#5028 = CARTESIAN_POINT ( 'NONE',  ( -8.239999999999993108, -6.222539674441619262, -18.00000000000000000 ) ) ;
#5029 = CYLINDRICAL_SURFACE ( 'NONE', #9003, 0.8999999999999980238 ) ;
#5030 = DIRECTION ( 'NONE',  ( -0.000000000000000000, 1.000000000000000000, -0.000000000000000000 ) ) ;
#5031 = CARTESIAN_POINT ( 'NONE',  ( 1.020000000000000018, 0.000000000000000000, -14.99999999999999822 ) ) ;
#5032 = EDGE_CURVE ( 'NONE', #11320, #9611, #3735, .T. ) ;
#5033 = CARTESIAN_POINT ( 'NONE',  ( 34.95000000000000284, 8.600000000000001421, -11.50000000000000000 ) ) ;
#5034 = ADVANCED_FACE ( 'NONE', ( #11716 ), #1760, .F. ) ;
#5035 = CIRCLE ( 'NONE', #1067, 0.2000000000000005107 ) ;
#5036 = FACE_OUTER_BOUND ( 'NONE', #6486, .T. ) ;
#5037 = ADVANCED_BREP_SHAPE_REPRESENTATION ( 'LCD 1602 2x16 Blue-White', ( #8035, #2640, #11228, #3669, #3507, #12230, #12408, #2564, #8058, #7763, #3446, #3424, #2845, #11506, #12322, #2662, #11202, #7097, #6994, #3656, #12185, #12071, #11310, #3554, #7134, #6895, #6956, #3771, #2584, #11284, #7836, #3744, #12520 ), #8118 ) ;
#5038 = ORIENTED_EDGE ( 'NONE', *, *, #473, .F. ) ;
#5039 = CYLINDRICAL_SURFACE ( 'NONE', #58, 0.2000000000000005107 ) ;
#5040 = DIRECTION ( 'NONE',  ( 1.000000000000000000, 0.000000000000000000, 0.000000000000000000 ) ) ;
#5041 = ORIENTED_EDGE ( 'NONE', *, *, #12659, .F. ) ;
#5042 = LINE ( 'NONE', #2943, #7543 ) ;
#5043 = DIRECTION ( 'NONE',  ( 2.775557561562888984E-15, 0.000000000000000000, -1.000000000000000000 ) ) ;
#5044 = LINE ( 'NONE', #2218, #2849 ) ;
#5045 = EDGE_CURVE ( 'NONE', #943, #11704, #5630, .T. ) ;
#5046 = DIRECTION ( 'NONE',  ( 2.775557561562888984E-15, 0.000000000000000000, -1.000000000000000000 ) ) ;
#5047 = DIRECTION ( 'NONE',  ( -0.000000000000000000, 1.000000000000000000, -0.000000000000000000 ) ) ;
#5048 = VERTEX_POINT ( 'NONE', #5747 ) ;
#5049 = LINE ( 'NONE', #1061, #11860 ) ;
#5050 = EDGE_LOOP ( 'NONE', ( #3942, #11229, #11537, #8464 ) ) ;
#5051 = FACE_OUTER_BOUND ( 'NONE', #1615, .T. ) ;
#5052 = CARTESIAN_POINT ( 'NONE',  ( -18.39999999999999147, 1.600000000000000089, -18.00000000000000000 ) ) ;
#5053 = ORIENTED_EDGE ( 'NONE', *, *, #1515, .T. ) ;
#5054 = CARTESIAN_POINT ( 'NONE',  ( -26.91999999999999815, 0.000000000000000000, -15.49999999999999645 ) ) ;
#5055 = DIRECTION ( 'NONE',  ( 0.000000000000000000, 0.000000000000000000, 1.000000000000000000 ) ) ;
#5056 = VERTEX_POINT ( 'NONE', #4845 ) ;
#5057 = LINE ( 'NONE', #2961, #4562 ) ;
#5058 = AXIS2_PLACEMENT_3D ( 'NONE', #1259, #8195, #411 ) ;
#5059 = CARTESIAN_POINT ( 'NONE',  ( -0.6200000000000025491, 0.000000000000000000, -15.49999999999999645 ) ) ;
#5060 = EDGE_CURVE ( 'NONE', #689, #4083, #1725, .T. ) ;
#5061 = LINE ( 'NONE', #4272, #11886 ) ;
#5062 = ADVANCED_FACE ( 'NONE', ( #9804 ), #6779, .T. ) ;
#5063 = VECTOR ( 'NONE', #3717, 1000.000000000000000 ) ;
#5064 = CARTESIAN_POINT ( 'NONE',  ( 34.10000000000000142, 8.599999999999999645, 9.625000000000003553 ) ) ;
#5065 = CARTESIAN_POINT ( 'NONE',  ( -35.15000000000000568, 5.700000000000255085, 4.250000000000000000 ) ) ;
#5066 = VERTEX_POINT ( 'NONE', #4898 ) ;
#5067 = VERTEX_POINT ( 'NONE', #6008 ) ;
#5068 = CARTESIAN_POINT ( 'NONE',  ( -15.12000000000004007, 1.600000000000000089, -9.131584377541916332E-14 ) ) ;
#5069 = AXIS2_PLACEMENT_3D ( 'NONE', #1890, #3, #2010 ) ;
#5070 = DIRECTION ( 'NONE',  ( -0.000000000000000000, -1.000000000000000000, 0.000000000000000000 ) ) ;
#5071 = VERTEX_POINT ( 'NONE', #1050 ) ;
#5072 = DIRECTION ( 'NONE',  ( 0.000000000000000000, 0.000000000000000000, 1.000000000000000000 ) ) ;
#5073 = EDGE_LOOP ( 'NONE', ( #10940, #11874, #10145, #5649 ) ) ;
#5074 = ADVANCED_FACE ( 'NONE', ( #12770 ), #5039, .F. ) ;
#5075 = DIRECTION ( 'NONE',  ( -0.000000000000000000, 1.000000000000000000, -0.000000000000000000 ) ) ;
#5076 = DIRECTION ( 'NONE',  ( 0.000000000000000000, 0.000000000000000000, 1.000000000000000000 ) ) ;
#5077 = ADVANCED_FACE ( 'NONE', ( #3798 ), #11911, .T. ) ;
#5078 = CARTESIAN_POINT ( 'NONE',  ( 35.14292893218813418, 8.199999999999999289, 11.70000000000000107 ) ) ;
#5079 = SURFACE_SIDE_STYLE ('',( #9062 ) ) ;
#5080 = FACE_OUTER_BOUND ( 'NONE', #6760, .T. ) ;
#5081 = EDGE_LOOP ( 'NONE', ( #10086, #6429, #4003, #5392 ) ) ;
#5082 = CARTESIAN_POINT ( 'NONE',  ( 37.70000000000000284, 0.000000000000000000, -15.69999999999999929 ) ) ;
#5083 = ORIENTED_EDGE ( 'NONE', *, *, #8934, .F. ) ;
#5084 = ADVANCED_FACE ( 'NONE', ( #9997 ), #9070, .F. ) ;
#5085 = EDGE_CURVE ( 'NONE', #5360, #3665, #1106, .T. ) ;
#5086 = DIRECTION ( 'NONE',  ( -0.000000000000000000, 1.000000000000000000, -0.000000000000000000 ) ) ;
#5087 = DIRECTION ( 'NONE',  ( 0.000000000000000000, 0.000000000000000000, 1.000000000000000000 ) ) ;
#5088 = VERTEX_POINT ( 'NONE', #8767 ) ;
#5089 = CARTESIAN_POINT ( 'NONE',  ( 35.35000000000000853, 8.305643053176602564, -11.66049060601118192 ) ) ;
#5090 = CARTESIAN_POINT ( 'NONE',  ( -40.00000000000000000, 0.000000000000000000, -18.00000000000000000 ) ) ;
#5091 = CARTESIAN_POINT ( 'NONE',  ( 0.000000000000000000, 8.500000000000000000, 9.075000000000002842 ) ) ;
#5092 = SURFACE_STYLE_USAGE ( .BOTH. , #2001 ) ;
#5093 = CARTESIAN_POINT ( 'NONE',  ( 20.32000000000000028, 0.000000000000000000, 0.000000000000000000 ) ) ;
#5094 = EDGE_CURVE ( 'NONE', #2756, #2657, #3922, .T. ) ;
#5095 = EDGE_LOOP ( 'NONE', ( #5229, #6080, #12568, #6955 ) ) ;
#5096 = STYLED_ITEM ( 'NONE', ( #7663 ), #3507 ) ;
#5097 = PLANE ( 'NONE',  #10854 ) ;
#5098 = ORIENTED_EDGE ( 'NONE', *, *, #10994, .T. ) ;
#5099 = EDGE_CURVE ( 'NONE', #2778, #2358, #972, .T. ) ;
#5100 = CARTESIAN_POINT ( 'NONE',  ( 34.20208152801715329, 0.000000000000000000, 10.68933982822018258 ) ) ;
#5101 = LINE ( 'NONE', #11178, #10800 ) ;
#5102 = ORIENTED_EDGE ( 'NONE', *, *, #8585, .T. ) ;
#5103 = DIRECTION ( 'NONE',  ( 0.000000000000000000, 0.000000000000000000, -1.000000000000000000 ) ) ;
#5104 = DIRECTION ( 'NONE',  ( 0.000000000000000000, 1.000000000000000000, -0.000000000000000000 ) ) ;
#5105 = ADVANCED_FACE ( 'NONE', ( #2997 ), #9022, .T. ) ;
#5106 = B_SPLINE_CURVE_WITH_KNOTS ( 'NONE', 3,
 ( #10422, #10488, #4525, #1388, #5382, #2624 ),
 .UNSPECIFIED., .F., .F.,
 ( 4, 2, 4 ),
 ( 0.000000000000000000, 0.0001829148252455394430, 0.0003658296504910788860 ),
 .UNSPECIFIED. ) ;
#5107 = CARTESIAN_POINT ( 'NONE',  ( -25.27999999999999758, 1.600000000000000089, -15.49999999999999645 ) ) ;
#5108 = PLANE ( 'NONE',  #5618 ) ;
#5109 = LINE ( 'NONE', #11265, #5624 ) ;
#5110 = ORIENTED_EDGE ( 'NONE', *, *, #452, .F. ) ;
#5111 = DIRECTION ( 'NONE',  ( 0.000000000000000000, 1.000000000000000000, -0.000000000000000000 ) ) ;
#5112 = EDGE_LOOP ( 'NONE', ( #11683, #12403, #1335, #11730 ) ) ;
#5113 = CARTESIAN_POINT ( 'NONE',  ( 35.14292893218813418, 8.200000000000002842, 11.90000000000000036 ) ) ;
#5114 = DIRECTION ( 'NONE',  ( 2.775557561562888984E-15, 0.000000000000000000, -1.000000000000000000 ) ) ;
#5115 = ORIENTED_EDGE ( 'NONE', *, *, #1535, .T. ) ;
#5116 = PRESENTATION_STYLE_ASSIGNMENT (( #6030 ) ) ;
#5117 = DIRECTION ( 'NONE',  ( -0.000000000000000000, 1.000000000000000000, -0.000000000000000000 ) ) ;
#5118 = CARTESIAN_POINT ( 'NONE',  ( -13.32000000000000206, -6.222539674441619262, -15.49999999999999645 ) ) ;
#5119 = ORIENTED_EDGE ( 'NONE', *, *, #12427, .F. ) ;
#5120 = DIRECTION ( 'NONE',  ( -0.000000000000000000, 1.000000000000000000, -0.000000000000000000 ) ) ;
#5121 = DIRECTION ( 'NONE',  ( 0.000000000000000000, 1.000000000000000000, 0.000000000000000000 ) ) ;
#5122 = CARTESIAN_POINT ( 'NONE',  ( 0.9899494936611643592, 0.000000000000000000, -10.61862915010153863 ) ) ;
#5123 = DIRECTION ( 'NONE',  ( 0.000000000000000000, 0.000000000000000000, 1.000000000000000000 ) ) ;
#5124 = SURFACE_STYLE_USAGE ( .BOTH. , #1272 ) ;
#5125 = ORIENTED_EDGE ( 'NONE', *, *, #7618, .F. ) ;
#5126 = ORIENTED_EDGE ( 'NONE', *, *, #1886, .F. ) ;
#5127 = CARTESIAN_POINT ( 'NONE',  ( -11.67999999999999972, 1.600000000000000089, -15.99999999999999645 ) ) ;
#5128 = DIRECTION ( 'NONE',  ( 2.775557561562888984E-15, 0.000000000000000000, -1.000000000000000000 ) ) ;
#5129 = VERTEX_POINT ( 'NONE', #7048 ) ;
#5130 = CARTESIAN_POINT ( 'NONE',  ( -31.10000000000004405, -6.222539674441619262, -8.631984016460597151E-14 ) ) ;
#5131 = EDGE_CURVE ( 'NONE', #10935, #11887, #2086, .T. ) ;
#5132 = CARTESIAN_POINT ( 'NONE',  ( -34.95000000000000284, 8.400000000000000355, -11.49999999999999645 ) ) ;
#5133 = ORIENTED_EDGE ( 'NONE', *, *, #4772, .F. ) ;
#5134 = CARTESIAN_POINT ( 'NONE',  ( -35.15000000000000568, 82.49217232609667860, -11.70000000000002416 ) ) ;
#5135 = ADVANCED_FACE ( 'NONE', ( #4312 ), #260, .T. ) ;
#5136 = CYLINDRICAL_SURFACE ( 'NONE', #1596, 1.399999999999995026 ) ;
#5137 = LINE ( 'NONE', #102, #11482 ) ;
#5138 = CARTESIAN_POINT ( 'NONE',  ( 33.80000000000000426, 6.899999999999999467, 7.250000000000006217 ) ) ;
#5139 = VERTEX_POINT ( 'NONE', #7246 ) ;
#5140 = LINE ( 'NONE', #12284, #7929 ) ;
#5141 = VECTOR ( 'NONE', #9273, 1000.000000000000000 ) ;
#5142 = ORIENTED_EDGE ( 'NONE', *, *, #8678, .F. ) ;
#5143 = EDGE_CURVE ( 'NONE', #8834, #9991, #8611, .T. ) ;
#5144 = CARTESIAN_POINT ( 'NONE',  ( -1.520000000000000462, 1.600000000000000089, -14.99999999999999822 ) ) ;
#5145 = CARTESIAN_POINT ( 'NONE',  ( 1.020000000000000018, 0.000000000000000000, -14.59999999999999787 ) ) ;
#5146 = AXIS2_PLACEMENT_3D ( 'NONE', #3156, #6153, #1188 ) ;
#5147 = CARTESIAN_POINT ( 'NONE',  ( 34.94999999999999574, 8.400000000000000355, -11.50000000000000178 ) ) ;
#5148 = CYLINDRICAL_SURFACE ( 'NONE', #12548, 0.4999999999999987232 ) ;
#5149 = LINE ( 'NONE', #2198, #12656 ) ;
#5150 = VECTOR ( 'NONE', #10098, 1000.000000000000000 ) ;
#5151 = CARTESIAN_POINT ( 'NONE',  ( 37.70000000000032969, 0.000000000000000000, 15.69999999999999929 ) ) ;
#5152 = CARTESIAN_POINT ( 'NONE',  ( -31.09999999999999432, 0.000000000000000000, -18.00000000000000000 ) ) ;
#5153 = AXIS2_PLACEMENT_3D ( 'NONE', #4683, #10569, #9647 ) ;
#5154 = CYLINDRICAL_SURFACE ( 'NONE', #10222, 0.8999999999999980238 ) ;
#5155 = VECTOR ( 'NONE', #10868, 1000.000000000000000 ) ;
#5156 = ORIENTED_EDGE ( 'NONE', *, *, #12775, .T. ) ;
#5157 = AXIS2_PLACEMENT_3D ( 'NONE', #958, #4038, #8088 ) ;
#5158 = DIRECTION ( 'NONE',  ( -1.000000000000000000, 0.000000000000000000, -0.000000000000000000 ) ) ;
#5159 = CARTESIAN_POINT ( 'NONE',  ( 34.80000000000000426, 8.400000000000000355, 6.250000000000006217 ) ) ;
#5160 = VERTEX_POINT ( 'NONE', #1112 ) ;
#5161 = CARTESIAN_POINT ( 'NONE',  ( -33.79999999999999005, 8.400000000000000355, -7.249999999999994671 ) ) ;
#5162 = CARTESIAN_POINT ( 'NONE',  ( -35.14292893218813418, 8.400000000000000355, 11.90000000000000036 ) ) ;
#5163 = VECTOR ( 'NONE', #9305, 1000.000000000000000 ) ;
#5164 = EDGE_CURVE ( 'NONE', #7212, #6107, #9225, .T. ) ;
#5165 = LINE ( 'NONE', #979, #6600 ) ;
#5166 = ADVANCED_FACE ( 'NONE', ( #1368 ), #2211, .T. ) ;
#5167 = VECTOR ( 'NONE', #8568, 1000.000000000000000 ) ;
#5168 = PLANE ( 'NONE',  #7918 ) ;
#5169 = AXIS2_PLACEMENT_3D ( 'NONE', #9017, #1107, #252 ) ;
#5170 = CARTESIAN_POINT ( 'NONE',  ( 33.80000000000000426, 7.399999999999999467, -7.249999999999996447 ) ) ;
#5171 = AXIS2_PLACEMENT_3D ( 'NONE', #1683, #8612, #10637 ) ;
#5172 = EDGE_CURVE ( 'NONE', #7119, #12311, #7326, .T. ) ;
#5173 = VECTOR ( 'NONE', #4378, 1000.000000000000000 ) ;
#5174 = ORIENTED_EDGE ( 'NONE', *, *, #6470, .F. ) ;
#5175 = CARTESIAN_POINT ( 'NONE',  ( 1.919999999999956408, 0.000000000000000000, -8.631984016460597151E-14 ) ) ;
#5176 = VECTOR ( 'NONE', #12771, 1000.000000000000000 ) ;
#5177 = EDGE_LOOP ( 'NONE', ( #1808, #12270, #4858, #8199 ) ) ;
#5178 = DIRECTION ( 'NONE',  ( -0.000000000000000000, -1.000000000000000000, 0.000000000000000000 ) ) ;
#5179 = AXIS2_PLACEMENT_3D ( 'NONE', #6745, #6558, #8717 ) ;
#5180 = ORIENTED_EDGE ( 'NONE', *, *, #5544, .T. ) ;
#5181 = PLANE ( 'NONE',  #5311 ) ;
#5182 = DIRECTION ( 'NONE',  ( 0.000000000000000000, -1.000000000000000000, 0.000000000000000000 ) ) ;
#5183 = ORIENTED_EDGE ( 'NONE', *, *, #285, .T. ) ;
#5184 = LINE ( 'NONE', #8138, #6032 ) ;
#5185 = AXIS2_PLACEMENT_3D ( 'NONE', #2770, #8794, #7801 ) ;
#5186 = VECTOR ( 'NONE', #7292, 1000.000000000000000 ) ;
#5187 = LINE ( 'NONE', #12396, #10199 ) ;
#5188 = EDGE_CURVE ( 'NONE', #12048, #4185, #5298, .T. ) ;
#5189 = CARTESIAN_POINT ( 'NONE',  ( 1.920000000000005036, -6.222539674441619262, -18.00000000000000000 ) ) ;
#5190 = VECTOR ( 'NONE', #7540, 1000.000000000000000 ) ;
#5191 = CARTESIAN_POINT ( 'NONE',  ( 35.14999999999999858, 8.199999999999999289, 11.50000000000002487 ) ) ;
#5192 = ADVANCED_FACE ( 'NONE', ( #10264 ), #6278, .F. ) ;
#5193 = VERTEX_POINT ( 'NONE', #11324 ) ;
#5194 = VERTEX_POINT ( 'NONE', #326 ) ;
#5195 = CIRCLE ( 'NONE', #802, 0.2000000000000005107 ) ;
#5196 = VERTEX_POINT ( 'NONE', #1169 ) ;
#5197 = CARTESIAN_POINT ( 'NONE',  ( -29.46000000000000085, -6.222539674441619262, -14.59999999999999787 ) ) ;
#5198 = CIRCLE ( 'NONE', #10619, 0.4500000000000007327 ) ;
#5199 = CARTESIAN_POINT ( 'NONE',  ( 0.9899494936611643592, -16.60000000000000497, -10.61862915010153863 ) ) ;
#5200 = ORIENTED_EDGE ( 'NONE', *, *, #12865, .T. ) ;
#5201 = DIRECTION ( 'NONE',  ( 0.000000000000000000, 0.000000000000000000, -1.000000000000000000 ) ) ;
#5202 = AXIS2_PLACEMENT_3D ( 'NONE', #10434, #9194, #2446 ) ;
#5203 = CARTESIAN_POINT ( 'NONE',  ( -35.12869423227496668, 8.304061888614167941, -11.62887356333951772 ) ) ;
#5204 = VERTEX_POINT ( 'NONE', #12308 ) ;
#5205 = DIRECTION ( 'NONE',  ( 0.000000000000000000, 0.000000000000000000, 1.000000000000000000 ) ) ;
#5206 = LINE ( 'NONE', #9203, #7649 ) ;
#5207 = DIRECTION ( 'NONE',  ( 0.000000000000000000, 3.571489509364048017E-15, -1.000000000000000000 ) ) ;
#5208 = CARTESIAN_POINT ( 'NONE',  ( -5.700000000000041922, 0.000000000000000000, -8.631984016460597151E-14 ) ) ;
#5209 = CIRCLE ( 'NONE', #12733, 0.8999999999999980238 ) ;
#5210 = ORIENTED_EDGE ( 'NONE', *, *, #5143, .F. ) ;
#5211 = CARTESIAN_POINT ( 'NONE',  ( 0.9899494936611643592, -16.60000000000000497, -10.61862915010153863 ) ) ;
#5212 = ADVANCED_FACE ( 'NONE', ( #2356 ), #11384, .T. ) ;
#5213 = ORIENTED_EDGE ( 'NONE', *, *, #7504, .T. ) ;
#5214 = ADVANCED_FACE ( 'NONE', ( #8180 ), #4190, .F. ) ;
#5215 = DIRECTION ( 'NONE',  ( 2.453639994309486675E-17, -1.000000000000000000, 3.571489509364004629E-15 ) ) ;
#5216 = CARTESIAN_POINT ( 'NONE',  ( -28.56000000000000227, -6.222539674441619262, -15.49999999999999645 ) ) ;
#5217 = ORIENTED_EDGE ( 'NONE', *, *, #9815, .F. ) ;
#5218 = VECTOR ( 'NONE', #2846, 1000.000000000000000 ) ;
#5219 = AXIS2_PLACEMENT_3D ( 'NONE', #3841, #2067, #2920 ) ;
#5220 =( NAMED_UNIT ( * ) SI_UNIT ( $, .STERADIAN. ) SOLID_ANGLE_UNIT ( ) );
#5221 = CARTESIAN_POINT ( 'NONE',  ( -19.29999999999999716, 0.000000000000000000, -15.49999999999999645 ) ) ;
#5222 = DIRECTION ( 'NONE',  ( 0.000000000000000000, 0.000000000000000000, 1.000000000000000000 ) ) ;
#5223 = CIRCLE ( 'NONE', #830, 0.4999999999999987232 ) ;
#5224 = CARTESIAN_POINT ( 'NONE',  ( -4.059999999999997833, 0.000000000000000000, -15.49999999999999645 ) ) ;
#5225 = VECTOR ( 'NONE', #843, 1000.000000000000000 ) ;
#5226 = DIRECTION ( 'NONE',  ( 0.000000000000000000, 1.000000000000000000, 0.000000000000000000 ) ) ;
#5227 = AXIS2_PLACEMENT_3D ( 'NONE', #10084, #2239, #8206 ) ;
#5228 = ORIENTED_EDGE ( 'NONE', *, *, #3784, .T. ) ;
#5229 = ORIENTED_EDGE ( 'NONE', *, *, #2557, .T. ) ;
#5230 = UNCERTAINTY_MEASURE_WITH_UNIT (LENGTH_MEASURE( 1.000000000000000082E-05 ), #10491, 'distance_accuracy_value', 'NONE');
#5231 = DIRECTION ( 'NONE',  ( -1.000000000000000000, 0.000000000000000000, -0.000000000000000000 ) ) ;
#5232 = EDGE_LOOP ( 'NONE', ( #9847, #4500, #7074, #2629 ) ) ;
#5233 = VECTOR ( 'NONE', #8582, 1000.000000000000000 ) ;
#5234 = ORIENTED_EDGE ( 'NONE', *, *, #12213, .F. ) ;
#5235 = CARTESIAN_POINT ( 'NONE',  ( 6.100000000000001421, -6.222539674441619262, -15.49999999999999645 ) ) ;
#5236 = DIRECTION ( 'NONE',  ( 0.000000000000000000, 0.000000000000000000, 1.000000000000000000 ) ) ;
#5237 = ORIENTED_EDGE ( 'NONE', *, *, #7880, .F. ) ;
#5238 = VECTOR ( 'NONE', #3427, 1000.000000000000000 ) ;
#5239 = CARTESIAN_POINT ( 'NONE',  ( 34.95000000000000284, 8.601999999999998536, -11.50000000000000355 ) ) ;
#5240 = DIRECTION ( 'NONE',  ( -0.000000000000000000, -1.000000000000000000, 0.000000000000000000 ) ) ;
#5241 = DIRECTION ( 'NONE',  ( 1.000000000000000000, 0.000000000000000000, 0.000000000000000000 ) ) ;
#5242 = EDGE_CURVE ( 'NONE', #3916, #1856, #12176, .T. ) ;
#5243 = AXIS2_PLACEMENT_3D ( 'NONE', #3140, #5103, #68 ) ;
#5244 = CARTESIAN_POINT ( 'NONE',  ( -25.27999999999999758, -6.222539674441619262, -15.49999999999999645 ) ) ;
#5245 = DIRECTION ( 'NONE',  ( 0.000000000000000000, 1.000000000000000000, 0.000000000000000000 ) ) ;
#5246 = EDGE_CURVE ( 'NONE', #3158, #7992, #8451, .T. ) ;
#5247 = ORIENTED_EDGE ( 'NONE', *, *, #11768, .T. ) ;
#5248 = CARTESIAN_POINT ( 'NONE',  ( 4.460000000000001741, 0.000000000000000000, -18.00000000000000000 ) ) ;
#5249 = EDGE_CURVE ( 'NONE', #3235, #4111, #10701, .T. ) ;
#5250 = EDGE_CURVE ( 'NONE', #9760, #10150, #7388, .T. ) ;
#5251 = ORIENTED_EDGE ( 'NONE', *, *, #6351, .F. ) ;
#5252 = CARTESIAN_POINT ( 'NONE',  ( -35.14292893218813418, 1.600000000000062261, -11.70000000000002416 ) ) ;
#5253 = LINE ( 'NONE', #478, #1003 ) ;
#5254 = ORIENTED_EDGE ( 'NONE', *, *, #7703, .F. ) ;
#5255 = DIRECTION ( 'NONE',  ( 0.000000000000000000, 0.000000000000000000, 1.000000000000000000 ) ) ;
#5256 = DIRECTION ( 'NONE',  ( 0.000000000000000000, 1.000000000000000000, 0.000000000000000000 ) ) ;
#5257 = ORIENTED_EDGE ( 'NONE', *, *, #8044, .T. ) ;
#5258 = CARTESIAN_POINT ( 'NONE',  ( 34.95000000000000284, 8.399999999999998579, 11.50000000000000178 ) ) ;
#5259 = AXIS2_PLACEMENT_3D ( 'NONE', #2565, #9484, #10723 ) ;
#5260 = FACE_OUTER_BOUND ( 'NONE', #3753, .T. ) ;
#5261 = EDGE_CURVE ( 'NONE', #5432, #5777, #3260, .T. ) ;
#5262 = DIRECTION ( 'NONE',  ( 0.000000000000000000, 1.000000000000000000, 0.000000000000000000 ) ) ;
#5263 = PRESENTATION_STYLE_ASSIGNMENT (( #5124 ) ) ;
#5264 = EDGE_LOOP ( 'NONE', ( #10130, #11424, #1738, #10285 ) ) ;
#5265 = SURFACE_STYLE_USAGE ( .BOTH. , #5931 ) ;
#5266 = VERTEX_POINT ( 'NONE', #7123 ) ;
#5267 = VERTEX_POINT ( 'NONE', #4450 ) ;
#5268 = CARTESIAN_POINT ( 'NONE',  ( -34.10000000000000142, 8.500000000000000000, 0.000000000000000000 ) ) ;
#5269 = DIRECTION ( 'NONE',  ( 0.000000000000000000, 1.000000000000000000, 0.000000000000000000 ) ) ;
#5270 = ORIENTED_EDGE ( 'NONE', *, *, #4456, .F. ) ;
#5271 = CARTESIAN_POINT ( 'NONE',  ( 34.20208152801715329, -2.399999999999999467, 10.68933982822018258 ) ) ;
#5272 = EDGE_CURVE ( 'NONE', #2812, #2069, #5495, .T. ) ;
#5273 = DIRECTION ( 'NONE',  ( -0.000000000000000000, -1.000000000000000000, 0.000000000000000000 ) ) ;
#5274 = ORIENTED_EDGE ( 'NONE', *, *, #10860, .T. ) ;
#5275 = DIRECTION ( 'NONE',  ( 0.000000000000000000, -0.000000000000000000, -1.000000000000000000 ) ) ;
#5276 = DIRECTION ( 'NONE',  ( 2.655529440325975057E-31, -6.123233995736766036E-17, -1.000000000000000000 ) ) ;
#5277 = FACE_OUTER_BOUND ( 'NONE', #2918, .T. ) ;
#5278 = ADVANCED_FACE ( 'NONE', ( #2737 ), #11578, .F. ) ;
#5279 = LINE ( 'NONE', #1410, #8315 ) ;
#5280 = VECTOR ( 'NONE', #7523, 999.9999999999998863 ) ;
#5281 = CARTESIAN_POINT ( 'NONE',  ( 3.560000000000000497, 1.600000000000000089, -15.49999999999999645 ) ) ;
#5282 = VERTEX_POINT ( 'NONE', #7585 ) ;
#5283 = DIRECTION ( 'NONE',  ( 1.000000000000000000, 0.000000000000000000, 2.775557561562888984E-15 ) ) ;
#5284 = ORIENTED_EDGE ( 'NONE', *, *, #10533, .F. ) ;
#5285 = FACE_BOUND ( 'NONE', #9219, .T. ) ;
#5286 = DIRECTION ( 'NONE',  ( 0.000000000000000000, 1.000000000000000000, 0.000000000000000000 ) ) ;
#5287 = ORIENTED_EDGE ( 'NONE', *, *, #10917, .F. ) ;
#5288 =( NAMED_UNIT ( * ) SI_UNIT ( $, .STERADIAN. ) SOLID_ANGLE_UNIT ( ) );
#5289 = CARTESIAN_POINT ( 'NONE',  ( -35.35000000000000142, 8.304988543518998512, -11.66069157708424875 ) ) ;
#5290 = DIRECTION ( 'NONE',  ( 0.000000000000000000, 1.000000000000000000, -0.000000000000000000 ) ) ;
#5291 = CARTESIAN_POINT ( 'NONE',  ( -35.11049060601118299, 8.305643053176602564, -11.90000000000000213 ) ) ;
#5292 = CARTESIAN_POINT ( 'NONE',  ( -4.959999999999988418, 1.600000000000000089, -18.00000000000000000 ) ) ;
#5293 = VERTEX_POINT ( 'NONE', #6583 ) ;
#5294 = ORIENTED_EDGE ( 'NONE', *, *, #7161, .F. ) ;
#5295 = VECTOR ( 'NONE', #3233, 1000.000000000000000 ) ;
#5296 = ORIENTED_EDGE ( 'NONE', *, *, #5322, .F. ) ;
#5297 = VERTEX_POINT ( 'NONE', #5679 ) ;
#5298 = LINE ( 'NONE', #9284, #4017 ) ;
#5299 = FACE_OUTER_BOUND ( 'NONE', #1979, .T. ) ;
#5300 = ORIENTED_EDGE ( 'NONE', *, *, #5322, .T. ) ;
#5301 = CARTESIAN_POINT ( 'NONE',  ( 35.35000000000000142, 8.304988543519002064, -11.66069157708424875 ) ) ;
#5302 = CARTESIAN_POINT ( 'NONE',  ( -32.00000000000000000, -6.222539674441619262, -15.49999999999999645 ) ) ;
#5303 = DIRECTION ( 'NONE',  ( -0.000000000000000000, 0.000000000000000000, 1.000000000000000000 ) ) ;
#5304 = EDGE_CURVE ( 'NONE', #11243, #1362, #10579, .T. ) ;
#5305 = MECHANICAL_DESIGN_GEOMETRIC_PRESENTATION_REPRESENTATION (  '', ( #5096 ), #10096 ) ;
#5306 = DIRECTION ( 'NONE',  ( 0.7071067811865501263, 0.000000000000000000, 0.7071067811865449082 ) ) ;
#5307 = CYLINDRICAL_SURFACE ( 'NONE', #12957, 0.8999999999999980238 ) ;
#5308 = ORIENTED_EDGE ( 'NONE', *, *, #8673, .T. ) ;
#5309 = CARTESIAN_POINT ( 'NONE',  ( -37.70000000000000284, 0.000000000000000000, -13.50000000000000000 ) ) ;
#5310 = EDGE_CURVE ( 'NONE', #10894, #8208, #3596, .T. ) ;
#5311 = AXIS2_PLACEMENT_3D ( 'NONE', #7343, #8449, #6491 ) ;
#5312 = MECHANICAL_DESIGN_GEOMETRIC_PRESENTATION_REPRESENTATION (  '', ( #12216 ), #10530 ) ;
#5313 = ADVANCED_FACE ( 'NONE', ( #9659 ), #5433, .F. ) ;
#5314 = ORIENTED_EDGE ( 'NONE', *, *, #1406, .F. ) ;
#5315 = DIRECTION ( 'NONE',  ( 2.775557561562888984E-15, 0.000000000000000000, -1.000000000000000000 ) ) ;
#5316 = FILL_AREA_STYLE_COLOUR ( '', #7290 ) ;
#5317 = EDGE_LOOP ( 'NONE', ( #8966, #11913, #11351 ) ) ;
#5318 = LINE ( 'NONE', #341, #2355 ) ;
#5319 = DIRECTION ( 'NONE',  ( 0.000000000000000000, 0.000000000000000000, -1.000000000000000000 ) ) ;
#5320 = ORIENTED_EDGE ( 'NONE', *, *, #47, .T. ) ;
#5321 = FACE_OUTER_BOUND ( 'NONE', #3704, .T. ) ;
#5322 = EDGE_CURVE ( 'NONE', #9398, #9343, #5890, .T. ) ;
#5323 = CARTESIAN_POINT ( 'NONE',  ( -34.95000000000000995, 8.199999999999999289, -11.50000000000002487 ) ) ;
#5324 = AXIS2_PLACEMENT_3D ( 'NONE', #493, #8272, #12348 ) ;
#5325 = DIRECTION ( 'NONE',  ( 0.000000000000000000, 0.000000000000000000, 1.000000000000000000 ) ) ;
#5326 = EDGE_LOOP ( 'NONE', ( #1600, #612, #7931, #6364 ) ) ;
#5327 = CARTESIAN_POINT ( 'NONE',  ( -34.79999999999999005, 8.400000000000000355, -6.249999999999994671 ) ) ;
#5328 = ORIENTED_EDGE ( 'NONE', *, *, #2650, .F. ) ;
#5329 = CARTESIAN_POINT ( 'NONE',  ( -32.00000000000000000, 0.000000000000000000, -15.49999999999999645 ) ) ;
#5330 = SURFACE_SIDE_STYLE ('',( #12346 ) ) ;
#5331 = ORIENTED_EDGE ( 'NONE', *, *, #10626, .T. ) ;
#5332 = LINE ( 'NONE', #5524, #10310 ) ;
#5333 = CARTESIAN_POINT ( 'NONE',  ( -12.57999999999999829, 1.600000000000000089, -15.49999999999999645 ) ) ;
#5334 = ORIENTED_EDGE ( 'NONE', *, *, #4727, .T. ) ;
#5335 = ADVANCED_FACE ( 'NONE', ( #10473 ), #7443, .T. ) ;
#5336 = FACE_BOUND ( 'NONE', #3863, .T. ) ;
#5337 = DIRECTION ( 'NONE',  ( 0.000000000000000000, 0.000000000000000000, 1.000000000000000000 ) ) ;
#5338 = DIRECTION ( 'NONE',  ( 0.000000000000000000, 0.000000000000000000, 1.000000000000000000 ) ) ;
#5339 = EDGE_CURVE ( 'NONE', #4870, #6046, #2760, .T. ) ;
#5340 = CARTESIAN_POINT ( 'NONE',  ( 35.14292893218813418, 8.400000000000000355, -11.50000000000000000 ) ) ;
#5341 = ORIENTED_EDGE ( 'NONE', *, *, #2003, .F. ) ;
#5342 = DIRECTION ( 'NONE',  ( -0.000000000000000000, 1.000000000000000000, -0.000000000000000000 ) ) ;
#5343 = EDGE_CURVE ( 'NONE', #8551, #10935, #11750, .T. ) ;
#5344 = ORIENTED_EDGE ( 'NONE', *, *, #5898, .T. ) ;
#5345 = CARTESIAN_POINT ( 'NONE',  ( 0.000000000000000000, 1.600000000000000089, 0.000000000000000000 ) ) ;
#5346 = DIRECTION ( 'NONE',  ( -0.000000000000000000, 1.000000000000000000, -0.000000000000000000 ) ) ;
#5347 = ORIENTED_EDGE ( 'NONE', *, *, #2182, .F. ) ;
#5348 = SURFACE_STYLE_FILL_AREA ( #2196 ) ;
#5349 = DIRECTION ( 'NONE',  ( 2.775557561562888984E-15, 0.000000000000000000, -1.000000000000000000 ) ) ;
#5350 = CYLINDRICAL_SURFACE ( 'NONE', #2201, 0.4999999999999987232 ) ;
#5351 = CARTESIAN_POINT ( 'NONE',  ( 40.00000000000000000, 0.000000000000000000, -18.00000000000000000 ) ) ;
#5352 = AXIS2_PLACEMENT_3D ( 'NONE', #188, #4374, #5222 ) ;
#5353 = FILL_AREA_STYLE_COLOUR ( '', #10375 ) ;
#5354 = ORIENTED_EDGE ( 'NONE', *, *, #714, .T. ) ;
#5355 = ORIENTED_EDGE ( 'NONE', *, *, #724, .F. ) ;
#5356 = DIRECTION ( 'NONE',  ( -1.000000000000000000, 2.569960705151068762E-15, 0.000000000000000000 ) ) ;
#5357 = CIRCLE ( 'NONE', #5555, 0.5000000000000004441 ) ;
#5358 = CARTESIAN_POINT ( 'NONE',  ( -13.32000000000004292, 1.600000000000000089, -8.631984016460597151E-14 ) ) ;
#5359 = EDGE_CURVE ( 'NONE', #7810, #10394, #8492, .T. ) ;
#5360 = VERTEX_POINT ( 'NONE', #12569 ) ;
#5361 = CARTESIAN_POINT ( 'NONE',  ( -24.37999999999999901, 0.000000000000000000, -15.49999999999999645 ) ) ;
#5362 = CIRCLE ( 'NONE', #3685, 1.000000000000001776 ) ;
#5363 = LINE ( 'NONE', #12382, #9363 ) ;
#5364 = DIRECTION ( 'NONE',  ( 0.000000000000000000, 0.000000000000000000, 1.000000000000000000 ) ) ;
#5365 = VECTOR ( 'NONE', #2545, 1000.000000000000000 ) ;
#5366 = DIRECTION ( 'NONE',  ( 0.000000000000000000, 0.000000000000000000, -1.000000000000000000 ) ) ;
#5367 = AXIS2_PLACEMENT_3D ( 'NONE', #9428, #9231, #9290 ) ;
#5368 = DIRECTION ( 'NONE',  ( 3.491481338843133355E-15, -1.000000000000000000, 0.000000000000000000 ) ) ;
#5369 = VECTOR ( 'NONE', #3579, 1000.000000000000000 ) ;
#5370 = ADVANCED_FACE ( 'NONE', ( #10395 ), #3459, .T. ) ;
#5371 = ORIENTED_EDGE ( 'NONE', *, *, #12605, .T. ) ;
#5372 = EDGE_CURVE ( 'NONE', #12388, #5297, #9599, .T. ) ;
#5373 = CARTESIAN_POINT ( 'NONE',  ( 35.14292893218813418, 8.199999999999999289, 11.70000000000000107 ) ) ;
#5374 = CARTESIAN_POINT ( 'NONE',  ( -30.35999999999999943, 0.000000000000000000, -18.00000000000000000 ) ) ;
#5375 = EDGE_LOOP ( 'NONE', ( #31, #4278, #2156, #6297 ) ) ;
#5376 = DIRECTION ( 'NONE',  ( 0.000000000000000000, 0.000000000000000000, -1.000000000000000000 ) ) ;
#5377 = FACE_OUTER_BOUND ( 'NONE', #3948, .T. ) ;
#5378 = ORIENTED_EDGE ( 'NONE', *, *, #11376, .F. ) ;
#5379 = DIRECTION ( 'NONE',  ( 0.000000000000000000, 1.000000000000000000, 0.000000000000000000 ) ) ;
#5380 = EDGE_CURVE ( 'NONE', #5901, #7639, #708, .T. ) ;
#5381 = VECTOR ( 'NONE', #6074, 1000.000000000000000 ) ;
#5382 = CARTESIAN_POINT ( 'NONE',  ( -35.14999999999999858, 8.252863496846106983, 11.66046483157790270 ) ) ;
#5383 = CIRCLE ( 'NONE', #7042, 1.000000000000000000 ) ;
#5384 = CARTESIAN_POINT ( 'NONE',  ( 7.000000000000006217, 1.600000000000000089, -18.00000000000000000 ) ) ;
#5385 = DIRECTION ( 'NONE',  ( -1.000000000000000000, 2.775557561563175735E-15, -0.000000000000000000 ) ) ;
#5386 = VECTOR ( 'NONE', #4914, 1000.000000000000000 ) ;
#5387 = B_SPLINE_CURVE_WITH_KNOTS ( 'NONE', 3,
 ( #3107, #4890, #5203, #841, #7768, #5132 ),
 .UNSPECIFIED., .F., .F.,
 ( 4, 2, 4 ),
 ( 0.000000000000000000, 0.0001829148252455401477, 0.0003658296504910802955 ),
 .UNSPECIFIED. ) ;
#5388 = AXIS2_PLACEMENT_3D ( 'NONE', #9300, #9176, #12448 ) ;
#5389 = ORIENTED_EDGE ( 'NONE', *, *, #8609, .T. ) ;
#5390 = DIRECTION ( 'NONE',  ( -1.000000000000000000, 0.000000000000000000, 0.000000000000000000 ) ) ;
#5391 = ORIENTED_EDGE ( 'NONE', *, *, #12427, .T. ) ;
#5392 = ORIENTED_EDGE ( 'NONE', *, *, #8580, .F. ) ;
#5393 = CARTESIAN_POINT ( 'NONE',  ( 0.000000000000000000, -2.399999999999999467, 0.000000000000000000 ) ) ;
#5394 = CARTESIAN_POINT ( 'NONE',  ( 0.000000000000000000, 0.000000000000000000, 0.000000000000000000 ) ) ;
#5395 = ORIENTED_EDGE ( 'NONE', *, *, #10458, .T. ) ;
#5396 = CIRCLE ( 'NONE', #7255, 0.4500000000000007327 ) ;
#5397 = FACE_OUTER_BOUND ( 'NONE', #11175, .T. ) ;
#5398 = VECTOR ( 'NONE', #5921, 1000.000000000000000 ) ;
#5399 = CARTESIAN_POINT ( 'NONE',  ( -40.00000000000000000, 1.600000000000000089, -18.00000000000000000 ) ) ;
#5400 = VECTOR ( 'NONE', #253, 1000.000000000000000 ) ;
#5401 = ORIENTED_EDGE ( 'NONE', *, *, #11699, .T. ) ;
#5402 = CARTESIAN_POINT ( 'NONE',  ( 1.202081528017144407, -2.399999999999999467, 12.66923881554250642 ) ) ;
#5403 = VECTOR ( 'NONE', #2357, 1000.000000000000000 ) ;
#5404 = DIRECTION ( 'NONE',  ( -0.7071067811865513475, 0.000000000000000000, -0.7071067811865437980 ) ) ;
#5405 = VECTOR ( 'NONE', #4397, 1000.000000000000000 ) ;
#5406 = CARTESIAN_POINT ( 'NONE',  ( 27.94000000000000128, 0.000000000000000000, -18.00000000000000000 ) ) ;
#5407 = ADVANCED_FACE ( 'NONE', ( #6478 ), #12618, .T. ) ;
#5408 = DIRECTION ( 'NONE',  ( 0.000000000000000000, 1.000000000000000000, 0.000000000000000000 ) ) ;
#5409 = ORIENTED_EDGE ( 'NONE', *, *, #3648, .T. ) ;
#5410 = DIRECTION ( 'NONE',  ( 1.000000000000000000, 0.000000000000000000, 2.775557561562888984E-15 ) ) ;
#5411 = AXIS2_PLACEMENT_3D ( 'NONE', #10659, #10916, #9663 ) ;
#5412 = AXIS2_PLACEMENT_3D ( 'NONE', #9695, #1855, #1973 ) ;
#5413 = ORIENTED_EDGE ( 'NONE', *, *, #1100, .F. ) ;
#5414 = VECTOR ( 'NONE', #6759, 1000.000000000000000 ) ;
#5415 = DIRECTION ( 'NONE',  ( 2.775557561562888984E-15, 0.000000000000000000, -1.000000000000000000 ) ) ;
#5416 = AXIS2_PLACEMENT_3D ( 'NONE', #711, #4698, #2740 ) ;
#5417 = DIRECTION ( 'NONE',  ( 2.775557561562888984E-15, 0.000000000000000000, -1.000000000000000000 ) ) ;
#5418 = EDGE_LOOP ( 'NONE', ( #6517, #6902, #4831, #11850 ) ) ;
#5419 = ADVANCED_FACE ( 'NONE', ( #6531, #8682 ), #12675, .T. ) ;
#5420 = DIRECTION ( 'NONE',  ( 0.000000000000000000, 1.000000000000000000, -0.000000000000000000 ) ) ;
#5421 = VECTOR ( 'NONE', #12168, 1000.000000000000000 ) ;
#5422 = CARTESIAN_POINT ( 'NONE',  ( -14.22000000000000064, -6.222539674441619262, -15.99999999999999645 ) ) ;
#5423 = SURFACE_SIDE_STYLE ('',( #10385 ) ) ;
#5424 = VECTOR ( 'NONE', #12458, 1000.000000000000000 ) ;
#5425 = LINE ( 'NONE', #1502, #789 ) ;
#5426 = ORIENTED_EDGE ( 'NONE', *, *, #2682, .F. ) ;
#5427 = VECTOR ( 'NONE', #11725, 1000.000000000000000 ) ;
#5428 = CARTESIAN_POINT ( 'NONE',  ( 33.80000000000000426, 6.899999999999999467, -7.249999999999996447 ) ) ;
#5429 = CARTESIAN_POINT ( 'NONE',  ( 33.80000000000000426, 6.899999999999999467, -6.249999999999994671 ) ) ;
#5431 = EDGE_LOOP ( 'NONE', ( #7066, #10328, #394, #11146 ) ) ;
#5430 = VECTOR ( 'NONE', #4295, 1000.000000000000000 ) ;
#5432 = VERTEX_POINT ( 'NONE', #1444 ) ;
#5433 = PLANE ( 'NONE',  #12806 ) ;
#5434 = DIRECTION ( 'NONE',  ( 0.000000000000000000, 0.000000000000000000, 1.000000000000000000 ) ) ;
#5435 = ORIENTED_EDGE ( 'NONE', *, *, #3508, .T. ) ;
#5436 = AXIS2_PLACEMENT_3D ( 'NONE', #454, #12422, #5669 ) ;
#5437 = CARTESIAN_POINT ( 'NONE',  ( 35.12664308237666688, 8.303342918701952513, -11.62861928812542622 ) ) ;
#5438 = ADVANCED_FACE ( 'NONE', ( #5919 ), #9961, .F. ) ;
#5439 = CARTESIAN_POINT ( 'NONE',  ( -14.22000000000000064, 1.600000000000000089, -15.49999999999999645 ) ) ;
#5440 = VECTOR ( 'NONE', #5685, 1000.000000000000000 ) ;
#5441 = LINE ( 'NONE', #267, #8293 ) ;
#5442 = ADVANCED_FACE ( 'NONE', ( #3967 ), #9899, .F. ) ;
#5443 = AXIS2_PLACEMENT_3D ( 'NONE', #8077, #2060, #6058 ) ;
#5444 = CARTESIAN_POINT ( 'NONE',  ( -35.35000000000000853, 5.700000000000255973, 11.69292893218813489 ) ) ;
#5445 = ORIENTED_EDGE ( 'NONE', *, *, #3150, .T. ) ;
#5446 = VECTOR ( 'NONE', #11477, 1000.000000000000000 ) ;
#5447 = CARTESIAN_POINT ( 'NONE',  ( 4.459999999999957332, 0.000000000000000000, -8.631984016460597151E-14 ) ) ;
#5448 = DIRECTION ( 'NONE',  ( 0.000000000000000000, 0.000000000000000000, -1.000000000000000000 ) ) ;
#5449 = ORIENTED_EDGE ( 'NONE', *, *, #6546, .F. ) ;
#5450 = CARTESIAN_POINT ( 'NONE',  ( -9.139999999999998792, -6.222539674441619262, -14.59999999999999787 ) ) ;
#5451 = DIRECTION ( 'NONE',  ( 0.000000000000000000, 0.000000000000000000, 1.000000000000000000 ) ) ;
#5452 = ORIENTED_EDGE ( 'NONE', *, *, #9318, .T. ) ;
#5453 = VECTOR ( 'NONE', #10527, 1000.000000000000000 ) ;
#5454 = ADVANCED_FACE ( 'NONE', ( #8152 ), #6113, .T. ) ;
#5455 = DIRECTION ( 'NONE',  ( 2.775557561562888984E-15, 0.000000000000000000, -1.000000000000000000 ) ) ;
#5456 = FACE_OUTER_BOUND ( 'NONE', #6809, .T. ) ;
#5457 =( NAMED_UNIT ( * ) PLANE_ANGLE_UNIT ( ) SI_UNIT ( $, .RADIAN. ) );
#5458 = VERTEX_POINT ( 'NONE', #1016 ) ;
#5459 = ORIENTED_EDGE ( 'NONE', *, *, #7784, .F. ) ;
#5460 = ORIENTED_EDGE ( 'NONE', *, *, #588, .T. ) ;
#5461 = CARTESIAN_POINT ( 'NONE',  ( -10.03999999999999737, 0.000000000000000000, -15.49999999999999645 ) ) ;
#5462 = CARTESIAN_POINT ( 'NONE',  ( -2.419999999999998597, -6.222539674441619262, -15.49999999999999645 ) ) ;
#5463 = ORIENTED_EDGE ( 'NONE', *, *, #531, .F. ) ;
#5464 = DIRECTION ( 'NONE',  ( 0.000000000000000000, 0.000000000000000000, -1.000000000000000000 ) ) ;
#5465 = DIRECTION ( 'NONE',  ( 0.000000000000000000, 1.000000000000000000, 0.000000000000000000 ) ) ;
#5466 = ORIENTED_EDGE ( 'NONE', *, *, #5893, .T. ) ;
#5467 = CARTESIAN_POINT ( 'NONE',  ( 37.70000000000000284, 1.600000000000000089, -17.09999999999999432 ) ) ;
#5468 = CARTESIAN_POINT ( 'NONE',  ( -9.139999999999998792, 0.000000000000000000, -15.49999999999999645 ) ) ;
#5469 = ADVANCED_FACE ( 'NONE', ( #2120 ), #4157, .T. ) ;
#5470 = DIRECTION ( 'NONE',  ( 1.000000000000000000, -0.000000000000000000, -0.000000000000000000 ) ) ;
#5471 = EDGE_CURVE ( 'NONE', #1384, #10795, #9454, .T. ) ;
#5472 = CARTESIAN_POINT ( 'NONE',  ( 35.15000000000000568, 5.699999999999991296, 0.000000000000000000 ) ) ;
#5473 = ORIENTED_EDGE ( 'NONE', *, *, #4630, .F. ) ;
#5474 = DIRECTION ( 'NONE',  ( 0.000000000000000000, 0.000000000000000000, 1.000000000000000000 ) ) ;
#5475 = ORIENTED_EDGE ( 'NONE', *, *, #8753, .F. ) ;
#5476 = FACE_OUTER_BOUND ( 'NONE', #12121, .T. ) ;
#5477 = DIRECTION ( 'NONE',  ( -0.000000000000000000, 1.000000000000000000, -0.000000000000000000 ) ) ;
#5478 = ADVANCED_FACE ( 'NONE', ( #8007 ), #95, .T. ) ;
#5479 = ORIENTED_EDGE ( 'NONE', *, *, #8840, .T. ) ;
#5480 = EDGE_CURVE ( 'NONE', #8208, #5606, #7156, .T. ) ;
#5481 = CARTESIAN_POINT ( 'NONE',  ( -40.00000000000000000, 0.000000000000000000, -18.00000000000000000 ) ) ;
#5482 = PRESENTATION_STYLE_ASSIGNMENT (( #1499 ) ) ;
#5483 = CARTESIAN_POINT ( 'NONE',  ( 1.020000000000000018, 1.600000000000000089, -15.49999999999999645 ) ) ;
#5484 = CARTESIAN_POINT ( 'NONE',  ( -35.35000000000000853, 5.700000000000242650, 4.250000000000000000 ) ) ;
#5485 = VECTOR ( 'NONE', #9169, 1000.000000000000000 ) ;
#5486 = ORIENTED_EDGE ( 'NONE', *, *, #8453, .F. ) ;
#5487 = EDGE_CURVE ( 'NONE', #6908, #9456, #11395, .T. ) ;
#5488 = ORIENTED_EDGE ( 'NONE', *, *, #2126, .T. ) ;
#5489 = UNCERTAINTY_MEASURE_WITH_UNIT (LENGTH_MEASURE( 1.000000000000000082E-05 ), #1327, 'distance_accuracy_value', 'NONE');
#5490 = VECTOR ( 'NONE', #3341, 1000.000000000000000 ) ;
#5491 = DIRECTION ( 'NONE',  ( -0.000000000000000000, 1.000000000000000000, -0.000000000000000000 ) ) ;
#5492 = DIRECTION ( 'NONE',  ( 0.000000000000000000, 0.000000000000000000, 1.000000000000000000 ) ) ;
#5493 = EDGE_LOOP ( 'NONE', ( #2808, #3886, #3435, #2012 ) ) ;
#5494 = ORIENTED_EDGE ( 'NONE', *, *, #7494, .F. ) ;
#5495 = LINE ( 'NONE', #520, #5063 ) ;
#5496 = DIRECTION ( 'NONE',  ( -0.000000000000000000, 1.000000000000000000, -0.000000000000000000 ) ) ;
#5497 = ORIENTED_EDGE ( 'NONE', *, *, #6922, .T. ) ;
#5498 = CARTESIAN_POINT ( 'NONE',  ( -37.70000000000000284, 0.000000000000000000, -15.69999999999999929 ) ) ;
#5499 = CARTESIAN_POINT ( 'NONE',  ( 30.48000000000000043, 0.000000000000000000, -18.00000000000000000 ) ) ;
#5500 = EDGE_CURVE ( 'NONE', #5556, #393, #2375, .T. ) ;
#5501 = EDGE_CURVE ( 'NONE', #9748, #10815, #282, .T. ) ;
#5502 = CARTESIAN_POINT ( 'NONE',  ( -16.76000000000000156, 0.000000000000000000, -15.49999999999999645 ) ) ;
#5503 = EDGE_CURVE ( 'NONE', #12186, #6800, #12070, .T. ) ;
#5504 = ORIENTED_EDGE ( 'NONE', *, *, #7972, .F. ) ;
#5505 = DIRECTION ( 'NONE',  ( 1.000000000000000000, 0.000000000000000000, 2.775557561562888984E-15 ) ) ;
#5506 = EDGE_CURVE ( 'NONE', #10645, #3281, #2054, .T. ) ;
#5507 = CARTESIAN_POINT ( 'NONE',  ( 38.10000000000000142, 1.600000000000000089, -18.00000000000000000 ) ) ;
#5508 = ORIENTED_EDGE ( 'NONE', *, *, #12713, .F. ) ;
#5509 = CARTESIAN_POINT ( 'NONE',  ( -16.76000000000000156, 0.000000000000000000, -15.49999999999999645 ) ) ;
#5510 = VECTOR ( 'NONE', #8893, 1000.000000000000000 ) ;
#5511 = DIRECTION ( 'NONE',  ( -1.000000000000000000, -0.000000000000000000, -0.000000000000000000 ) ) ;
#5512 = ORIENTED_EDGE ( 'NONE', *, *, #12538, .F. ) ;
#5513 = FACE_OUTER_BOUND ( 'NONE', #4673, .T. ) ;
#5514 = DIRECTION ( 'NONE',  ( 1.000000000000000000, 0.000000000000000000, 2.775557561562888984E-15 ) ) ;
#5515 = CARTESIAN_POINT ( 'NONE',  ( 34.06066017177984406, -16.60000000000000497, 10.54791847198286980 ) ) ;
#5516 = DIRECTION ( 'NONE',  ( 0.000000000000000000, 1.000000000000000000, 0.000000000000000000 ) ) ;
#5517 = PRESENTATION_LAYER_ASSIGNMENT (  '', '', ( #5096 ) ) ;
#5518 = ORIENTED_EDGE ( 'NONE', *, *, #9867, .T. ) ;
#5519 = ORIENTED_EDGE ( 'NONE', *, *, #2041, .F. ) ;
#5520 = ORIENTED_EDGE ( 'NONE', *, *, #9797, .T. ) ;
#5521 = DIRECTION ( 'NONE',  ( -1.000000000000000000, 0.000000000000000000, -5.930678550348046247E-16 ) ) ;
#5522 = CARTESIAN_POINT ( 'NONE',  ( -37.69999999999967599, 0.000000000000000000, 13.50000000000000000 ) ) ;
#5523 = VERTEX_POINT ( 'NONE', #233 ) ;
#5524 = CARTESIAN_POINT ( 'NONE',  ( -34.79999999999999005, 8.599999999999999645, 6.250000000000006217 ) ) ;
#5525 = CARTESIAN_POINT ( 'NONE',  ( -34.95000000000000995, 82.49217232609667860, -11.50000000000002309 ) ) ;
#5526 = VERTEX_POINT ( 'NONE', #10091 ) ;
#5527 = CARTESIAN_POINT ( 'NONE',  ( -34.95000000000000284, 8.599999999999997868, 11.50000000000000355 ) ) ;
#5528 = CARTESIAN_POINT ( 'NONE',  ( -14.22000000000000064, 0.000000000000000000, -15.49999999999999645 ) ) ;
#5529 = CARTESIAN_POINT ( 'NONE',  ( 5.200000000000002842, 1.600000000000000089, -18.00000000000000000 ) ) ;
#5530 = VERTEX_POINT ( 'NONE', #8073 ) ;
#5531 = DIRECTION ( 'NONE',  ( 0.000000000000000000, 1.000000000000000000, -0.000000000000000000 ) ) ;
#5532 = VERTEX_POINT ( 'NONE', #8213 ) ;
#5533 = EDGE_CURVE ( 'NONE', #2069, #6280, #8996, .T. ) ;
#5534 = CARTESIAN_POINT ( 'NONE',  ( 37.70000000000032969, 0.000000000000000000, 17.89999999999999858 ) ) ;
#5535 = DIRECTION ( 'NONE',  ( 0.000000000000000000, 1.000000000000000000, -0.000000000000000000 ) ) ;
#5536 = ORIENTED_EDGE ( 'NONE', *, *, #12682, .F. ) ;
#5537 = ADVANCED_FACE ( 'NONE', ( #11093 ), #1145, .T. ) ;
#5538 = CARTESIAN_POINT ( 'NONE',  ( 6.100000000000001421, 0.000000000000000000, -15.49999999999999645 ) ) ;
#5539 = DIRECTION ( 'NONE',  ( -0.7071067811865517916, 0.000000000000000000, 0.7071067811865431318 ) ) ;
#5540 = CYLINDRICAL_SURFACE ( 'NONE', #2840, 0.4999999999999987232 ) ;
#5541 = CARTESIAN_POINT ( 'NONE',  ( -35.01431289598054519, 8.556862238492907835, -11.70878169375792766 ) ) ;
#5542 = DIRECTION ( 'NONE',  ( 0.000000000000000000, 1.000000000000000000, -0.000000000000000000 ) ) ;
#5543 = ORIENTED_EDGE ( 'NONE', *, *, #2519, .T. ) ;
#5544 = EDGE_CURVE ( 'NONE', #3025, #8709, #6715, .T. ) ;
#5545 = EDGE_LOOP ( 'NONE', ( #9771, #6099 ) ) ;
#5546 = CARTESIAN_POINT ( 'NONE',  ( -14.22000000000000064, 0.000000000000000000, -14.59999999999999787 ) ) ;
#5547 = EDGE_LOOP ( 'NONE', ( #7816, #6885, #5936, #10047, #11466, #5995, #4156, #4407 ) ) ;
#5548 = ORIENTED_EDGE ( 'NONE', *, *, #3906, .F. ) ;
#5549 = DIRECTION ( 'NONE',  ( 0.000000000000000000, -0.000000000000000000, -1.000000000000000000 ) ) ;
#5550 = CARTESIAN_POINT ( 'NONE',  ( -33.79999999999999005, 7.399999999999999467, -7.249999999999994671 ) ) ;
#5551 = ORIENTED_EDGE ( 'NONE', *, *, #12452, .T. ) ;
#5552 = DIRECTION ( 'NONE',  ( 0.000000000000000000, -1.000000000000000000, 0.000000000000000000 ) ) ;
#5553 = DIRECTION ( 'NONE',  ( 0.000000000000000000, 0.000000000000000000, 1.000000000000000000 ) ) ;
#5554 = DIRECTION ( 'NONE',  ( 0.000000000000000000, 0.000000000000000000, 1.000000000000000000 ) ) ;
#5555 = AXIS2_PLACEMENT_3D ( 'NONE', #10759, #8927, #9706 ) ;
#5556 = VERTEX_POINT ( 'NONE', #9385 ) ;
#5557 = EDGE_CURVE ( 'NONE', #8105, #6566, #12271, .T. ) ;
#5558 = DIRECTION ( 'NONE',  ( -2.569960705150817904E-15, 1.000000000000000000, -2.478176394252937114E-16 ) ) ;
#5559 = DIRECTION ( 'NONE',  ( 0.000000000000000000, 0.000000000000000000, 1.000000000000000000 ) ) ;
#5560 = VERTEX_POINT ( 'NONE', #6505 ) ;
#5561 = EDGE_CURVE ( 'NONE', #8303, #50, #7418, .T. ) ;
#5562 = DIRECTION ( 'NONE',  ( 1.000000000000000000, 2.453639994309486675E-17, 8.763149499432394175E-32 ) ) ;
#5563 = PLANE ( 'NONE',  #6631 ) ;
#5564 = ORIENTED_EDGE ( 'NONE', *, *, #3648, .F. ) ;
#5565 = FILL_AREA_STYLE_COLOUR ( '', #432 ) ;
#5566 = AXIS2_PLACEMENT_3D ( 'NONE', #6017, #8043, #2093 ) ;
#5567 = DIRECTION ( 'NONE',  ( 0.000000000000000000, 1.000000000000000000, 0.000000000000000000 ) ) ;
#5568 = CARTESIAN_POINT ( 'NONE',  ( -32.00000000000000000, 0.000000000000000000, -15.49999999999999645 ) ) ;
#5569 = DIRECTION ( 'NONE',  ( 0.000000000000000000, 1.000000000000000000, -0.000000000000000000 ) ) ;
#5570 = AXIS2_PLACEMENT_3D ( 'NONE', #12747, #7760, #9707 ) ;
#5571 = ORIENTED_EDGE ( 'NONE', *, *, #8085, .F. ) ;
#5572 = CARTESIAN_POINT ( 'NONE',  ( -9.139999999999998792, -6.222539674441619262, -15.49999999999999645 ) ) ;
#5573 = ORIENTED_EDGE ( 'NONE', *, *, #205, .T. ) ;
#5574 = CARTESIAN_POINT ( 'NONE',  ( 3.560000000000000497, 0.000000000000000000, -15.49999999999999645 ) ) ;
#5575 = AXIS2_PLACEMENT_3D ( 'NONE', #4173, #11043, #4097 ) ;
#5576 = DIRECTION ( 'NONE',  ( 0.000000000000000000, 1.000000000000000000, -0.000000000000000000 ) ) ;
#5577 = ORIENTED_EDGE ( 'NONE', *, *, #10153, .F. ) ;
#5578 = CARTESIAN_POINT ( 'NONE',  ( 35.14292893218813418, 8.400000000000000355, -11.70000000000000107 ) ) ;
#5579 = DIRECTION ( 'NONE',  ( 1.000000000000000000, -0.000000000000000000, 2.775557561562888984E-15 ) ) ;
#5580 = ORIENTED_EDGE ( 'NONE', *, *, #6356, .T. ) ;
#5581 = DIRECTION ( 'NONE',  ( 0.000000000000000000, 0.000000000000000000, -1.000000000000000000 ) ) ;
#5582 = EDGE_CURVE ( 'NONE', #12066, #10653, #8410, .T. ) ;
#5583 = CLOSED_SHELL ( 'NONE', ( #3559, #6929, #10037, #5478, #5062, #2859, #2168, #3901, #12792, #12741 ) ) ;
#5584 = FACE_OUTER_BOUND ( 'NONE', #8297, .T. ) ;
#5585 = AXIS2_PLACEMENT_3D ( 'NONE', #19, #6997, #9880 ) ;
#5586 = LINE ( 'NONE', #8658, #4774 ) ;
#5587 = EDGE_CURVE ( 'NONE', #9505, #9748, #7213, .T. ) ;
#5588 = VECTOR ( 'NONE', #12759, 1000.000000000000000 ) ;
#5589 = ORIENTED_EDGE ( 'NONE', *, *, #11999, .F. ) ;
#5590 = DIRECTION ( 'NONE',  ( 0.000000000000000000, 0.000000000000000000, 1.000000000000000000 ) ) ;
#5591 = VERTEX_POINT ( 'NONE', #359 ) ;
#5592 = MECHANICAL_DESIGN_GEOMETRIC_PRESENTATION_REPRESENTATION (  '', ( #1205 ), #5792 ) ;
#5593 = DIRECTION ( 'NONE',  ( 2.775557561562888984E-15, 0.000000000000000000, -1.000000000000000000 ) ) ;
#5594 = VECTOR ( 'NONE', #9233, 1000.000000000000000 ) ;
#5595 = CARTESIAN_POINT ( 'NONE',  ( 35.15000000000000568, 5.699999999999991296, 11.69292893218813667 ) ) ;
#5596 = VERTEX_POINT ( 'NONE', #12407 ) ;
#5597 = VECTOR ( 'NONE', #11972, 1000.000000000000000 ) ;
#5598 = VECTOR ( 'NONE', #3681, 1000.000000000000000 ) ;
#5599 = CARTESIAN_POINT ( 'NONE',  ( -35.11070869979883469, 8.251936197537242279, -11.69797999999999938 ) ) ;
#5600 = DIRECTION ( 'NONE',  ( 0.000000000000000000, 1.000000000000000000, -0.000000000000000000 ) ) ;
#5601 = VECTOR ( 'NONE', #4428, 1000.000000000000000 ) ;
#5602 = AXIS2_PLACEMENT_3D ( 'NONE', #12153, #1021, #11948 ) ;
#5603 = EDGE_CURVE ( 'NONE', #11871, #9282, #4481, .T. ) ;
#5604 = CARTESIAN_POINT ( 'NONE',  ( 0.9899494936611643592, -2.399999999999999467, -10.61862915010153863 ) ) ;
#5605 = VECTOR ( 'NONE', #3286, 1000.000000000000000 ) ;
#5606 = VERTEX_POINT ( 'NONE', #6369 ) ;
#5607 = CARTESIAN_POINT ( 'NONE',  ( -31.86862915010151553, 0.000000000000000000, -12.73994949366115925 ) ) ;
#5608 = AXIS2_PLACEMENT_3D ( 'NONE', #4737, #3695, #3774 ) ;
#5609 = VECTOR ( 'NONE', #3463, 1000.000000000000000 ) ;
#5610 = ORIENTED_EDGE ( 'NONE', *, *, #11181, .T. ) ;
#5611 = UNCERTAINTY_MEASURE_WITH_UNIT (LENGTH_MEASURE( 1.000000000000000082E-05 ), #3177, 'distance_accuracy_value', 'NONE');
#5612 = FACE_OUTER_BOUND ( 'NONE', #7622, .T. ) ;
#5613 = LINE ( 'NONE', #11628, #11213 ) ;
#5614 = DIRECTION ( 'NONE',  ( 0.000000000000000000, 1.000000000000000000, 0.000000000000000000 ) ) ;
#5615 = ORIENTED_EDGE ( 'NONE', *, *, #6290, .T. ) ;
#5616 = AXIS2_PLACEMENT_3D ( 'NONE', #10773, #1814, #8821 ) ;
#5617 = DIRECTION ( 'NONE',  ( 0.000000000000000000, 0.000000000000000000, -1.000000000000000000 ) ) ;
#5618 = AXIS2_PLACEMENT_3D ( 'NONE', #7058, #7254, #2220 ) ;
#5619 = CARTESIAN_POINT ( 'NONE',  ( -37.69999999999967599, 0.000000000000000000, 15.69999999999999929 ) ) ;
#5620 = CARTESIAN_POINT ( 'NONE',  ( -22.50000000000000000, -1.400000000000000133, -4.592425496802574367E-15 ) ) ;
#5621 = DIRECTION ( 'NONE',  ( 1.000000000000000000, -2.775557561563175735E-15, -0.000000000000000000 ) ) ;
#5622 = CIRCLE ( 'NONE', #12951, 0.8999999999999980238 ) ;
#5623 = LINE ( 'NONE', #712, #12720 ) ;
#5624 = VECTOR ( 'NONE', #4258, 1000.000000000000000 ) ;
#5625 = CIRCLE ( 'NONE', #5841, 1.399999999999995026 ) ;
#5626 = CARTESIAN_POINT ( 'NONE',  ( -35.14292893218813418, 8.599999999999999645, 11.50000000000000000 ) ) ;
#5627 = AXIS2_PLACEMENT_3D ( 'NONE', #5329, #429, #7478 ) ;
#5628 = EDGE_LOOP ( 'NONE', ( #10504, #6877 ) ) ;
#5629 = AXIS2_PLACEMENT_3D ( 'NONE', #5998, #11822, #3051 ) ;
#5630 = LINE ( 'NONE', #594, #4014 ) ;
#5631 = EDGE_CURVE ( 'NONE', #4288, #2935, #7617, .T. ) ;
#5632 = VERTEX_POINT ( 'NONE', #5271 ) ;
#5633 = LINE ( 'NONE', #6729, #10663 ) ;
#5634 = EDGE_CURVE ( 'NONE', #10805, #1, #8632, .T. ) ;
#5635 = DIRECTION ( 'NONE',  ( 0.000000000000000000, 1.000000000000000000, -0.000000000000000000 ) ) ;
#5636 = DIRECTION ( 'NONE',  ( 0.000000000000000000, 1.000000000000000000, -2.478176394252937114E-16 ) ) ;
#5637 = CIRCLE ( 'NONE', #1679, 0.5000000000000004441 ) ;
#5638 = EDGE_CURVE ( 'NONE', #11930, #10510, #1534, .T. ) ;
#5639 = DIRECTION ( 'NONE',  ( 0.000000000000000000, 1.000000000000000000, 0.000000000000000000 ) ) ;
#5640 = COLOUR_RGB ( '',0.2509803921568627416, 0.2509803921568627416, 0.2509803921568627416 ) ;
#5641 = PLANE ( 'NONE',  #10167 ) ;
#5642 = SURFACE_SIDE_STYLE ('',( #10351 ) ) ;
#5643 = ADVANCED_FACE ( 'NONE', ( #9255 ), #3493, .F. ) ;
#5644 = ORIENTED_EDGE ( 'NONE', *, *, #10421, .T. ) ;
#5645 = EDGE_LOOP ( 'NONE', ( #9364, #10313, #10518, #2496 ) ) ;
#5646 = ORIENTED_EDGE ( 'NONE', *, *, #9799, .F. ) ;
#5647 = DIRECTION ( 'NONE',  ( 0.000000000000000000, 0.000000000000000000, -1.000000000000000000 ) ) ;
#5648 = CYLINDRICAL_SURFACE ( 'NONE', #6209, 1.399999999999995026 ) ;
#5649 = ORIENTED_EDGE ( 'NONE', *, *, #10421, .F. ) ;
#5650 = VECTOR ( 'NONE', #7588, 1000.000000000000000 ) ;
#5651 = DIRECTION ( 'NONE',  ( 0.000000000000000000, 0.000000000000000000, 1.000000000000000000 ) ) ;
#5652 = LINE ( 'NONE', #9689, #9146 ) ;
#5653 = ORIENTED_EDGE ( 'NONE', *, *, #10661, .T. ) ;
#5654 = CARTESIAN_POINT ( 'NONE',  ( -35.30867521525114228, 8.409838636822836833, 11.62861928812542622 ) ) ;
#5655 = CARTESIAN_POINT ( 'NONE',  ( 0.1199999999999604161, 0.000000000000000000, -9.131584377541916332E-14 ) ) ;
#5656 = EDGE_CURVE ( 'NONE', #4448, #10819, #5332, .T. ) ;
#5657 = LINE ( 'NONE', #5472, #6230 ) ;
#5658 = CIRCLE ( 'NONE', #2533, 0.8999999999999980238 ) ;
#5659 = ORIENTED_EDGE ( 'NONE', *, *, #7722, .T. ) ;
#5660 = PLANE ( 'NONE',  #10446 ) ;
#5661 = ORIENTED_EDGE ( 'NONE', *, *, #3728, .T. ) ;
#5662 = EDGE_CURVE ( 'NONE', #155, #1916, #10959, .T. ) ;
#5663 = VERTEX_POINT ( 'NONE', #6437 ) ;
#5664 = CARTESIAN_POINT ( 'NONE',  ( 37.70000000000000284, 0.000000000000000000, -15.69999999999999929 ) ) ;
#5665 = LINE ( 'NONE', #5595, #7061 ) ;
#5666 = EDGE_LOOP ( 'NONE', ( #292, #1504, #6415, #9143, #5899 ) ) ;
#5667 = ADVANCED_FACE ( 'NONE', ( #10436 ), #297, .F. ) ;
#5668 = DIRECTION ( 'NONE',  ( 0.000000000000000000, 1.000000000000000000, 0.000000000000000000 ) ) ;
#5669 = DIRECTION ( 'NONE',  ( 0.000000000000000000, 0.000000000000000000, 1.000000000000000000 ) ) ;
#5670 = CARTESIAN_POINT ( 'NONE',  ( 35.56000000000000227, -6.222539674441619262, -18.00000000000000000 ) ) ;
#5671 = LINE ( 'NONE', #2656, #10999 ) ;
#5672 = ORIENTED_EDGE ( 'NONE', *, *, #9925, .T. ) ;
#5673 = PLANE ( 'NONE',  #1025 ) ;
#5674 = ORIENTED_EDGE ( 'NONE', *, *, #7591, .T. ) ;
#5675 = CARTESIAN_POINT ( 'NONE',  ( -37.70000000000000284, -6.222539674441619262, -15.69999999999999929 ) ) ;
#5676 = CARTESIAN_POINT ( 'NONE',  ( 5.199999999999961986, 0.000000000000000000, -9.131584377541916332E-14 ) ) ;
#5677 = CARTESIAN_POINT ( 'NONE',  ( -12.57999999999999829, 1.600000000000000089, -18.00000000000000000 ) ) ;
#5678 = VERTEX_POINT ( 'NONE', #433 ) ;
#5679 = CARTESIAN_POINT ( 'NONE',  ( 33.80000000000000426, 7.399999999999999467, 7.250000000000006217 ) ) ;
#5680 = PLANE ( 'NONE',  #2460 ) ;
#5681 = DIRECTION ( 'NONE',  ( 0.000000000000000000, 0.000000000000000000, 1.000000000000000000 ) ) ;
#5682 = PLANE ( 'NONE',  #12316 ) ;
#5683 = CARTESIAN_POINT ( 'NONE',  ( -24.37999999999999901, -6.222539674441619262, -15.49999999999999645 ) ) ;
#5684 = VECTOR ( 'NONE', #5692, 1000.000000000000000 ) ;
#5685 = DIRECTION ( 'NONE',  ( -0.000000000000000000, 1.000000000000000000, -0.000000000000000000 ) ) ;
#5686 = VECTOR ( 'NONE', #910, 1000.000000000000000 ) ;
#5687 = VERTEX_POINT ( 'NONE', #9447 ) ;
#5688 = ADVANCED_FACE ( 'NONE', ( #4286 ), #545, .F. ) ;
#5689 = LINE ( 'NONE', #3542, #3394 ) ;
#5690 = CARTESIAN_POINT ( 'NONE',  ( -14.22000000000000064, 0.000000000000000000, -15.49999999999999645 ) ) ;
#5691 = ORIENTED_EDGE ( 'NONE', *, *, #8644, .F. ) ;
#5692 = DIRECTION ( 'NONE',  ( -0.000000000000000000, 1.000000000000000000, -0.000000000000000000 ) ) ;
#5693 = EDGE_CURVE ( 'NONE', #2518, #12417, #9289, .T. ) ;
#5694 = CARTESIAN_POINT ( 'NONE',  ( -27.81999999999999673, 0.000000000000000000, -18.00000000000000000 ) ) ;
#5695 =( NAMED_UNIT ( * ) PLANE_ANGLE_UNIT ( ) SI_UNIT ( $, .RADIAN. ) );
#5696 = DIRECTION ( 'NONE',  ( 0.000000000000000000, 0.000000000000000000, -1.000000000000000000 ) ) ;
#5697 = DIRECTION ( 'NONE',  ( -0.000000000000000000, 0.000000000000000000, 1.000000000000000000 ) ) ;
#5698 = PRODUCT_DEFINITION ( 'UNKNOWN', '', #11883, #4689 ) ;
#5699 = ORIENTED_EDGE ( 'NONE', *, *, #9087, .F. ) ;
#5700 = CARTESIAN_POINT ( 'NONE',  ( 34.10000000000000142, 8.599999999999999645, 9.525000000000002132 ) ) ;
#5701 = EDGE_CURVE ( 'NONE', #5708, #10587, #2329, .T. ) ;
#5702 = ORIENTED_EDGE ( 'NONE', *, *, #6128, .F. ) ;
#5703 = CYLINDRICAL_SURFACE ( 'NONE', #7597, 0.8999999999999980238 ) ;
#5704 = ORIENTED_EDGE ( 'NONE', *, *, #1225, .T. ) ;
#5705 = VERTEX_POINT ( 'NONE', #11355 ) ;
#5706 = CARTESIAN_POINT ( 'NONE',  ( -4.960000000000037268, -6.222539674441619262, -9.131584377541916332E-14 ) ) ;
#5707 = FACE_OUTER_BOUND ( 'NONE', #4711, .T. ) ;
#5708 = VERTEX_POINT ( 'NONE', #2390 ) ;
#5709 = LINE ( 'NONE', #8651, #11500 ) ;
#5710 = DIRECTION ( 'NONE',  ( 0.7071067811865512365, 0.000000000000000000, 0.7071067811865439090 ) ) ;
#5711 = ORIENTED_EDGE ( 'NONE', *, *, #7138, .F. ) ;
#5712 = CARTESIAN_POINT ( 'NONE',  ( -35.14798000000000400, 8.251936197537240503, 11.66070869979883895 ) ) ;
#5713 = ADVANCED_FACE ( 'NONE', ( #5397 ), #4862, .T. ) ;
#5714 = DIRECTION ( 'NONE',  ( 0.000000000000000000, 1.000000000000000000, 0.000000000000000000 ) ) ;
#5715 = CIRCLE ( 'NONE', #6543, 0.8999999999999980238 ) ;
#5716 = FACE_OUTER_BOUND ( 'NONE', #1660, .T. ) ;
#5717 = ORIENTED_EDGE ( 'NONE', *, *, #5506, .T. ) ;
#5718 = DIRECTION ( 'NONE',  ( 2.775557561562888984E-15, 0.000000000000000000, -1.000000000000000000 ) ) ;
#5719 = ORIENTED_EDGE ( 'NONE', *, *, #1575, .T. ) ;
#5720 = DIRECTION ( 'NONE',  ( 0.000000000000000000, 1.000000000000000000, -0.000000000000000000 ) ) ;
#5721 = DIRECTION ( 'NONE',  ( 0.7071067811865562325, 0.000000000000000000, -0.7071067811865389130 ) ) ;
#5722 = ADVANCED_FACE ( 'NONE', ( #4801 ), #11791, .F. ) ;
#5723 = ORIENTED_EDGE ( 'NONE', *, *, #1165, .F. ) ;
#5724 = ADVANCED_FACE ( 'NONE', ( #2817, #3816 ), #8790, .T. ) ;
#5725 = SURFACE_SIDE_STYLE ('',( #4558 ) ) ;
#5726 = FACE_BOUND ( 'NONE', #10296, .T. ) ;
#5727 = EDGE_CURVE ( 'NONE', #11188, #9095, #5223, .T. ) ;
#5728 = DIRECTION ( 'NONE',  ( 0.000000000000000000, -0.000000000000000000, -1.000000000000000000 ) ) ;
#5729 = DIRECTION ( 'NONE',  ( -0.000000000000000000, -0.000000000000000000, -1.000000000000000000 ) ) ;
#5730 = ADVANCED_FACE ( 'NONE', ( #674 ), #733, .F. ) ;
#5731 = PLANE ( 'NONE',  #8696 ) ;
#5732 = ORIENTED_EDGE ( 'NONE', *, *, #3106, .T. ) ;
#5733 = DIRECTION ( 'NONE',  ( 0.7071067811865388020, -0.000000000000000000, 0.7071067811865561215 ) ) ;
#5734 = ADVANCED_FACE ( 'NONE', ( #4719 ), #8715, .F. ) ;
#5735 = ORIENTED_EDGE ( 'NONE', *, *, #859, .T. ) ;
#5736 = VECTOR ( 'NONE', #1206, 1000.000000000000000 ) ;
#5737 = CYLINDRICAL_SURFACE ( 'NONE', #2594, 0.8999999999999980238 ) ;
#5738 = PLANE ( 'NONE',  #6403 ) ;
#5739 = ORIENTED_EDGE ( 'NONE', *, *, #8117, .T. ) ;
#5740 = DIRECTION ( 'NONE',  ( -1.000000000000000000, -0.000000000000000000, -0.000000000000000000 ) ) ;
#5741 = DIRECTION ( 'NONE',  ( -1.000000000000000000, 2.775557561563175735E-15, -0.000000000000000000 ) ) ;
#5742 = DIRECTION ( 'NONE',  ( 0.000000000000000000, 0.000000000000000000, 1.000000000000000000 ) ) ;
#5743 = DIRECTION ( 'NONE',  ( 0.000000000000000000, 0.000000000000000000, 1.000000000000000000 ) ) ;
#5744 = EDGE_CURVE ( 'NONE', #12562, #4821, #6798, .T. ) ;
#5745 = FACE_OUTER_BOUND ( 'NONE', #9860, .T. ) ;
#5746 = ORIENTED_EDGE ( 'NONE', *, *, #11465, .T. ) ;
#5747 = CARTESIAN_POINT ( 'NONE',  ( 37.70000000000000284, 1.600000000000000089, -14.30000000000000426 ) ) ;
#5748 = DIRECTION ( 'NONE',  ( 0.000000000000000000, 0.000000000000000000, 1.000000000000000000 ) ) ;
#5749 = ORIENTED_EDGE ( 'NONE', *, *, #4610, .F. ) ;
#5750 = DIRECTION ( 'NONE',  ( -0.000000000000000000, 1.000000000000000000, -0.000000000000000000 ) ) ;
#5751 = DIRECTION ( 'NONE',  ( 0.000000000000000000, 1.000000000000000000, -0.000000000000000000 ) ) ;
#5752 = LINE ( 'NONE', #8470, #4932 ) ;
#5753 = SHAPE_DEFINITION_REPRESENTATION ( #6044, #5037 ) ;
#5754 = EDGE_CURVE ( 'NONE', #9493, #6991, #1593, .T. ) ;
#5755 = FACE_OUTER_BOUND ( 'NONE', #4505, .T. ) ;
#5756 = VECTOR ( 'NONE', #9984, 1000.000000000000000 ) ;
#5757 = ORIENTED_EDGE ( 'NONE', *, *, #3987, .F. ) ;
#5758 = DIRECTION ( 'NONE',  ( -0.000000000000000000, 0.000000000000000000, -1.000000000000000000 ) ) ;
#5759 = ORIENTED_EDGE ( 'NONE', *, *, #1812, .T. ) ;
#5760 = LINE ( 'NONE', #10796, #2585 ) ;
#5761 = ORIENTED_EDGE ( 'NONE', *, *, #1074, .F. ) ;
#5762 = VERTEX_POINT ( 'NONE', #12533 ) ;
#5763 = DIRECTION ( 'NONE',  ( 2.775557561562888984E-15, 0.000000000000000000, -1.000000000000000000 ) ) ;
#5764 = DIRECTION ( 'NONE',  ( 0.000000000000000000, 0.000000000000000000, -1.000000000000000000 ) ) ;
#5765 = EDGE_LOOP ( 'NONE', ( #4310, #9011, #500, #5391 ) ) ;
#5766 = DIRECTION ( 'NONE',  ( 0.000000000000000000, -0.000000000000000000, -1.000000000000000000 ) ) ;
#5767 = DIRECTION ( 'NONE',  ( 0.000000000000000000, 0.000000000000000000, 1.000000000000000000 ) ) ;
#5768 = ORIENTED_EDGE ( 'NONE', *, *, #1705, .F. ) ;
#5769 = CARTESIAN_POINT ( 'NONE',  ( 6.100000000000001421, 1.600000000000000089, -15.49999999999999645 ) ) ;
#5770 = VECTOR ( 'NONE', #10521, 1000.000000000000000 ) ;
#5771 = LINE ( 'NONE', #9754, #12929 ) ;
#5772 = AXIS2_PLACEMENT_3D ( 'NONE', #3588, #11568, #2600 ) ;
#5773 = CARTESIAN_POINT ( 'NONE',  ( -24.37999999999999901, 0.000000000000000000, -15.99999999999999645 ) ) ;
#5774 = EDGE_CURVE ( 'NONE', #10266, #3200, #1845, .T. ) ;
#5775 = ORIENTED_EDGE ( 'NONE', *, *, #8387, .F. ) ;
#5776 = FACE_OUTER_BOUND ( 'NONE', #2306, .T. ) ;
#5777 = VERTEX_POINT ( 'NONE', #3759 ) ;
#5778 = AXIS2_PLACEMENT_3D ( 'NONE', #4492, #12477, #4434 ) ;
#5779 = ORIENTED_EDGE ( 'NONE', *, *, #3055, .T. ) ;
#5780 = ORIENTED_EDGE ( 'NONE', *, *, #8923, .T. ) ;
#5781 = DIRECTION ( 'NONE',  ( -0.000000000000000000, 1.000000000000000000, -0.000000000000000000 ) ) ;
#5782 = DIRECTION ( 'NONE',  ( 1.000000000000000000, 3.491481338843133355E-15, 5.176137173774957533E-32 ) ) ;
#5783 = ORIENTED_EDGE ( 'NONE', *, *, #7148, .F. ) ;
#5784 = CLOSED_SHELL ( 'NONE', ( #5469, #3212, #5667, #4512, #11966, #7802, #5313, #3388, #7040 ) ) ;
#5785 = ORIENTED_EDGE ( 'NONE', *, *, #9928, .T. ) ;
#5786 = DIRECTION ( 'NONE',  ( 2.775557561562888984E-15, 0.000000000000000000, -1.000000000000000000 ) ) ;
#5787 = CARTESIAN_POINT ( 'NONE',  ( -15.11999999999999744, 1.600000000000000089, -18.00000000000000000 ) ) ;
#5788 = EDGE_CURVE ( 'NONE', #12441, #6781, #4661, .T. ) ;
#5789 = CARTESIAN_POINT ( 'NONE',  ( 2.660000000000009468, 0.000000000000000000, -18.00000000000000000 ) ) ;
#5790 = AXIS2_PLACEMENT_3D ( 'NONE', #7895, #10092, #6772 ) ;
#5791 = DIRECTION ( 'NONE',  ( 0.000000000000000000, 1.000000000000000000, -0.000000000000000000 ) ) ;
#5792 =( GEOMETRIC_REPRESENTATION_CONTEXT ( 3 ) GLOBAL_UNCERTAINTY_ASSIGNED_CONTEXT ( ( #9653 ) ) GLOBAL_UNIT_ASSIGNED_CONTEXT ( ( #7314, #2477, #7512 ) ) REPRESENTATION_CONTEXT ( 'NONE', 'WORKASPACE' ) );
#5793 = EDGE_LOOP ( 'NONE', ( #6679, #10259 ) ) ;
#5794 = EDGE_CURVE ( 'NONE', #2244, #3158, #1723, .T. ) ;
#5795 = CARTESIAN_POINT ( 'NONE',  ( -4.059999999999997833, -6.222539674441619262, -15.99999999999999645 ) ) ;
#5796 = VECTOR ( 'NONE', #5937, 1000.000000000000000 ) ;
#5797 = VECTOR ( 'NONE', #6974, 1000.000000000000000 ) ;
#5798 = ORIENTED_EDGE ( 'NONE', *, *, #6379, .T. ) ;
#5799 = EDGE_CURVE ( 'NONE', #7353, #4245, #5709, .T. ) ;
#5800 = CARTESIAN_POINT ( 'NONE',  ( 3.560000000000000497, -6.222539674441619262, -15.49999999999999645 ) ) ;
#5801 = LINE ( 'NONE', #12877, #11832 ) ;
#5802 = AXIS2_PLACEMENT_3D ( 'NONE', #3474, #7199, #11195 ) ;
#5803 = VERTEX_POINT ( 'NONE', #7669 ) ;
#5804 = CARTESIAN_POINT ( 'NONE',  ( -6.599999999999997868, -6.222539674441619262, -15.49999999999999645 ) ) ;
#5805 = AXIS2_PLACEMENT_3D ( 'NONE', #9002, #10159, #8161 ) ;
#5806 = CARTESIAN_POINT ( 'NONE',  ( -6.599999999999997868, 0.000000000000000000, -14.59999999999999787 ) ) ;
#5807 = AXIS2_PLACEMENT_3D ( 'NONE', #7558, #8719, #7614 ) ;
#5808 = FACE_BOUND ( 'NONE', #9232, .T. ) ;
#5809 = VECTOR ( 'NONE', #9122, 1000.000000000000000 ) ;
#5810 = DIRECTION ( 'NONE',  ( -0.000000000000000000, 1.000000000000000000, -0.000000000000000000 ) ) ;
#5811 = AXIS2_PLACEMENT_3D ( 'NONE', #12550, #6628, #8664 ) ;
#5812 = CARTESIAN_POINT ( 'NONE',  ( 34.95000000000000284, 8.602000000000002089, -11.50000000000000000 ) ) ;
#5813 = VECTOR ( 'NONE', #5511, 1000.000000000000000 ) ;
#5814 = ORIENTED_EDGE ( 'NONE', *, *, #1666, .T. ) ;
#5815 = VECTOR ( 'NONE', #3878, 1000.000000000000000 ) ;
#5816 = CARTESIAN_POINT ( 'NONE',  ( 40.00000000000002842, 7.949999999999781686, -3.750000000000000000 ) ) ;
#5817 = AXIS2_PLACEMENT_3D ( 'NONE', #8631, #6912, #5743 ) ;
#5819 = ORIENTED_EDGE ( 'NONE', *, *, #10511, .T. ) ;
#5818 = VECTOR ( 'NONE', #484, 1000.000000000000000 ) ;
#5820 = CIRCLE ( 'NONE', #4158, 0.8999999999999980238 ) ;
#5821 = ADVANCED_FACE ( 'NONE', ( #7611, #10551 ), #12643, .T. ) ;
#5822 = CARTESIAN_POINT ( 'NONE',  ( -34.98223735510389076, 8.599999999999999645, 11.60498854351900455 ) ) ;
#5823 = CARTESIAN_POINT ( 'NONE',  ( 34.80000000000000426, -0.0009999999999992653654, 6.250000000000006217 ) ) ;
#5824 = ORIENTED_EDGE ( 'NONE', *, *, #9056, .T. ) ;
#5825 = CYLINDRICAL_SURFACE ( 'NONE', #10028, 0.8999999999999980238 ) ;
#5826 = DIRECTION ( 'NONE',  ( 0.000000000000000000, 1.000000000000000000, 0.000000000000000000 ) ) ;
#5827 = EDGE_CURVE ( 'NONE', #3458, #3281, #9688, .T. ) ;
#5828 = VECTOR ( 'NONE', #12454, 1000.000000000000000 ) ;
#5829 = LINE ( 'NONE', #3741, #10778 ) ;
#5830 = AXIS2_PLACEMENT_3D ( 'NONE', #11236, #8294, #3328 ) ;
#5831 = VECTOR ( 'NONE', #12655, 1000.000000000000000 ) ;
#5832 = FACE_OUTER_BOUND ( 'NONE', #10748, .T. ) ;
#5833 = ORIENTED_EDGE ( 'NONE', *, *, #9721, .T. ) ;
#5834 = DIRECTION ( 'NONE',  ( 0.7071067811865546782, 0.000000000000000000, -0.7071067811865403563 ) ) ;
#5835 = VERTEX_POINT ( 'NONE', #2766 ) ;
#5836 = CARTESIAN_POINT ( 'NONE',  ( -14.22000000000000064, 0.000000000000000000, -15.49999999999999645 ) ) ;
#5837 = VECTOR ( 'NONE', #8870, 1000.000000000000000 ) ;
#5838 = VERTEX_POINT ( 'NONE', #6744 ) ;
#5839 = VERTEX_POINT ( 'NONE', #2578 ) ;
#5840 = CARTESIAN_POINT ( 'NONE',  ( 35.01430964406270618, 8.378445380721961655, 11.60439733175265609 ) ) ;
#5841 = AXIS2_PLACEMENT_3D ( 'NONE', #5082, #9907, #5990 ) ;
#5842 = DIRECTION ( 'NONE',  ( 0.000000000000000000, 0.000000000000000000, 1.000000000000000000 ) ) ;
#5843 = VERTEX_POINT ( 'NONE', #2634 ) ;
#5844 = DIRECTION ( 'NONE',  ( 2.775557561562888984E-15, 0.000000000000000000, -1.000000000000000000 ) ) ;
#5845 = ADVANCED_FACE ( 'NONE', ( #10615 ), #1665, .F. ) ;
#5846 = CYLINDRICAL_SURFACE ( 'NONE', #1637, 0.8999999999999980238 ) ;
#5847 = VERTEX_POINT ( 'NONE', #6097 ) ;
#5848 = VECTOR ( 'NONE', #3567, 1000.000000000000000 ) ;
#5849 = CARTESIAN_POINT ( 'NONE',  ( -3.159999999999992593, -6.222539674441619262, -18.00000000000000000 ) ) ;
#5850 = LINE ( 'NONE', #9829, #6450 ) ;
#5851 = AXIS2_PLACEMENT_3D ( 'NONE', #1787, #8264, #288 ) ;
#5852 = CARTESIAN_POINT ( 'NONE',  ( -33.79999999999999005, 6.899999999999999467, -7.249999999999994671 ) ) ;
#5853 = LINE ( 'NONE', #8726, #4544 ) ;
#5854 = ORIENTED_EDGE ( 'NONE', *, *, #3106, .F. ) ;
#5855 = AXIS2_PLACEMENT_3D ( 'NONE', #11593, #1765, #7542 ) ;
#5856 = ORIENTED_EDGE ( 'NONE', *, *, #11388, .T. ) ;
#5857 = CARTESIAN_POINT ( 'NONE',  ( -33.79999999999999005, 8.400000000000000355, 6.250000000000006217 ) ) ;
#5858 = DIRECTION ( 'NONE',  ( 1.000000000000000000, 0.000000000000000000, 0.000000000000000000 ) ) ;
#5859 = ORIENTED_EDGE ( 'NONE', *, *, #11238, .F. ) ;
#5860 = VECTOR ( 'NONE', #10425, 1000.000000000000000 ) ;
#5861 = EDGE_CURVE ( 'NONE', #8212, #1512, #7000, .T. ) ;
#5862 = ORIENTED_EDGE ( 'NONE', *, *, #11220, .F. ) ;
#5863 = EDGE_CURVE ( 'NONE', #1476, #6321, #6479, .T. ) ;
#5864 = SURFACE_STYLE_FILL_AREA ( #1148 ) ;
#5865 = CARTESIAN_POINT ( 'NONE',  ( -37.70000000000000284, 0.000000000000000000, -17.09999999999999432 ) ) ;
#5866 = LINE ( 'NONE', #9844, #3897 ) ;
#5867 = FACE_OUTER_BOUND ( 'NONE', #10592, .T. ) ;
#5868 = VERTEX_POINT ( 'NONE', #11075 ) ;
#5869 = DIRECTION ( 'NONE',  ( 0.000000000000000000, 1.000000000000000000, 0.000000000000000000 ) ) ;
#5870 = ORIENTED_EDGE ( 'NONE', *, *, #4749, .T. ) ;
#5871 = EDGE_CURVE ( 'NONE', #8009, #3828, #8133, .T. ) ;
#5872 = CARTESIAN_POINT ( 'NONE',  ( 7.000000000000002665, 0.000000000000000000, -18.00000000000000000 ) ) ;
#5873 = EDGE_CURVE ( 'NONE', #4803, #2524, #4099, .T. ) ;
#5874 = DIRECTION ( 'NONE',  ( -0.000000000000000000, 1.000000000000000000, -0.000000000000000000 ) ) ;
#5875 = VERTEX_POINT ( 'NONE', #930 ) ;
#5876 = CARTESIAN_POINT ( 'NONE',  ( -26.91999999999999815, -6.222539674441619262, -14.59999999999999787 ) ) ;
#5877 = DIRECTION ( 'NONE',  ( 0.000000000000000000, 0.000000000000000000, 1.000000000000000000 ) ) ;
#5878 = CARTESIAN_POINT ( 'NONE',  ( 5.080000000000000071, 1.600000000000000089, -18.00000000000000000 ) ) ;
#5879 = DIRECTION ( 'NONE',  ( -0.000000000000000000, 1.000000000000000000, 0.000000000000000000 ) ) ;
#5880 = EDGE_CURVE ( 'NONE', #4152, #10956, #11419, .T. ) ;
#5881 = PLANE ( 'NONE',  #12921 ) ;
#5882 = VERTEX_POINT ( 'NONE', #2030 ) ;
#5883 = ORIENTED_EDGE ( 'NONE', *, *, #4539, .F. ) ;
#5884 = DIRECTION ( 'NONE',  ( -0.000000000000000000, 1.000000000000000000, -0.000000000000000000 ) ) ;
#5885 = CARTESIAN_POINT ( 'NONE',  ( -21.83999999999999986, 0.000000000000000000, -15.49999999999999645 ) ) ;
#5886 = EDGE_CURVE ( 'NONE', #5297, #3631, #10776, .T. ) ;
#5887 = VERTEX_POINT ( 'NONE', #4011 ) ;
#5888 = DIRECTION ( 'NONE',  ( 1.000000000000000000, 0.000000000000000000, 0.000000000000000000 ) ) ;
#5889 = DIRECTION ( 'NONE',  ( 0.000000000000000000, -0.000000000000000000, -1.000000000000000000 ) ) ;
#5890 = CIRCLE ( 'NONE', #7367, 0.8999999999999980238 ) ;
#5891 = CARTESIAN_POINT ( 'NONE',  ( -20.94000000000000128, 0.000000000000000000, -18.00000000000000000 ) ) ;
#5892 = ADVANCED_FACE ( 'NONE', ( #1069 ), #6031, .T. ) ;
#5893 = EDGE_CURVE ( 'NONE', #1777, #2547, #7439, .T. ) ;
#5894 = FACE_OUTER_BOUND ( 'NONE', #399, .T. ) ;
#5895 = AXIS2_PLACEMENT_3D ( 'NONE', #8445, #3663, #12444 ) ;
#5896 = ORIENTED_EDGE ( 'NONE', *, *, #10867, .F. ) ;
#5897 = PRESENTATION_STYLE_ASSIGNMENT (( #8835 ) ) ;
#5898 = EDGE_CURVE ( 'NONE', #7671, #8792, #4989, .T. ) ;
#5899 = ORIENTED_EDGE ( 'NONE', *, *, #2112, .F. ) ;
#5900 = ORIENTED_EDGE ( 'NONE', *, *, #2531, .T. ) ;
#5901 = VERTEX_POINT ( 'NONE', #82 ) ;
#5902 = DIRECTION ( 'NONE',  ( -1.000000000000000000, 0.000000000000000000, 0.000000000000000000 ) ) ;
#5903 = DIRECTION ( 'NONE',  ( 1.000000000000000000, -0.000000000000000000, 2.775557561562888984E-15 ) ) ;
#5904 = ORIENTED_EDGE ( 'NONE', *, *, #5544, .F. ) ;
#5905 = DIRECTION ( 'NONE',  ( 0.000000000000000000, 0.000000000000000000, 1.000000000000000000 ) ) ;
#5906 = DIRECTION ( 'NONE',  ( -0.000000000000000000, 1.000000000000000000, -0.000000000000000000 ) ) ;
#5907 = ORIENTED_EDGE ( 'NONE', *, *, #3727, .T. ) ;
#5908 = LINE ( 'NONE', #9828, #7909 ) ;
#5909 = CARTESIAN_POINT ( 'NONE',  ( -21.83999999999999986, -6.222539674441619262, -14.59999999999999787 ) ) ;
#5910 = DIRECTION ( 'NONE',  ( 0.000000000000000000, 0.000000000000000000, 1.000000000000000000 ) ) ;
#5911 = ORIENTED_EDGE ( 'NONE', *, *, #3750, .T. ) ;
#5912 = DIRECTION ( 'NONE',  ( 0.000000000000000000, 0.000000000000000000, 1.000000000000000000 ) ) ;
#5913 = VERTEX_POINT ( 'NONE', #10941 ) ;
#5914 = ORIENTED_EDGE ( 'NONE', *, *, #8864, .F. ) ;
#5915 = VERTEX_POINT ( 'NONE', #7932 ) ;
#5916 = CYLINDRICAL_SURFACE ( 'NONE', #11684, 0.4999999999999987232 ) ;
#5917 = CARTESIAN_POINT ( 'NONE',  ( -10.04000000000003823, -6.222539674441619262, -9.131584377541916332E-14 ) ) ;
#5918 = EDGE_LOOP ( 'NONE', ( #866, #506, #8398, #3941 ) ) ;
#5919 = FACE_OUTER_BOUND ( 'NONE', #10559, .T. ) ;
#5920 = ORIENTED_EDGE ( 'NONE', *, *, #11365, .F. ) ;
#5921 = DIRECTION ( 'NONE',  ( 0.000000000000000000, 1.000000000000000000, 0.000000000000000000 ) ) ;
#5922 =( NAMED_UNIT ( * ) SI_UNIT ( $, .STERADIAN. ) SOLID_ANGLE_UNIT ( ) );
#5923 = VECTOR ( 'NONE', #646, 1000.000000000000000 ) ;
#5924 = FACE_OUTER_BOUND ( 'NONE', #328, .T. ) ;
#5925 = LINE ( 'NONE', #4941, #172 ) ;
#5926 = DIRECTION ( 'NONE',  ( 0.7071067811865516806, 0.000000000000000000, -0.7071067811865434649 ) ) ;
#5927 = ORIENTED_EDGE ( 'NONE', *, *, #2934, .T. ) ;
#5928 = SPHERICAL_SURFACE ( 'NONE', #7299, 0.2000000000000000111 ) ;
#5929 = EDGE_CURVE ( 'NONE', #984, #9509, #6392, .T. ) ;
#5930 = ORIENTED_EDGE ( 'NONE', *, *, #10930, .F. ) ;
#5931 = SURFACE_SIDE_STYLE ('',( #6164 ) ) ;
#5932 = VECTOR ( 'NONE', #10344, 1000.000000000000000 ) ;
#5933 = ADVANCED_FACE ( 'NONE', ( #8054 ), #9096, .T. ) ;
#5934 = CARTESIAN_POINT ( 'NONE',  ( 40.00000000000002132, 6.200000000000033928, -4.250000000000000000 ) ) ;
#5935 = DIRECTION ( 'NONE',  ( -0.7071067811865546782, 0.000000000000000000, 0.7071067811865403563 ) ) ;
#5936 = ORIENTED_EDGE ( 'NONE', *, *, #12349, .T. ) ;
#5937 = DIRECTION ( 'NONE',  ( -1.000000000000000000, -0.000000000000000000, -0.000000000000000000 ) ) ;
#5938 = LINE ( 'NONE', #1103, #2301 ) ;
#5939 = DIRECTION ( 'NONE',  ( -0.000000000000000000, 1.000000000000000000, -0.000000000000000000 ) ) ;
#5940 = LINE ( 'NONE', #10112, #9379 ) ;
#5941 = EDGE_CURVE ( 'NONE', #9347, #11569, #4135, .T. ) ;
#5942 = LINE ( 'NONE', #967, #7889 ) ;
#5943 = AXIS2_PLACEMENT_3D ( 'NONE', #12004, #11021, #37 ) ;
#5944 = VERTEX_POINT ( 'NONE', #12129 ) ;
#5945 = CARTESIAN_POINT ( 'NONE',  ( 33.02000000000000313, 1.600000000000000089, 0.000000000000000000 ) ) ;
#5946 = ORIENTED_EDGE ( 'NONE', *, *, #9530, .F. ) ;
#5947 = CARTESIAN_POINT ( 'NONE',  ( -32.00000000000000000, 0.000000000000000000, -15.49999999999999645 ) ) ;
#5948 = DIRECTION ( 'NONE',  ( -0.000000000000000000, 1.000000000000000000, -0.000000000000000000 ) ) ;
#5949 = EDGE_LOOP ( 'NONE', ( #9608, #2826, #4829, #6550 ) ) ;
#5950 = FACE_OUTER_BOUND ( 'NONE', #5949, .T. ) ;
#5951 = DIRECTION ( 'NONE',  ( 0.000000000000000000, 0.000000000000000000, -1.000000000000000000 ) ) ;
#5952 = DIRECTION ( 'NONE',  ( 0.000000000000000000, 1.000000000000000000, -0.000000000000000000 ) ) ;
#5953 = PLANE ( 'NONE',  #10216 ) ;
#5954 = ORIENTED_EDGE ( 'NONE', *, *, #3668, .F. ) ;
#5955 = CARTESIAN_POINT ( 'NONE',  ( 34.10000000000000142, 8.599999999999999645, -0.000000000000000000 ) ) ;
#5956 = ADVANCED_FACE ( 'NONE', ( #3946, #2163 ), #11928, .T. ) ;
#5957 = EDGE_LOOP ( 'NONE', ( #12674, #2957 ) ) ;
#5958 = EDGE_CURVE ( 'NONE', #12875, #2813, #12470, .T. ) ;
#5959 = VERTEX_POINT ( 'NONE', #7857 ) ;
#5960 = EDGE_CURVE ( 'NONE', #10694, #7438, #3873, .T. ) ;
#5961 = ORIENTED_EDGE ( 'NONE', *, *, #531, .T. ) ;
#5962 = PLANE ( 'NONE',  #12334 ) ;
#5963 = DIRECTION ( 'NONE',  ( 0.000000000000000000, 1.000000000000000000, 0.000000000000000000 ) ) ;
#5964 = ORIENTED_EDGE ( 'NONE', *, *, #512, .T. ) ;
#5965 = DIRECTION ( 'NONE',  ( -0.000000000000000000, 1.000000000000000000, -0.000000000000000000 ) ) ;
#5966 = DIRECTION ( 'NONE',  ( 1.000000000000000000, -0.000000000000000000, -0.000000000000000000 ) ) ;
#5967 = ORIENTED_EDGE ( 'NONE', *, *, #5380, .T. ) ;
#5968 = CARTESIAN_POINT ( 'NONE',  ( 34.95000000000000284, 8.599999999999997868, 11.50000000000000178 ) ) ;
#5969 = CARTESIAN_POINT ( 'NONE',  ( 35.35000000000000853, 5.699999999999992184, 11.89999999999999858 ) ) ;
#5970 = AXIS2_PLACEMENT_3D ( 'NONE', #383, #8174, #3127 ) ;
#5971 = ADVANCED_FACE ( 'NONE', ( #7461 ), #7403, .T. ) ;
#5972 = DIRECTION ( 'NONE',  ( -1.000000000000000000, 2.775557561563175735E-15, -0.000000000000000000 ) ) ;
#5973 = ORIENTED_EDGE ( 'NONE', *, *, #2771, .T. ) ;
#5974 = ORIENTED_EDGE ( 'NONE', *, *, #1263, .T. ) ;
#5975 = ORIENTED_EDGE ( 'NONE', *, *, #9987, .T. ) ;
#5976 = ORIENTED_EDGE ( 'NONE', *, *, #3709, .F. ) ;
#5977 = FACE_OUTER_BOUND ( 'NONE', #9469, .T. ) ;
#5978 = CARTESIAN_POINT ( 'NONE',  ( -40.00000000000000000, 0.000000000000000000, -18.00000000000000000 ) ) ;
#5979 = ORIENTED_EDGE ( 'NONE', *, *, #2463, .F. ) ;
#5980 = CARTESIAN_POINT ( 'NONE',  ( 35.14999999999999858, 8.252863412218344408, 11.66046488354881738 ) ) ;
#5981 = EDGE_CURVE ( 'NONE', #3332, #1512, #8325, .T. ) ;
#5982 = EDGE_LOOP ( 'NONE', ( #11293, #7208, #8690, #4012 ) ) ;
#5983 = LINE ( 'NONE', #9117, #7270 ) ;
#5984 = FACE_OUTER_BOUND ( 'NONE', #5264, .T. ) ;
#5985 = DIRECTION ( 'NONE',  ( 0.000000000000000000, -1.000000000000000000, 0.000000000000000000 ) ) ;
#5986 = ADVANCED_FACE ( 'NONE', ( #2431 ), #11339, .F. ) ;
#5987 = DIRECTION ( 'NONE',  ( -0.000000000000000000, 1.000000000000000000, -0.000000000000000000 ) ) ;
#5988 = DIRECTION ( 'NONE',  ( 0.000000000000000000, 1.000000000000000000, 0.000000000000000000 ) ) ;
#5989 = ORIENTED_EDGE ( 'NONE', *, *, #12512, .T. ) ;
#5990 = DIRECTION ( 'NONE',  ( 0.000000000000000000, 0.000000000000000000, -1.000000000000000000 ) ) ;
#5991 = ORIENTED_EDGE ( 'NONE', *, *, #3590, .T. ) ;
#5992 = CIRCLE ( 'NONE', #8299, 0.2000000000000005107 ) ;
#5993 = DIRECTION ( 'NONE',  ( 0.000000000000000000, 0.000000000000000000, -1.000000000000000000 ) ) ;
#5994 = CARTESIAN_POINT ( 'NONE',  ( -0.9192388155425117446, -16.60000000000000497, 10.54791847198287336 ) ) ;
#5995 = ORIENTED_EDGE ( 'NONE', *, *, #12059, .T. ) ;
#5996 = AXIS2_PLACEMENT_3D ( 'NONE', #10360, #3434, #2450 ) ;
#5997 = SURFACE_STYLE_USAGE ( .BOTH. , #12093 ) ;
#5998 = CARTESIAN_POINT ( 'NONE',  ( 0.000000000000000000, 8.500000000000000000, 10.07500000000000462 ) ) ;
#5999 = EDGE_CURVE ( 'NONE', #5868, #1925, #7603, .T. ) ;
#6000 = CARTESIAN_POINT ( 'NONE',  ( -0.6200000000000025491, 0.000000000000000000, -15.49999999999999645 ) ) ;
#6001 = CYLINDRICAL_SURFACE ( 'NONE', #11884, 0.4000000000000010214 ) ;
#6002 = AXIS2_PLACEMENT_3D ( 'NONE', #5134, #9901, #3036 ) ;
#6003 = FACE_OUTER_BOUND ( 'NONE', #4660, .T. ) ;
#6004 = VECTOR ( 'NONE', #2311, 1000.000000000000000 ) ;
#6005 = ORIENTED_EDGE ( 'NONE', *, *, #9797, .F. ) ;
#6006 = CIRCLE ( 'NONE', #7896, 0.8999999999999980238 ) ;
#6007 = AXIS2_PLACEMENT_3D ( 'NONE', #10109, #9913, #3910 ) ;
#6008 = CARTESIAN_POINT ( 'NONE',  ( -23.48000000000000043, 1.600000000000000089, -18.00000000000000000 ) ) ;
#6009 = VECTOR ( 'NONE', #272, 1000.000000000000114 ) ;
#6010 = DIRECTION ( 'NONE',  ( 0.000000000000000000, -1.000000000000000000, 0.000000000000000000 ) ) ;
#6011 = EDGE_LOOP ( 'NONE', ( #4021, #2867 ) ) ;
#6012 = DIRECTION ( 'NONE',  ( 0.000000000000000000, 1.000000000000000000, 0.000000000000000000 ) ) ;
#6013 = AXIS2_PLACEMENT_3D ( 'NONE', #2087, #12892, #10862 ) ;
#6014 = CARTESIAN_POINT ( 'NONE',  ( -9.139999999999998792, 0.000000000000000000, -15.49999999999999645 ) ) ;
#6015 = AXIS2_PLACEMENT_3D ( 'NONE', #4904, #10926, #6858 ) ;
#6016 = EDGE_CURVE ( 'NONE', #3197, #9036, #9173, .T. ) ;
#6017 = CARTESIAN_POINT ( 'NONE',  ( 3.560000000000000497, -6.222539674441619262, -15.49999999999999645 ) ) ;
#6018 = AXIS2_PLACEMENT_3D ( 'NONE', #85, #5120, #8057 ) ;
#6019 = CARTESIAN_POINT ( 'NONE',  ( -23.48000000000000043, 0.000000000000000000, -15.49999999999999645 ) ) ;
#6020 = AXIS2_PLACEMENT_3D ( 'NONE', #12058, #9244, #7998 ) ;
#6021 = VECTOR ( 'NONE', #10955, 1000.000000000000000 ) ;
#6022 = ORIENTED_EDGE ( 'NONE', *, *, #419, .F. ) ;
#6023 = CARTESIAN_POINT ( 'NONE',  ( 34.95000000000000284, 8.199999999999999289, 11.69292893218813667 ) ) ;
#6024 = EDGE_CURVE ( 'NONE', #1, #10805, #1952, .T. ) ;
#6025 = EDGE_CURVE ( 'NONE', #7029, #12376, #3637, .T. ) ;
#6026 = ORIENTED_EDGE ( 'NONE', *, *, #7809, .T. ) ;
#6027 = DIRECTION ( 'NONE',  ( -0.000000000000000000, 1.000000000000000000, -0.000000000000000000 ) ) ;
#6028 = DIRECTION ( 'NONE',  ( 1.000000000000000000, -0.000000000000000000, 2.775557561562888984E-15 ) ) ;
#6029 = ORIENTED_EDGE ( 'NONE', *, *, #3161, .T. ) ;
#6030 = SURFACE_STYLE_USAGE ( .BOTH. , #7070 ) ;
#6031 = PLANE ( 'NONE',  #126 ) ;
#6032 = VECTOR ( 'NONE', #5379, 1000.000000000000000 ) ;
#6033 = CARTESIAN_POINT ( 'NONE',  ( -21.83999999999999986, 0.000000000000000000, -15.49999999999999645 ) ) ;
#6034 = ORIENTED_EDGE ( 'NONE', *, *, #3185, .F. ) ;
#6035 = VECTOR ( 'NONE', #5733, 1000.000000000000114 ) ;
#6036 = CYLINDRICAL_SURFACE ( 'NONE', #6018, 0.8999999999999980238 ) ;
#6037 = ADVANCED_FACE ( 'NONE', ( #4464 ), #5181, .F. ) ;
#6038 = DIRECTION ( 'NONE',  ( 0.000000000000000000, 0.000000000000000000, 1.000000000000000000 ) ) ;
#6039 = EDGE_CURVE ( 'NONE', #4244, #369, #1462, .T. ) ;
#6040 = LINE ( 'NONE', #5189, #9370 ) ;
#6041 = VECTOR ( 'NONE', #12840, 1000.000000000000000 ) ;
#6042 = DIRECTION ( 'NONE',  ( 0.000000000000000000, 1.000000000000000000, 0.000000000000000000 ) ) ;
#6043 =( NAMED_UNIT ( * ) PLANE_ANGLE_UNIT ( ) SI_UNIT ( $, .RADIAN. ) );
#6044 = PRODUCT_DEFINITION_SHAPE ( 'NONE', 'NONE',  #5698 ) ;
#6045 = AXIS2_PLACEMENT_3D ( 'NONE', #6565, #5531, #5474 ) ;
#6046 = VERTEX_POINT ( 'NONE', #2229 ) ;
#6047 = ORIENTED_EDGE ( 'NONE', *, *, #10487, .F. ) ;
#6048 = AXIS2_PLACEMENT_3D ( 'NONE', #2814, #11924, #9879 ) ;
#6049 = ORIENTED_EDGE ( 'NONE', *, *, #4517, .F. ) ;
#6050 = DIRECTION ( 'NONE',  ( 0.7071067811865547892, 0.000000000000000000, -0.7071067811865403563 ) ) ;
#6051 = CARTESIAN_POINT ( 'NONE',  ( 33.80000000000000426, 8.400000000000000355, 6.250000000000006217 ) ) ;
#6052 = ORIENTED_EDGE ( 'NONE', *, *, #12542, .F. ) ;
#6053 = STYLED_ITEM ( 'NONE', ( #5482 ), #6956 ) ;
#6054 = CARTESIAN_POINT ( 'NONE',  ( 15.24000000000000021, 0.000000000000000000, -18.00000000000000000 ) ) ;
#6055 = VERTEX_POINT ( 'NONE', #3472 ) ;
#6056 = AXIS2_PLACEMENT_3D ( 'NONE', #7337, #525, #8316 ) ;
#6057 = CARTESIAN_POINT ( 'NONE',  ( -10.03999999999999737, 1.600000000000000089, -15.49999999999999645 ) ) ;
#6058 = DIRECTION ( 'NONE',  ( 0.000000000000000000, 0.000000000000000000, 1.000000000000000000 ) ) ;
#6059 = CARTESIAN_POINT ( 'NONE',  ( -4.959999999999995524, 0.000000000000000000, -15.49999999999999645 ) ) ;
#6060 = CARTESIAN_POINT ( 'NONE',  ( 1.919999999999998153, 0.000000000000000000, -15.49999999999999645 ) ) ;
#6061 = CYLINDRICAL_SURFACE ( 'NONE', #7451, 0.4999999999999987232 ) ;
#6062 = AXIS2_PLACEMENT_3D ( 'NONE', #6731, #662, #4651 ) ;
#6063 = ORIENTED_EDGE ( 'NONE', *, *, #10680, .T. ) ;
#6064 = DIRECTION ( 'NONE',  ( 2.453639994309486675E-17, -1.000000000000000000, 3.571489509364004629E-15 ) ) ;
#6065 = EDGE_CURVE ( 'NONE', #12832, #8784, #5318, .T. ) ;
#6066 = ORIENTED_EDGE ( 'NONE', *, *, #3881, .F. ) ;
#6067 = VECTOR ( 'NONE', #12062, 1000.000000000000000 ) ;
#6068 = LINE ( 'NONE', #1156, #12679 ) ;
#6069 = ADVANCED_FACE ( 'NONE', ( #9365 ), #1382, .T. ) ;
#6070 = CARTESIAN_POINT ( 'NONE',  ( -34.95000000000002416, 82.49217232609667860, 11.70000000000002416 ) ) ;
#6071 = ORIENTED_EDGE ( 'NONE', *, *, #12691, .T. ) ;
#6072 = AXIS2_PLACEMENT_3D ( 'NONE', #8068, #11872, #8147 ) ;
#6073 = AXIS2_PLACEMENT_3D ( 'NONE', #11535, #5750, #720 ) ;
#6074 = DIRECTION ( 'NONE',  ( 0.000000000000000000, 1.000000000000000000, 0.000000000000000000 ) ) ;
#6075 = LINE ( 'NONE', #10049, #8570 ) ;
#6076 = DIRECTION ( 'NONE',  ( -0.000000000000000000, 1.000000000000000000, -0.000000000000000000 ) ) ;
#6077 = CARTESIAN_POINT ( 'NONE',  ( -37.70000000000000284, 0.000000000000000000, -17.89999999999999858 ) ) ;
#6078 = CARTESIAN_POINT ( 'NONE',  ( 35.14292893218813418, 8.200000000000002842, -11.69797999999999938 ) ) ;
#6079 = ORIENTED_EDGE ( 'NONE', *, *, #130, .F. ) ;
#6080 = ORIENTED_EDGE ( 'NONE', *, *, #1634, .T. ) ;
#6081 = DIRECTION ( 'NONE',  ( 1.000000000000000000, -2.775557561563175735E-15, -0.000000000000000000 ) ) ;
#6082 = CARTESIAN_POINT ( 'NONE',  ( -8.240000000000000213, 0.000000000000000000, -15.49999999999999645 ) ) ;
#6083 = VERTEX_POINT ( 'NONE', #10212 ) ;
#6084 = LINE ( 'NONE', #8830, #12358 ) ;
#6085 = LINE ( 'NONE', #9870, #1006 ) ;
#6086 = DIRECTION ( 'NONE',  ( 0.000000000000000000, 0.000000000000000000, 1.000000000000000000 ) ) ;
#6087 = FACE_OUTER_BOUND ( 'NONE', #12758, .T. ) ;
#6088 = ADVANCED_FACE ( 'NONE', ( #12392 ), #217, .T. ) ;
#6089 = VERTEX_POINT ( 'NONE', #3418 ) ;
#6090 = CARTESIAN_POINT ( 'NONE',  ( -1.520000000000000462, 1.600000000000000089, -15.49999999999999645 ) ) ;
#6091 = DIRECTION ( 'NONE',  ( 0.000000000000000000, 0.000000000000000000, 1.000000000000000000 ) ) ;
#6092 = ADVANCED_FACE ( 'NONE', ( #7198 ), #11194, .F. ) ;
#6093 = ORIENTED_EDGE ( 'NONE', *, *, #11030, .F. ) ;
#6094 = CARTESIAN_POINT ( 'NONE',  ( 35.14292893218813418, 8.200000000000002842, 11.90200000000000102 ) ) ;
#6095 = CARTESIAN_POINT ( 'NONE',  ( -12.58000000000003915, 0.000000000000000000, -9.131584377541916332E-14 ) ) ;
#6096 = ORIENTED_EDGE ( 'NONE', *, *, #1728, .T. ) ;
#6097 = CARTESIAN_POINT ( 'NONE',  ( -31.79791847198285737, 0.000000000000000000, 12.66923881554250997 ) ) ;
#6098 = LINE ( 'NONE', #10882, #7473 ) ;
#6099 = ORIENTED_EDGE ( 'NONE', *, *, #5634, .F. ) ;
#6100 = CARTESIAN_POINT ( 'NONE',  ( 12.70000000000000107, 0.000000000000000000, -18.00000000000000000 ) ) ;
#6101 = FACE_OUTER_BOUND ( 'NONE', #336, .T. ) ;
#6102 = ADVANCED_FACE ( 'NONE', ( #9237 ), #279, .F. ) ;
#6103 = DIRECTION ( 'NONE',  ( 0.000000000000000000, 0.000000000000000000, -1.000000000000000000 ) ) ;
#6104 = VECTOR ( 'NONE', #12109, 1000.000000000000000 ) ;
#6105 = LINE ( 'NONE', #10223, #7032 ) ;
#6106 = FILL_AREA_STYLE_COLOUR ( '', #11508 ) ;
#6107 = VERTEX_POINT ( 'NONE', #2310 ) ;
#6108 = ORIENTED_EDGE ( 'NONE', *, *, #2875, .F. ) ;
#6109 = ORIENTED_EDGE ( 'NONE', *, *, #6458, .F. ) ;
#6110 = CARTESIAN_POINT ( 'NONE',  ( -34.79999999999999005, 8.400000000000000355, 6.250000000000006217 ) ) ;
#6111 = CARTESIAN_POINT ( 'NONE',  ( 37.70000000000032969, 0.000000000000000000, 15.69999999999999929 ) ) ;
#6112 = EDGE_LOOP ( 'NONE', ( #10293, #5020, #2343, #3842 ) ) ;
#6113 = CYLINDRICAL_SURFACE ( 'NONE', #3810, 0.8999999999999980238 ) ;
#6114 = EDGE_CURVE ( 'NONE', #8919, #6908, #10283, .T. ) ;
#6115 = PLANE ( 'NONE',  #5790 ) ;
#6116 = ORIENTED_EDGE ( 'NONE', *, *, #51, .T. ) ;
#6117 = CARTESIAN_POINT ( 'NONE',  ( -14.22000000000000064, 1.600000000000000089, -15.49999999999999645 ) ) ;
#6118 = CARTESIAN_POINT ( 'NONE',  ( -40.00000000000000000, 0.000000000000000000, -18.00000000000000000 ) ) ;
#6119 = DIRECTION ( 'NONE',  ( 0.000000000000000000, 1.000000000000000000, 0.000000000000000000 ) ) ;
#6120 = DIRECTION ( 'NONE',  ( 0.000000000000000000, 0.000000000000000000, 1.000000000000000000 ) ) ;
#6121 = ORIENTED_EDGE ( 'NONE', *, *, #8153, .T. ) ;
#6122 = CARTESIAN_POINT ( 'NONE',  ( 33.80000000000000426, 6.899999999999999467, 7.250000000000006217 ) ) ;
#6123 = EDGE_LOOP ( 'NONE', ( #8575, #9677, #8855, #8816 ) ) ;
#6124 = FACE_OUTER_BOUND ( 'NONE', #1768, .T. ) ;
#6125 = CARTESIAN_POINT ( 'NONE',  ( -33.79999999999999005, 8.599999999999999645, -7.249999999999994671 ) ) ;
#6126 = EDGE_LOOP ( 'NONE', ( #2902, #9223, #5247, #10275 ) ) ;
#6127 = EDGE_CURVE ( 'NONE', #393, #8196, #8772, .T. ) ;
#6128 = EDGE_CURVE ( 'NONE', #4035, #12247, #8599, .T. ) ;
#6129 = CARTESIAN_POINT ( 'NONE',  ( -40.00000000000000000, 0.000000000000000000, -18.00000000000000000 ) ) ;
#6130 = CARTESIAN_POINT ( 'NONE',  ( -35.05439733175265360, 8.378445380721959879, -11.56430964406271400 ) ) ;
#6131 = EDGE_CURVE ( 'NONE', #2722, #10266, #862, .T. ) ;
#6132 = LINE ( 'NONE', #7379, #10362 ) ;
#6133 = DIRECTION ( 'NONE',  ( 0.000000000000000000, 0.000000000000000000, 1.000000000000000000 ) ) ;
#6134 = CARTESIAN_POINT ( 'NONE',  ( -19.29999999999999716, -6.222539674441619262, -15.99999999999999645 ) ) ;
#6135 = ORIENTED_EDGE ( 'NONE', *, *, #6789, .T. ) ;
#6136 = COLOUR_RGB ( '',1.000000000000000000, 0.8117647058823529438, 0.5019607843137254832 ) ;
#6137 = DIRECTION ( 'NONE',  ( -0.000000000000000000, -1.000000000000000000, 0.000000000000000000 ) ) ;
#6138 = ORIENTED_EDGE ( 'NONE', *, *, #5788, .T. ) ;
#6139 = DIRECTION ( 'NONE',  ( -0.000000000000000000, 1.000000000000000000, -0.000000000000000000 ) ) ;
#6140 = DIRECTION ( 'NONE',  ( 0.000000000000000000, -1.000000000000000000, 0.000000000000000000 ) ) ;
#6141 = VERTEX_POINT ( 'NONE', #8508 ) ;
#6142 = CARTESIAN_POINT ( 'NONE',  ( -34.13137084989848802, -2.399999999999999467, -10.76005050633884963 ) ) ;
#6143 = EDGE_CURVE ( 'NONE', #10876, #2136, #8579, .T. ) ;
#6144 = CARTESIAN_POINT ( 'NONE',  ( 35.35000000000000142, 1.600000000000062927, -11.90000000000002522 ) ) ;
#6145 = DIRECTION ( 'NONE',  ( 0.000000000000000000, 0.000000000000000000, 1.000000000000000000 ) ) ;
#6146 = FACE_OUTER_BOUND ( 'NONE', #4416, .T. ) ;
#6147 = VERTEX_POINT ( 'NONE', #8637 ) ;
#6148 = CARTESIAN_POINT ( 'NONE',  ( -31.86862915010151553, -2.399999999999999467, -12.73994949366115925 ) ) ;
#6149 = VERTEX_POINT ( 'NONE', #11775 ) ;
#6150 = CARTESIAN_POINT ( 'NONE',  ( 34.95000000000000284, 8.600000000000001421, -11.50000000000000000 ) ) ;
#6151 = LINE ( 'NONE', #5507, #11661 ) ;
#6152 = EDGE_LOOP ( 'NONE', ( #9483, #7417, #8897, #4983 ) ) ;
#6153 = DIRECTION ( 'NONE',  ( 0.000000000000000000, 1.000000000000000000, -0.000000000000000000 ) ) ;
#6154 = DIRECTION ( 'NONE',  ( 0.000000000000000000, 1.000000000000000000, 0.000000000000000000 ) ) ;
#6155 = EDGE_LOOP ( 'NONE', ( #1503, #6743, #4730, #11176 ) ) ;
#6156 = CARTESIAN_POINT ( 'NONE',  ( 6.100000000000001421, 0.000000000000000000, -14.59999999999999787 ) ) ;
#6157 = EDGE_CURVE ( 'NONE', #6566, #8592, #6782, .T. ) ;
#6158 = SURFACE_STYLE_FILL_AREA ( #12257 ) ;
#6159 = ADVANCED_FACE ( 'NONE', ( #6597 ), #2621, .F. ) ;
#6160 = DIRECTION ( 'NONE',  ( 0.000000000000000000, 0.000000000000000000, 1.000000000000000000 ) ) ;
#6161 = CARTESIAN_POINT ( 'NONE',  ( -4.960000000000037268, 1.600000000000000089, -9.131584377541916332E-14 ) ) ;
#6162 = CARTESIAN_POINT ( 'NONE',  ( 35.14999999999999858, 6.200000000000047251, -3.749999999999999556 ) ) ;
#6163 = ORIENTED_EDGE ( 'NONE', *, *, #6675, .F. ) ;
#6164 = SURFACE_STYLE_FILL_AREA ( #2173 ) ;
#6165 = ORIENTED_EDGE ( 'NONE', *, *, #1473, .T. ) ;
#6166 = ORIENTED_EDGE ( 'NONE', *, *, #7625, .T. ) ;
#6167 = PLANE ( 'NONE',  #4170 ) ;
#6168 = DIRECTION ( 'NONE',  ( 0.000000000000000000, 0.000000000000000000, 1.000000000000000000 ) ) ;
#6169 = ORIENTED_EDGE ( 'NONE', *, *, #4795, .F. ) ;
#6170 = DIRECTION ( 'NONE',  ( 1.000000000000000000, -0.000000000000000000, 0.000000000000000000 ) ) ;
#6171 = CARTESIAN_POINT ( 'NONE',  ( -35.15000000000000568, 1.600000000000000089, -11.70000000000002416 ) ) ;
#6172 = EDGE_LOOP ( 'NONE', ( #5294, #909, #2668, #7584 ) ) ;
#6173 =( LENGTH_UNIT ( ) NAMED_UNIT ( * ) SI_UNIT ( .MILLI., .METRE. ) );
#6174 = DIRECTION ( 'NONE',  ( -1.000000000000000000, 0.000000000000000000, -0.000000000000000000 ) ) ;
#6175 = CARTESIAN_POINT ( 'NONE',  ( 0.000000000000000000, 8.599999999999999645, -10.07500000000000462 ) ) ;
#6176 = DIRECTION ( 'NONE',  ( -0.000000000000000000, 1.000000000000000000, -0.000000000000000000 ) ) ;
#6177 = EDGE_CURVE ( 'NONE', #6195, #9278, #9671, .T. ) ;
#6178 = DIRECTION ( 'NONE',  ( 0.000000000000000000, 1.000000000000000000, -0.000000000000000000 ) ) ;
#6179 = ORIENTED_EDGE ( 'NONE', *, *, #4848, .F. ) ;
#6180 = LINE ( 'NONE', #12221, #3337 ) ;
#6181 = AXIS2_PLACEMENT_3D ( 'NONE', #1426, #4301, #11315 ) ;
#6182 = VERTEX_POINT ( 'NONE', #11719 ) ;
#6183 = CARTESIAN_POINT ( 'NONE',  ( -33.64999999999999858, 8.500000000000000000, -10.07500000000000462 ) ) ;
#6184 = CARTESIAN_POINT ( 'NONE',  ( 35.14292893218813418, 8.200000000000001066, -11.70000000000000107 ) ) ;
#6185 = AXIS2_PLACEMENT_3D ( 'NONE', #9041, #4916, #1907 ) ;
#6186 = EDGE_CURVE ( 'NONE', #7121, #7620, #8583, .T. ) ;
#6187 = FILL_AREA_STYLE_COLOUR ( '', #373 ) ;
#6188 = CARTESIAN_POINT ( 'NONE',  ( -35.07858792438691609, 8.304477179455741265, -11.67845174216928505 ) ) ;
#6189 = CARTESIAN_POINT ( 'NONE',  ( -17.66000000000003922, 0.000000000000000000, -9.131584377541916332E-14 ) ) ;
#6190 = VECTOR ( 'NONE', #1830, 1000.000000000000000 ) ;
#6191 = PLANE ( 'NONE',  #5169 ) ;
#6192 = EDGE_CURVE ( 'NONE', #2884, #9095, #12695, .T. ) ;
#6193 = CARTESIAN_POINT ( 'NONE',  ( -19.29999999999999716, -6.222539674441619262, -15.49999999999999645 ) ) ;
#6194 = ADVANCED_FACE ( 'NONE', ( #4521 ), #1649, .F. ) ;
#6195 = VERTEX_POINT ( 'NONE', #780 ) ;
#6196 = AXIS2_PLACEMENT_3D ( 'NONE', #12948, #8866, #2979 ) ;
#6197 = LINE ( 'NONE', #11440, #1470 ) ;
#6198 = VECTOR ( 'NONE', #4949, 1000.000000000000000 ) ;
#6199 = VERTEX_POINT ( 'NONE', #7726 ) ;
#6200 = ORIENTED_EDGE ( 'NONE', *, *, #12191, .T. ) ;
#6201 = VECTOR ( 'NONE', #5086, 1000.000000000000000 ) ;
#6202 = DIRECTION ( 'NONE',  ( 1.000000000000000000, -0.000000000000000000, 0.000000000000000000 ) ) ;
#6203 = DIRECTION ( 'NONE',  ( 2.775557561562888984E-15, 0.000000000000000000, -1.000000000000000000 ) ) ;
#6204 = ORIENTED_EDGE ( 'NONE', *, *, #6536, .F. ) ;
#6205 = CARTESIAN_POINT ( 'NONE',  ( -17.66000000000003922, 1.600000000000000089, -9.131584377541916332E-14 ) ) ;
#6206 = DIRECTION ( 'NONE',  ( -1.000000000000000000, 0.000000000000000000, -0.000000000000000000 ) ) ;
#6207 = CLOSED_SHELL ( 'NONE', ( #149, #2939, #12286, #2426, #4666, #11625 ) ) ;
#6208 = FACE_OUTER_BOUND ( 'NONE', #7526, .T. ) ;
#6209 = AXIS2_PLACEMENT_3D ( 'NONE', #2815, #9747, #12786 ) ;
#6210 = VECTOR ( 'NONE', #1282, 1000.000000000000000 ) ;
#6211 = DIRECTION ( 'NONE',  ( 0.000000000000000000, 1.000000000000000000, -0.000000000000000000 ) ) ;
#6212 = CARTESIAN_POINT ( 'NONE',  ( -21.83999999999999986, 1.600000000000000089, -14.59999999999999787 ) ) ;
#6213 = EDGE_CURVE ( 'NONE', #3449, #2113, #5633, .T. ) ;
#6214 = ORIENTED_EDGE ( 'NONE', *, *, #11815, .T. ) ;
#6215 = DIRECTION ( 'NONE',  ( 2.775557561562888984E-15, 0.000000000000000000, -1.000000000000000000 ) ) ;
#6216 = AXIS2_PLACEMENT_3D ( 'NONE', #12578, #8506, #1574 ) ;
#6217 = VERTEX_POINT ( 'NONE', #659 ) ;
#6218 = DIRECTION ( 'NONE',  ( 0.000000000000000000, 0.000000000000000000, 1.000000000000000000 ) ) ;
#6219 = ADVANCED_FACE ( 'NONE', ( #7655, #6542 ), #3666, .T. ) ;
#6220 = CIRCLE ( 'NONE', #6620, 0.8999999999999980238 ) ;
#6221 = PRESENTATION_STYLE_ASSIGNMENT (( #1320 ) ) ;
#6222 = ORIENTED_EDGE ( 'NONE', *, *, #4577, .F. ) ;
#6223 = DIRECTION ( 'NONE',  ( 1.000000000000000000, -0.000000000000000000, 2.775557561562888984E-15 ) ) ;
#6224 = CARTESIAN_POINT ( 'NONE',  ( 5.200000000000009948, -6.222539674441619262, -18.00000000000000000 ) ) ;
#6225 = ORIENTED_EDGE ( 'NONE', *, *, #2810, .T. ) ;
#6226 = CARTESIAN_POINT ( 'NONE',  ( -6.599999999999997868, 0.000000000000000000, -15.49999999999999645 ) ) ;
#6227 = AXIS2_PLACEMENT_3D ( 'NONE', #3308, #11301, #2335 ) ;
#6228 = VECTOR ( 'NONE', #10806, 1000.000000000000000 ) ;
#6229 = DIRECTION ( 'NONE',  ( 1.000000000000000000, 3.491481338843133355E-15, 5.176137173774957533E-32 ) ) ;
#6230 = VECTOR ( 'NONE', #9455, 1000.000000000000000 ) ;
#6231 = CIRCLE ( 'NONE', #12511, 0.4500000000000007327 ) ;
#6232 = FACE_OUTER_BOUND ( 'NONE', #7551, .T. ) ;
#6233 = CIRCLE ( 'NONE', #595, 2.199999999999998845 ) ;
#6234 = DIRECTION ( 'NONE',  ( 1.000000000000000000, 0.000000000000000000, -0.000000000000000000 ) ) ;
#6235 = ORIENTED_EDGE ( 'NONE', *, *, #6748, .T. ) ;
#6236 = DIRECTION ( 'NONE',  ( 0.000000000000000000, 0.000000000000000000, 1.000000000000000000 ) ) ;
#6237 = VERTEX_POINT ( 'NONE', #3801 ) ;
#6238 = VECTOR ( 'NONE', #9302, 1000.000000000000000 ) ;
#6239 = EDGE_LOOP ( 'NONE', ( #8943, #11337, #4502, #6294, #12414 ) ) ;
#6240 = CARTESIAN_POINT ( 'NONE',  ( -34.95000000000000995, 8.199999999999999289, -11.50000000000002487 ) ) ;
#6241 = AXIS2_PLACEMENT_3D ( 'NONE', #11361, #3630, #10445 ) ;
#6242 = FACE_OUTER_BOUND ( 'NONE', #3920, .T. ) ;
#6243 = ORIENTED_EDGE ( 'NONE', *, *, #10998, .T. ) ;
#6244 = DIRECTION ( 'NONE',  ( 0.000000000000000000, 0.000000000000000000, -1.000000000000000000 ) ) ;
#6245 = CYLINDRICAL_SURFACE ( 'NONE', #368, 0.2000000000000005107 ) ;
#6246 = EDGE_LOOP ( 'NONE', ( #11878, #9043, #5479, #5674 ) ) ;
#6247 = CARTESIAN_POINT ( 'NONE',  ( -8.240000000000000213, 1.600000000000000089, -15.49999999999999645 ) ) ;
#6248 = PLANE ( 'NONE',  #1049 ) ;
#6249 = CARTESIAN_POINT ( 'NONE',  ( 35.07858792438694451, 8.304477179455741265, 11.67845174216928150 ) ) ;
#6250 = DIRECTION ( 'NONE',  ( 0.000000000000000000, 0.000000000000000000, 1.000000000000000000 ) ) ;
#6251 =( GEOMETRIC_REPRESENTATION_CONTEXT ( 3 ) GLOBAL_UNCERTAINTY_ASSIGNED_CONTEXT ( ( #8237 ) ) GLOBAL_UNIT_ASSIGNED_CONTEXT ( ( #4164, #2128, #2915 ) ) REPRESENTATION_CONTEXT ( 'NONE', 'WORKASPACE' ) );
#6252 = CARTESIAN_POINT ( 'NONE',  ( 33.98994949366120011, -16.60000000000000497, -10.61862915010154396 ) ) ;
#6253 = AXIS2_PLACEMENT_3D ( 'NONE', #10991, #6211, #72 ) ;
#6254 = VERTEX_POINT ( 'NONE', #10539 ) ;
#6255 = DIRECTION ( 'NONE',  ( 1.000000000000000000, 0.000000000000000000, 2.775557561562888984E-15 ) ) ;
#6256 = AXIS2_PLACEMENT_3D ( 'NONE', #798, #6685, #4716 ) ;
#6257 = ORIENTED_EDGE ( 'NONE', *, *, #7488, .F. ) ;
#6258 = EDGE_CURVE ( 'NONE', #2389, #2567, #12580, .T. ) ;
#6259 = DIRECTION ( 'NONE',  ( 0.000000000000000000, -0.000000000000000000, -1.000000000000000000 ) ) ;
#6260 = FACE_OUTER_BOUND ( 'NONE', #4441, .T. ) ;
#6261 = ORIENTED_EDGE ( 'NONE', *, *, #9056, .F. ) ;
#6262 = CIRCLE ( 'NONE', #2080, 0.8999999999999980238 ) ;
#6263 = EDGE_CURVE ( 'NONE', #526, #8792, #1577, .T. ) ;
#6264 = AXIS2_PLACEMENT_3D ( 'NONE', #7370, #5283, #7225 ) ;
#6265 = CYLINDRICAL_SURFACE ( 'NONE', #12920, 0.5000000000000004441 ) ;
#6266 = LINE ( 'NONE', #10254, #2291 ) ;
#6267 = LINE ( 'NONE', #319, #9515 ) ;
#6268 = DIRECTION ( 'NONE',  ( -0.000000000000000000, 1.000000000000000000, -0.000000000000000000 ) ) ;
#6269 = CIRCLE ( 'NONE', #5436, 0.8999999999999980238 ) ;
#6270 = LINE ( 'NONE', #1164, #3511 ) ;
#6271 = ADVANCED_FACE ( 'NONE', ( #2803 ), #1522, .F. ) ;
#6272 = ORIENTED_EDGE ( 'NONE', *, *, #1434, .F. ) ;
#6273 = EDGE_CURVE ( 'NONE', #10030, #6991, #11523, .T. ) ;
#6274 = ORIENTED_EDGE ( 'NONE', *, *, #1116, .T. ) ;
#6275 = CARTESIAN_POINT ( 'NONE',  ( -1.131370849898481135, 0.000000000000000000, -12.73994949366116813 ) ) ;
#6276 = ORIENTED_EDGE ( 'NONE', *, *, #2682, .T. ) ;
#6277 = ORIENTED_EDGE ( 'NONE', *, *, #5533, .F. ) ;
#6278 = PLANE ( 'NONE',  #4641 ) ;
#6279 = DIRECTION ( 'NONE',  ( -1.000000000000000000, -0.000000000000000000, -0.000000000000000000 ) ) ;
#6280 = VERTEX_POINT ( 'NONE', #10987 ) ;
#6281 = DIRECTION ( 'NONE',  ( 0.000000000000000000, 0.000000000000000000, 1.000000000000000000 ) ) ;
#6282 = ADVANCED_FACE ( 'NONE', ( #7915 ), #11914, .F. ) ;
#6283 = CARTESIAN_POINT ( 'NONE',  ( 0.9899494936611643592, -16.60000000000000497, -10.61862915010153863 ) ) ;
#6284 = DIRECTION ( 'NONE',  ( 0.000000000000000000, 1.000000000000000000, 0.000000000000000000 ) ) ;
#6285 = AXIS2_PLACEMENT_3D ( 'NONE', #2750, #9730, #3739 ) ;
#6286 = LINE ( 'NONE', #7701, #4787 ) ;
#6287 = LINE ( 'NONE', #333, #11688 ) ;
#6288 = EDGE_LOOP ( 'NONE', ( #2563, #4341, #9891, #6738 ) ) ;
#6289 = DIRECTION ( 'NONE',  ( 0.000000000000000000, 1.000000000000000000, -2.478176394252937114E-16 ) ) ;
#6290 = EDGE_CURVE ( 'NONE', #54, #8595, #4198, .T. ) ;
#6291 = ORIENTED_EDGE ( 'NONE', *, *, #8394, .F. ) ;
#6292 = CARTESIAN_POINT ( 'NONE',  ( -30.35999999999999943, 0.000000000000000000, -18.00000000000000000 ) ) ;
#6293 = CYLINDRICAL_SURFACE ( 'NONE', #4130, 1.399999999999995026 ) ;
#6294 = ORIENTED_EDGE ( 'NONE', *, *, #2257, .T. ) ;
#6295 = CARTESIAN_POINT ( 'NONE',  ( 33.80000000000000426, 8.599999999999999645, 6.250000000000006217 ) ) ;
#6296 = CARTESIAN_POINT ( 'NONE',  ( 2.660000000000002807, -6.222539674441619262, -15.49999999999999645 ) ) ;
#6297 = ORIENTED_EDGE ( 'NONE', *, *, #3464, .F. ) ;
#6298 = DIRECTION ( 'NONE',  ( 0.000000000000000000, 1.000000000000000000, -0.000000000000000000 ) ) ;
#6299 = EDGE_CURVE ( 'NONE', #1916, #2195, #2013, .T. ) ;
#6300 = LINE ( 'NONE', #5122, #1641 ) ;
#6301 = CYLINDRICAL_SURFACE ( 'NONE', #8706, 0.8999999999999980238 ) ;
#6302 = FILL_AREA_STYLE ('',( #2319 ) ) ;
#6303 = EDGE_LOOP ( 'NONE', ( #9418, #3858, #990, #5257 ) ) ;
#6304 =( NAMED_UNIT ( * ) SI_UNIT ( $, .STERADIAN. ) SOLID_ANGLE_UNIT ( ) );
#6305 = ORIENTED_EDGE ( 'NONE', *, *, #6177, .F. ) ;
#6306 = VERTEX_POINT ( 'NONE', #12112 ) ;
#6307 = LINE ( 'NONE', #5197, #3746 ) ;
#6308 = FILL_AREA_STYLE_COLOUR ( '', #8926 ) ;
#6309 = VERTEX_POINT ( 'NONE', #11974 ) ;
#6310 = CARTESIAN_POINT ( 'NONE',  ( 6.999999999999957367, 0.000000000000000000, -8.631984016460597151E-14 ) ) ;
#6311 = DIRECTION ( 'NONE',  ( 0.000000000000000000, 0.000000000000000000, 1.000000000000000000 ) ) ;
#6312 = ORIENTED_EDGE ( 'NONE', *, *, #10560, .F. ) ;
#6313 = FACE_OUTER_BOUND ( 'NONE', #361, .T. ) ;
#6314 = FACE_OUTER_BOUND ( 'NONE', #11378, .T. ) ;
#6315 = CARTESIAN_POINT ( 'NONE',  ( 1.020000000000000018, 1.600000000000000089, -15.99999999999999645 ) ) ;
#6316 = CARTESIAN_POINT ( 'NONE',  ( 34.80000000000000426, 8.400000000000000355, 6.250000000000006217 ) ) ;
#6317 = AXIS2_PLACEMENT_3D ( 'NONE', #3034, #11945, #7017 ) ;
#6318 = LINE ( 'NONE', #8162, #1807 ) ;
#6319 = VERTEX_POINT ( 'NONE', #3064 ) ;
#6320 = CARTESIAN_POINT ( 'NONE',  ( -17.66000000000000014, 1.600000000000000089, -15.49999999999999645 ) ) ;
#6321 = VERTEX_POINT ( 'NONE', #10000 ) ;
#6322 = DIRECTION ( 'NONE',  ( -1.000000000000000000, 0.000000000000000000, 2.566158988131371759E-17 ) ) ;
#6323 = CARTESIAN_POINT ( 'NONE',  ( -14.22000000000000064, 0.000000000000000000, -15.49999999999999645 ) ) ;
#6324 = VERTEX_POINT ( 'NONE', #4849 ) ;
#6325 = CARTESIAN_POINT ( 'NONE',  ( -34.95000000000000284, 8.400000000000000355, -11.49999999999999645 ) ) ;
#6326 = FACE_OUTER_BOUND ( 'NONE', #5645, .T. ) ;
#6327 = CARTESIAN_POINT ( 'NONE',  ( -34.10000000000000142, 8.500000000000000000, 0.000000000000000000 ) ) ;
#6328 = EDGE_CURVE ( 'NONE', #2935, #8507, #1054, .T. ) ;
#6329 = CYLINDRICAL_SURFACE ( 'NONE', #11038, 0.8999999999999980238 ) ;
#6330 = ORIENTED_EDGE ( 'NONE', *, *, #9339, .F. ) ;
#6331 = DIRECTION ( 'NONE',  ( 0.000000000000000000, 0.000000000000000000, -1.000000000000000000 ) ) ;
#6332 = VECTOR ( 'NONE', #6170, 1000.000000000000000 ) ;
#6333 = ORIENTED_EDGE ( 'NONE', *, *, #2046, .T. ) ;
#6334 = ORIENTED_EDGE ( 'NONE', *, *, #5794, .T. ) ;
#6335 = CARTESIAN_POINT ( 'NONE',  ( 10.16000000000000014, -6.222539674441619262, -18.00000000000000000 ) ) ;
#6336 = CARTESIAN_POINT ( 'NONE',  ( 0.000000000000000000, 0.000000000000000000, 0.000000000000000000 ) ) ;
#6337 = EDGE_CURVE ( 'NONE', #4305, #10611, #5042, .T. ) ;
#6338 = ORIENTED_EDGE ( 'NONE', *, *, #10622, .F. ) ;
#6339 = CARTESIAN_POINT ( 'NONE',  ( 35.30867521525114228, 8.409838636822836833, -11.62861928812542622 ) ) ;
#6340 = ADVANCED_FACE ( 'NONE', ( #8959 ), #124, .F. ) ;
#6341 = DIRECTION ( 'NONE',  ( -2.453639994309486675E-17, 1.000000000000000000, -3.571489509364004629E-15 ) ) ;
#6342 = CARTESIAN_POINT ( 'NONE',  ( -34.79999999999999005, 8.400000000000000355, 6.250000000000006217 ) ) ;
#6343 = AXIS2_PLACEMENT_3D ( 'NONE', #3939, #7987, #3013 ) ;
#6344 = CARTESIAN_POINT ( 'NONE',  ( -29.46000000000000085, 0.000000000000000000, -14.99999999999999822 ) ) ;
#6345 = CARTESIAN_POINT ( 'NONE',  ( -25.27999999999999048, 1.600000000000000089, -18.00000000000000000 ) ) ;
#6346 = ORIENTED_EDGE ( 'NONE', *, *, #7424, .F. ) ;
#6347 = CARTESIAN_POINT ( 'NONE',  ( 35.01438176352601062, 8.556745116961970155, -11.70898175622380855 ) ) ;
#6348 = FILL_AREA_STYLE ('',( #5316 ) ) ;
#6349 = ORIENTED_EDGE ( 'NONE', *, *, #9132, .F. ) ;
#6350 = DIRECTION ( 'NONE',  ( 0.000000000000000000, 1.000000000000000000, 0.000000000000000000 ) ) ;
#6351 = EDGE_CURVE ( 'NONE', #10331, #11025, #5658, .T. ) ;
#6352 = DIRECTION ( 'NONE',  ( 0.000000000000000000, 1.000000000000000000, 0.000000000000000000 ) ) ;
#6353 = VERTEX_POINT ( 'NONE', #7051 ) ;
#6354 = DIRECTION ( 'NONE',  ( -0.000000000000000000, 1.000000000000000000, -0.000000000000000000 ) ) ;
#6355 = CARTESIAN_POINT ( 'NONE',  ( -22.50000000000000000, 0.000000000000000000, 5.999999999999992895 ) ) ;
#6356 = EDGE_CURVE ( 'NONE', #2819, #3074, #2090, .T. ) ;
#6357 = CARTESIAN_POINT ( 'NONE',  ( -0.9899494936611747953, -16.60000000000000497, -12.88137084989847736 ) ) ;
#6358 = ADVANCED_FACE ( 'NONE', ( #4902 ), #5825, .F. ) ;
#6359 = CARTESIAN_POINT ( 'NONE',  ( 35.14999999999999858, 82.49217232609667860, 11.70000000000002416 ) ) ;
#6360 =( NAMED_UNIT ( * ) SI_UNIT ( $, .STERADIAN. ) SOLID_ANGLE_UNIT ( ) );
#6361 = EDGE_CURVE ( 'NONE', #3166, #7986, #6084, .T. ) ;
#6362 = VERTEX_POINT ( 'NONE', #6 ) ;
#6363 = CARTESIAN_POINT ( 'NONE',  ( -20.19999999999998863, -6.222539674441619262, -18.00000000000000000 ) ) ;
#6364 = ORIENTED_EDGE ( 'NONE', *, *, #11198, .T. ) ;
#6365 = ORIENTED_EDGE ( 'NONE', *, *, #2270, .T. ) ;
#6366 = CYLINDRICAL_SURFACE ( 'NONE', #12534, 0.4999999999999987232 ) ;
#6367 = CARTESIAN_POINT ( 'NONE',  ( -5.699999999999993072, 0.000000000000000000, -18.00000000000000000 ) ) ;
#6368 = EDGE_LOOP ( 'NONE', ( #10958, #9951, #9021, #4794 ) ) ;
#6369 = CARTESIAN_POINT ( 'NONE',  ( -0.9192388155425117446, -2.399999999999999467, 10.54791847198287336 ) ) ;
#6370 = FACE_OUTER_BOUND ( 'NONE', #1661, .T. ) ;
#6371 = EDGE_LOOP ( 'NONE', ( #12433, #11969 ) ) ;
#6372 = CARTESIAN_POINT ( 'NONE',  ( 34.20208152801715329, -16.60000000000000497, 10.68933982822018258 ) ) ;
#6373 = CARTESIAN_POINT ( 'NONE',  ( -2.419999999999991491, 1.600000000000000089, -18.00000000000000000 ) ) ;
#6374 = DIRECTION ( 'NONE',  ( -0.000000000000000000, 1.000000000000000000, -0.000000000000000000 ) ) ;
#6375 = DIRECTION ( 'NONE',  ( 2.775557561562888984E-15, 0.000000000000000000, -1.000000000000000000 ) ) ;
#6376 = ORIENTED_EDGE ( 'NONE', *, *, #6578, .T. ) ;
#6377 = CARTESIAN_POINT ( 'NONE',  ( -10.04000000000003823, 1.600000000000000089, -9.131584377541916332E-14 ) ) ;
#6378 = ORIENTED_EDGE ( 'NONE', *, *, #366, .F. ) ;
#6379 = EDGE_CURVE ( 'NONE', #12475, #7940, #11836, .T. ) ;
#6380 = FACE_OUTER_BOUND ( 'NONE', #9213, .T. ) ;
#6381 = DIRECTION ( 'NONE',  ( 0.000000000000000000, 0.000000000000000000, 1.000000000000000000 ) ) ;
#6382 = ORIENTED_EDGE ( 'NONE', *, *, #4969, .T. ) ;
#6383 = ADVANCED_FACE ( 'NONE', ( #5950 ), #10925, .F. ) ;
#6384 = CARTESIAN_POINT ( 'NONE',  ( -40.00000000000000000, 1.600000000000000089, -18.00000000000000000 ) ) ;
#6385 = CARTESIAN_POINT ( 'NONE',  ( -35.14798000000000400, 8.199999999999999289, -11.69292893218813667 ) ) ;
#6386 = CARTESIAN_POINT ( 'NONE',  ( -25.27999999999999758, 1.600000000000000089, -15.49999999999999645 ) ) ;
#6387 = LINE ( 'NONE', #1359, #10213 ) ;
#6388 = CARTESIAN_POINT ( 'NONE',  ( -35.35000000000000853, 5.700000000000255973, -11.90000000000000213 ) ) ;
#6389 = AXIS2_PLACEMENT_3D ( 'NONE', #8231, #5290, #8095 ) ;
#6390 = VERTEX_POINT ( 'NONE', #12894 ) ;
#6391 = UNCERTAINTY_MEASURE_WITH_UNIT (LENGTH_MEASURE( 1.000000000000000082E-05 ), #7508, 'distance_accuracy_value', 'NONE');
#6392 = CIRCLE ( 'NONE', #748, 1.399999999999996803 ) ;
#6393 = DIRECTION ( 'NONE',  ( 0.000000000000000000, 0.000000000000000000, 1.000000000000000000 ) ) ;
#6394 = CARTESIAN_POINT ( 'NONE',  ( -11.67999999999999972, 1.600000000000000089, -14.59999999999999787 ) ) ;
#6395 = ORIENTED_EDGE ( 'NONE', *, *, #6114, .F. ) ;
#6396 = ORIENTED_EDGE ( 'NONE', *, *, #11068, .T. ) ;
#6397 = EDGE_CURVE ( 'NONE', #7595, #6755, #3859, .T. ) ;
#6398 = DIRECTION ( 'NONE',  ( 2.775557561562888984E-15, 0.000000000000000000, -1.000000000000000000 ) ) ;
#6399 = AXIS2_PLACEMENT_3D ( 'NONE', #12662, #510, #4438 ) ;
#6400 = CARTESIAN_POINT ( 'NONE',  ( 0.000000000000000000, 8.500000000000000000, 0.000000000000000000 ) ) ;
#6401 = ORIENTED_EDGE ( 'NONE', *, *, #4539, .T. ) ;
#6402 = CARTESIAN_POINT ( 'NONE',  ( 34.95000000000000284, 8.399999999999998579, -11.50000000000000355 ) ) ;
#6403 = AXIS2_PLACEMENT_3D ( 'NONE', #1694, #9655, #705 ) ;
#6404 = CARTESIAN_POINT ( 'NONE',  ( -31.79791847198285737, 0.000000000000000000, 12.66923881554250997 ) ) ;
#6405 = LINE ( 'NONE', #4399, #11008 ) ;
#6406 = CIRCLE ( 'NONE', #762, 1.399999999999995026 ) ;
#6407 = CIRCLE ( 'NONE', #12676, 0.8999999999999980238 ) ;
#6408 = CARTESIAN_POINT ( 'NONE',  ( -40.00000000000000000, 0.000000000000000000, -18.00000000000000000 ) ) ;
#6409 = VECTOR ( 'NONE', #1222, 1000.000000000000000 ) ;
#6410 = ORIENTED_EDGE ( 'NONE', *, *, #6718, .T. ) ;
#6411 = EDGE_CURVE ( 'NONE', #11507, #11742, #7979, .T. ) ;
#6412 = CARTESIAN_POINT ( 'NONE',  ( -15.11999999999999744, 1.600000000000000089, -15.49999999999999645 ) ) ;
#6413 = CYLINDRICAL_SURFACE ( 'NONE', #8522, 0.8999999999999980238 ) ;
#6414 = ADVANCED_FACE ( 'NONE', ( #3001 ), #1115, .F. ) ;
#6415 = ORIENTED_EDGE ( 'NONE', *, *, #9886, .T. ) ;
#6416 = CARTESIAN_POINT ( 'NONE',  ( -31.10000000000004405, 0.000000000000000000, -8.631984016460597151E-14 ) ) ;
#6417 = LINE ( 'NONE', #4329, #10608 ) ;
#6418 = ORIENTED_EDGE ( 'NONE', *, *, #533, .F. ) ;
#6419 = VECTOR ( 'NONE', #3137, 1000.000000000000000 ) ;
#6420 = CARTESIAN_POINT ( 'NONE',  ( 34.06066017177984406, 0.000000000000000000, 10.54791847198286980 ) ) ;
#6421 = SURFACE_SIDE_STYLE ('',( #6158 ) ) ;
#6422 = DIRECTION ( 'NONE',  ( 0.000000000000000000, 1.000000000000000000, 0.000000000000000000 ) ) ;
#6423 = VECTOR ( 'NONE', #6215, 1000.000000000000000 ) ;
#6424 = EDGE_CURVE ( 'NONE', #1030, #8345, #3264, .T. ) ;
#6425 = DIRECTION ( 'NONE',  ( 2.775557561562888984E-15, 0.000000000000000000, -1.000000000000000000 ) ) ;
#6426 = CARTESIAN_POINT ( 'NONE',  ( -22.74000000000003752, 0.000000000000000000, -9.131584377541916332E-14 ) ) ;
#6427 = EDGE_CURVE ( 'NONE', #6390, #4608, #10267, .T. ) ;
#6428 = VECTOR ( 'NONE', #5256, 1000.000000000000000 ) ;
#6429 = ORIENTED_EDGE ( 'NONE', *, *, #9015, .T. ) ;
#6430 = DIRECTION ( 'NONE',  ( 0.000000000000000000, 0.000000000000000000, 1.000000000000000000 ) ) ;
#6431 = ORIENTED_EDGE ( 'NONE', *, *, #10978, .F. ) ;
#6432 = ORIENTED_EDGE ( 'NONE', *, *, #10080, .T. ) ;
#6433 = DIRECTION ( 'NONE',  ( 0.000000000000000000, 1.000000000000000000, 0.000000000000000000 ) ) ;
#6434 = CYLINDRICAL_SURFACE ( 'NONE', #379, 0.4999999999999987232 ) ;
#6435 = VERTEX_POINT ( 'NONE', #11327 ) ;
#6436 = AXIS2_PLACEMENT_3D ( 'NONE', #3500, #2530, #6510 ) ;
#6437 = CARTESIAN_POINT ( 'NONE',  ( 34.80000000000000426, 7.399999999999999467, -6.249999999999995559 ) ) ;
#6438 = AXIS2_PLACEMENT_3D ( 'NONE', #4865, #25, #11009 ) ;
#6439 = DIRECTION ( 'NONE',  ( 0.000000000000000000, 0.000000000000000000, -1.000000000000000000 ) ) ;
#6440 = VECTOR ( 'NONE', #5926, 1000.000000000000000 ) ;
#6441 = ORIENTED_EDGE ( 'NONE', *, *, #11819, .T. ) ;
#6442 = CARTESIAN_POINT ( 'NONE',  ( -33.79999999999999005, 8.599999999999999645, -7.249999999999994671 ) ) ;
#6443 =( GEOMETRIC_REPRESENTATION_CONTEXT ( 3 ) GLOBAL_UNCERTAINTY_ASSIGNED_CONTEXT ( ( #7319 ) ) GLOBAL_UNIT_ASSIGNED_CONTEXT ( ( #1186, #8446, #12390 ) ) REPRESENTATION_CONTEXT ( 'NONE', 'WORKASPACE' ) );
#6444 = EDGE_CURVE ( 'NONE', #8303, #12735, #1888, .T. ) ;
#6445 = EDGE_CURVE ( 'NONE', #1441, #2698, #12312, .T. ) ;
#6446 = LINE ( 'NONE', #2529, #12268 ) ;
#6447 = VECTOR ( 'NONE', #3280, 1000.000000000000000 ) ;
#6448 = CARTESIAN_POINT ( 'NONE',  ( 40.00000000000002132, 6.200000000000033928, -3.749999999999999556 ) ) ;
#6449 = DIRECTION ( 'NONE',  ( 1.000000000000000000, -0.000000000000000000, 0.000000000000000000 ) ) ;
#6450 = VECTOR ( 'NONE', #26, 1000.000000000000000 ) ;
#6451 = EDGE_LOOP ( 'NONE', ( #11035, #5395, #7865, #5287 ) ) ;
#6452 = CARTESIAN_POINT ( 'NONE',  ( -2.419999999999998597, 1.600000000000000089, -15.49999999999999645 ) ) ;
#6453 = AXIS2_PLACEMENT_3D ( 'NONE', #4668, #9502, #1599 ) ;
#6454 = VERTEX_POINT ( 'NONE', #5161 ) ;
#6455 = CIRCLE ( 'NONE', #8538, 0.8999999999999980238 ) ;
#6456 = CARTESIAN_POINT ( 'NONE',  ( -35.35000000000000853, 6.200000000000243539, 3.749999999999999556 ) ) ;
#6457 = CARTESIAN_POINT ( 'NONE',  ( -14.22000000000000064, 1.600000000000000089, -15.49999999999999645 ) ) ;
#6458 = EDGE_CURVE ( 'NONE', #3116, #2969, #7391, .T. ) ;
#6459 = ORIENTED_EDGE ( 'NONE', *, *, #9704, .F. ) ;
#6460 = CIRCLE ( 'NONE', #4784, 0.8999999999999980238 ) ;
#6461 = CARTESIAN_POINT ( 'NONE',  ( -40.00000000000000000, 0.000000000000000000, -18.00000000000000000 ) ) ;
#6462 = FILL_AREA_STYLE ('',( #11690 ) ) ;
#6463 = VECTOR ( 'NONE', #6573, 1000.000000000000000 ) ;
#6464 = DIRECTION ( 'NONE',  ( 0.000000000000000000, 1.000000000000000000, -0.000000000000000000 ) ) ;
#6465 = VECTOR ( 'NONE', #10790, 1000.000000000000000 ) ;
#6466 = CARTESIAN_POINT ( 'NONE',  ( -26.91999999999999815, 0.000000000000000000, -14.59999999999999787 ) ) ;
#6467 = ADVANCED_FACE ( 'NONE', ( #2359 ), #917, .F. ) ;
#6468 = DIRECTION ( 'NONE',  ( 2.775557561562888984E-15, 0.000000000000000000, -1.000000000000000000 ) ) ;
#6469 = EDGE_LOOP ( 'NONE', ( #3454, #5519, #495, #7069 ) ) ;
#6470 = EDGE_CURVE ( 'NONE', #3405, #155, #444, .T. ) ;
#6471 = ORIENTED_EDGE ( 'NONE', *, *, #9019, .F. ) ;
#6472 = AXIS2_PLACEMENT_3D ( 'NONE', #4309, #7440, #462 ) ;
#6473 = CARTESIAN_POINT ( 'NONE',  ( -3.159999999999999698, 0.000000000000000000, -15.49999999999999645 ) ) ;
#6474 = CARTESIAN_POINT ( 'NONE',  ( -40.00000000000000000, 1.600000000000000089, 18.00000000000000000 ) ) ;
#6476 = ORIENTED_EDGE ( 'NONE', *, *, #2351, .F. ) ;
#6475 = CIRCLE ( 'NONE', #2512, 0.8999999999999980238 ) ;
#6477 = VERTEX_POINT ( 'NONE', #9425 ) ;
#6478 = FACE_OUTER_BOUND ( 'NONE', #10085, .T. ) ;
#6479 = CIRCLE ( 'NONE', #9801, 0.5000000000000004441 ) ;
#6480 = CARTESIAN_POINT ( 'NONE',  ( 34.13137084989850223, 0.000000000000000000, -10.76005050633884075 ) ) ;
#6481 = ORIENTED_EDGE ( 'NONE', *, *, #6424, .F. ) ;
#6482 = LINE ( 'NONE', #4638, #6695 ) ;
#6483 = DIRECTION ( 'NONE',  ( -0.000000000000000000, 1.000000000000000000, -0.000000000000000000 ) ) ;
#6484 = AXIS2_PLACEMENT_3D ( 'NONE', #2558, #6537, #1571 ) ;
#6485 = LINE ( 'NONE', #472, #6868 ) ;
#6486 = EDGE_LOOP ( 'NONE', ( #12069, #8001, #11174, #5819 ) ) ;
#6487 = VECTOR ( 'NONE', #11014, 1000.000000000000000 ) ;
#6488 = LINE ( 'NONE', #7593, #3603 ) ;
#6489 =( NAMED_UNIT ( * ) SI_UNIT ( $, .STERADIAN. ) SOLID_ANGLE_UNIT ( ) );
#6490 = ORIENTED_EDGE ( 'NONE', *, *, #5958, .F. ) ;
#6491 = DIRECTION ( 'NONE',  ( 0.7071067811865388020, 0.000000000000000000, 0.7071067811865561215 ) ) ;
#6492 = LINE ( 'NONE', #481, #4756 ) ;
#6493 = VERTEX_POINT ( 'NONE', #7126 ) ;
#6494 = VECTOR ( 'NONE', #11707, 1000.000000000000000 ) ;
#6495 = EDGE_CURVE ( 'NONE', #7154, #7664, #3204, .T. ) ;
#6496 = PLANE ( 'NONE',  #614 ) ;
#6497 = DIRECTION ( 'NONE',  ( 2.775557561562888984E-15, 0.000000000000000000, -1.000000000000000000 ) ) ;
#6498 = DIRECTION ( 'NONE',  ( 0.000000000000000000, 0.000000000000000000, 1.000000000000000000 ) ) ;
#6499 = VERTEX_POINT ( 'NONE', #11121 ) ;
#6500 = ORIENTED_EDGE ( 'NONE', *, *, #9008, .F. ) ;
#6501 = ORIENTED_EDGE ( 'NONE', *, *, #3877, .T. ) ;
#6502 = DIRECTION ( 'NONE',  ( 0.000000000000000000, 1.000000000000000000, -0.000000000000000000 ) ) ;
#6503 = DIRECTION ( 'NONE',  ( 0.000000000000000000, 1.000000000000000000, -0.000000000000000000 ) ) ;
#6504 = VERTEX_POINT ( 'NONE', #6142 ) ;
#6505 = CARTESIAN_POINT ( 'NONE',  ( -7.499999999999989342, 0.000000000000000000, -18.00000000000000000 ) ) ;
#6506 = DIRECTION ( 'NONE',  ( -1.000000000000000000, -0.000000000000000000, -0.000000000000000000 ) ) ;
#6507 = ORIENTED_EDGE ( 'NONE', *, *, #10774, .F. ) ;
#6508 = DIRECTION ( 'NONE',  ( 1.000000000000000000, -0.000000000000000000, -0.000000000000000000 ) ) ;
#6509 = EDGE_CURVE ( 'NONE', #6838, #4111, #12241, .T. ) ;
#6510 = DIRECTION ( 'NONE',  ( 1.000000000000000000, 0.000000000000000000, 0.000000000000000000 ) ) ;
#6511 = PLANE ( 'NONE',  #6241 ) ;
#6512 = ORIENTED_EDGE ( 'NONE', *, *, #3837, .T. ) ;
#6513 = FACE_OUTER_BOUND ( 'NONE', #8770, .T. ) ;
#6514 = ORIENTED_EDGE ( 'NONE', *, *, #10156, .T. ) ;
#6515 = CARTESIAN_POINT ( 'NONE',  ( -19.29999999999999716, -6.222539674441619262, -14.59999999999999787 ) ) ;
#6516 = DIRECTION ( 'NONE',  ( 0.000000000000000000, 0.000000000000000000, -1.000000000000000000 ) ) ;
#6517 = ORIENTED_EDGE ( 'NONE', *, *, #1104, .T. ) ;
#6518 = CARTESIAN_POINT ( 'NONE',  ( 35.15000000000000568, 5.700000000000048139, 4.250000000000000000 ) ) ;
#6519 = DIRECTION ( 'NONE',  ( 0.000000000000000000, -1.000000000000000000, 0.000000000000000000 ) ) ;
#6520 = CARTESIAN_POINT ( 'NONE',  ( -20.94000000000000128, 0.000000000000000000, -15.49999999999999645 ) ) ;
#6521 = VECTOR ( 'NONE', #8321, 1000.000000000000000 ) ;
#6522 = ORIENTED_EDGE ( 'NONE', *, *, #12691, .F. ) ;
#6523 = EDGE_CURVE ( 'NONE', #2303, #8589, #7249, .T. ) ;
#6524 = ORIENTED_EDGE ( 'NONE', *, *, #4791, .T. ) ;
#6525 = UNCERTAINTY_MEASURE_WITH_UNIT (LENGTH_MEASURE( 1.000000000000000082E-05 ), #3778, 'distance_accuracy_value', 'NONE');
#6526 = EDGE_CURVE ( 'NONE', #4520, #1493, #11180, .T. ) ;
#6527 = CARTESIAN_POINT ( 'NONE',  ( -0.6199999999999955547, 1.600000000000000089, -18.00000000000000000 ) ) ;
#6528 = ADVANCED_FACE ( 'NONE', ( #8629 ), #4696, .F. ) ;
#6529 = LINE ( 'NONE', #4128, #7018 ) ;
#6530 = VERTEX_POINT ( 'NONE', #7642 ) ;
#6531 = FACE_OUTER_BOUND ( 'NONE', #157, .T. ) ;
#6532 = CARTESIAN_POINT ( 'NONE',  ( -17.66000000000000014, 1.600000000000000089, -18.00000000000000000 ) ) ;
#6533 = VERTEX_POINT ( 'NONE', #11634 ) ;
#6534 = DIRECTION ( 'NONE',  ( 1.000000000000000000, 0.000000000000000000, 2.775557561562888984E-15 ) ) ;
#6535 = DIRECTION ( 'NONE',  ( 0.000000000000000000, 1.000000000000000000, 0.000000000000000000 ) ) ;
#6536 = EDGE_CURVE ( 'NONE', #12083, #8551, #11087, .T. ) ;
#6537 = DIRECTION ( 'NONE',  ( -0.000000000000000000, 1.000000000000000000, -0.000000000000000000 ) ) ;
#6538 = ORIENTED_EDGE ( 'NONE', *, *, #9093, .F. ) ;
#6539 = EDGE_CURVE ( 'NONE', #7438, #5596, #2554, .T. ) ;
#6540 = CARTESIAN_POINT ( 'NONE',  ( -18.39999999999999147, -6.222539674441619262, -18.00000000000000000 ) ) ;
#6541 = ORIENTED_EDGE ( 'NONE', *, *, #2005, .F. ) ;
#6542 = FACE_OUTER_BOUND ( 'NONE', #10891, .T. ) ;
#6543 = AXIS2_PLACEMENT_3D ( 'NONE', #5836, #11981, #8708 ) ;
#6544 = CARTESIAN_POINT ( 'NONE',  ( -37.70000000000000284, 1.600000000000000089, -15.69999999999999929 ) ) ;
#6545 = VERTEX_POINT ( 'NONE', #2497 ) ;
#6546 = EDGE_CURVE ( 'NONE', #11335, #7605, #9602, .T. ) ;
#6547 = DIRECTION ( 'NONE',  ( -5.132317976262744134E-17, 0.000000000000000000, -1.000000000000000000 ) ) ;
#6548 = CARTESIAN_POINT ( 'NONE',  ( 4.459999999999999076, -6.222539674441619262, -15.49999999999999645 ) ) ;
#6549 = DIRECTION ( 'NONE',  ( 0.000000000000000000, 0.000000000000000000, 1.000000000000000000 ) ) ;
#6550 = ORIENTED_EDGE ( 'NONE', *, *, #10277, .T. ) ;
#6551 = ORIENTED_EDGE ( 'NONE', *, *, #10377, .T. ) ;
#6552 = VERTEX_POINT ( 'NONE', #9716 ) ;
#6553 = DIRECTION ( 'NONE',  ( -1.000000000000000000, 0.000000000000000000, 0.000000000000000000 ) ) ;
#6554 = CARTESIAN_POINT ( 'NONE',  ( -29.46000000000000085, 0.000000000000000000, -15.49999999999999645 ) ) ;
#6555 = ORIENTED_EDGE ( 'NONE', *, *, #3320, .F. ) ;
#6556 = DIRECTION ( 'NONE',  ( 0.000000000000000000, 1.000000000000000000, -0.000000000000000000 ) ) ;
#6557 = ADVANCED_FACE ( 'NONE', ( #7528 ), #10582, .T. ) ;
#6558 = DIRECTION ( 'NONE',  ( 0.000000000000000000, 1.000000000000000000, -0.000000000000000000 ) ) ;
#6559 = ORIENTED_EDGE ( 'NONE', *, *, #4678, .T. ) ;
#6560 = CARTESIAN_POINT ( 'NONE',  ( -35.14798000000000400, 8.199999999999999289, 11.69292893218813667 ) ) ;
#6561 = EDGE_CURVE ( 'NONE', #11580, #4107, #7712, .T. ) ;
#6562 = CARTESIAN_POINT ( 'NONE',  ( -37.69999999999967599, 0.000000000000000000, 15.69999999999999929 ) ) ;
#6563 = DIRECTION ( 'NONE',  ( 0.000000000000000000, -1.000000000000000000, 0.000000000000000000 ) ) ;
#6564 = ORIENTED_EDGE ( 'NONE', *, *, #7565, .T. ) ;
#6565 = CARTESIAN_POINT ( 'NONE',  ( -4.059999999999997833, 1.600000000000000089, -15.49999999999999645 ) ) ;
#6566 = VERTEX_POINT ( 'NONE', #8684 ) ;
#6567 = CARTESIAN_POINT ( 'NONE',  ( -34.95000000000000995, 8.400000000000000355, -11.50000000000002487 ) ) ;
#6568 = DIRECTION ( 'NONE',  ( 0.000000000000000000, 0.000000000000000000, 1.000000000000000000 ) ) ;
#6569 = ORIENTED_EDGE ( 'NONE', *, *, #5634, .T. ) ;
#6570 = EDGE_CURVE ( 'NONE', #11922, #7974, #651, .T. ) ;
#6571 = CARTESIAN_POINT ( 'NONE',  ( -7.500000000000038192, 0.000000000000000000, -9.131584377541916332E-14 ) ) ;
#6572 = DIRECTION ( 'NONE',  ( 0.000000000000000000, 0.000000000000000000, -1.000000000000000000 ) ) ;
#6573 = DIRECTION ( 'NONE',  ( 2.569960705151068762E-15, 1.000000000000000000, -6.123233995736767268E-17 ) ) ;
#6574 = CARTESIAN_POINT ( 'NONE',  ( -25.27999999999999758, 0.000000000000000000, -18.00000000000000000 ) ) ;
#6575 = ORIENTED_EDGE ( 'NONE', *, *, #1116, .F. ) ;
#6576 = DIRECTION ( 'NONE',  ( -1.000000000000000000, 4.336808689942043768E-15, 0.000000000000000000 ) ) ;
#6577 = ORIENTED_EDGE ( 'NONE', *, *, #8814, .F. ) ;
#6578 = EDGE_CURVE ( 'NONE', #12376, #7029, #11927, .T. ) ;
#6579 = CARTESIAN_POINT ( 'NONE',  ( -33.98994949366117879, 0.000000000000000000, -10.61862915010154040 ) ) ;
#6580 = EDGE_CURVE ( 'NONE', #6908, #2309, #9476, .T. ) ;
#6581 = DIRECTION ( 'NONE',  ( 0.000000000000000000, 0.000000000000000000, 1.000000000000000000 ) ) ;
#6582 = ORIENTED_EDGE ( 'NONE', *, *, #10196, .T. ) ;
#6583 = CARTESIAN_POINT ( 'NONE',  ( -10.78000000000000114, 1.600000000000000089, -15.49999999999999645 ) ) ;
#6584 = DIRECTION ( 'NONE',  ( 0.000000000000000000, 1.000000000000000000, -0.000000000000000000 ) ) ;
#6586 = EDGE_CURVE ( 'NONE', #9475, #3247, #7956, .T. ) ;
#6585 = DIRECTION ( 'NONE',  ( -1.000000000000000000, -0.000000000000000000, -0.000000000000000000 ) ) ;
#6587 = LINE ( 'NONE', #5499, #7063 ) ;
#6588 = TOROIDAL_SURFACE ( 'NONE', #9923, 2.147727943148353802, 6.000000000000000000 ) ;
#6589 = ADVANCED_FACE ( 'NONE', ( #12500, #1754 ), #523, .T. ) ;
#6590 = DIRECTION ( 'NONE',  ( -0.7071067811865584529, 0.000000000000000000, 0.7071067811865366926 ) ) ;
#6591 = AXIS2_PLACEMENT_3D ( 'NONE', #11359, #2806, #1712 ) ;
#6592 = EDGE_LOOP ( 'NONE', ( #322, #5508, #6623, #2973 ) ) ;
#6593 = LINE ( 'NONE', #1519, #10915 ) ;
#6594 = FACE_OUTER_BOUND ( 'NONE', #8531, .T. ) ;
#6595 = EDGE_CURVE ( 'NONE', #10136, #11835, #1687, .T. ) ;
#6596 = ORIENTED_EDGE ( 'NONE', *, *, #2298, .T. ) ;
#6597 = FACE_OUTER_BOUND ( 'NONE', #9592, .T. ) ;
#6598 = CARTESIAN_POINT ( 'NONE',  ( -24.37999999999999901, 0.000000000000000000, -15.49999999999999645 ) ) ;
#6599 =( NAMED_UNIT ( * ) SI_UNIT ( $, .STERADIAN. ) SOLID_ANGLE_UNIT ( ) );
#6600 = VECTOR ( 'NONE', #4972, 1000.000000000000000 ) ;
#6601 = EDGE_CURVE ( 'NONE', #12186, #1441, #8990, .T. ) ;
#6602 = CARTESIAN_POINT ( 'NONE',  ( 0.9899494936611643592, -2.399999999999999467, -10.61862915010153863 ) ) ;
#6603 = DIRECTION ( 'NONE',  ( -0.7071067811865583419, 0.000000000000000000, 0.7071067811865368036 ) ) ;
#6604 = DIRECTION ( 'NONE',  ( -0.000000000000000000, 1.000000000000000000, -0.000000000000000000 ) ) ;
#6605 = AXIS2_PLACEMENT_3D ( 'NONE', #12471, #12413, #3441 ) ;
#6606 = EDGE_CURVE ( 'NONE', #12457, #8977, #9526, .T. ) ;
#6607 = ORIENTED_EDGE ( 'NONE', *, *, #11946, .T. ) ;
#6608 = ORIENTED_EDGE ( 'NONE', *, *, #10906, .T. ) ;
#6609 = CARTESIAN_POINT ( 'NONE',  ( 37.70000000000000284, -6.222539674441619262, -15.69999999999999929 ) ) ;
#6610 = CIRCLE ( 'NONE', #8092, 0.8999999999999980238 ) ;
#6611 = ORIENTED_EDGE ( 'NONE', *, *, #2293, .T. ) ;
#6612 = DIRECTION ( 'NONE',  ( 0.000000000000000000, 1.000000000000000000, -0.000000000000000000 ) ) ;
#6613 = FACE_OUTER_BOUND ( 'NONE', #6947, .T. ) ;
#6614 = ORIENTED_EDGE ( 'NONE', *, *, #1020, .T. ) ;
#6615 = CARTESIAN_POINT ( 'NONE',  ( 12.50000000000000355, -1.400000000000000133, -2.147727943148364016 ) ) ;
#6616 = CLOSED_SHELL ( 'NONE', ( #2191, #10198, #9606, #7634, #10500, #550 ) ) ;
#6617 = DIRECTION ( 'NONE',  ( 2.965339275174023124E-16, 0.000000000000000000, -1.000000000000000000 ) ) ;
#6618 = AXIS2_PLACEMENT_3D ( 'NONE', #7416, #2327, #8463 ) ;
#6619 = DIRECTION ( 'NONE',  ( 0.000000000000000000, -1.000000000000000000, 0.000000000000000000 ) ) ;
#6620 = AXIS2_PLACEMENT_3D ( 'NONE', #10617, #4662, #4720 ) ;
#6621 = ORIENTED_EDGE ( 'NONE', *, *, #1330, .F. ) ;
#6622 = DIRECTION ( 'NONE',  ( 0.000000000000000000, 1.000000000000000000, -0.000000000000000000 ) ) ;
#6623 = ORIENTED_EDGE ( 'NONE', *, *, #1434, .T. ) ;
#6624 = AXIS2_PLACEMENT_3D ( 'NONE', #1287, #12280, #1540 ) ;
#6625 =( GEOMETRIC_REPRESENTATION_CONTEXT ( 3 ) GLOBAL_UNCERTAINTY_ASSIGNED_CONTEXT ( ( #2205 ) ) GLOBAL_UNIT_ASSIGNED_CONTEXT ( ( #11808, #11751, #4741 ) ) REPRESENTATION_CONTEXT ( 'NONE', 'WORKASPACE' ) );
#6626 = DIRECTION ( 'NONE',  ( 0.000000000000000000, 0.000000000000000000, 1.000000000000000000 ) ) ;
#6627 = CIRCLE ( 'NONE', #11658, 0.8999999999999980238 ) ;
#6628 = DIRECTION ( 'NONE',  ( -0.000000000000000000, 1.000000000000000000, -0.000000000000000000 ) ) ;
#6629 = ORIENTED_EDGE ( 'NONE', *, *, #2458, .T. ) ;
#6630 = AXIS2_PLACEMENT_3D ( 'NONE', #10059, #6780, #10782 ) ;
#6631 = AXIS2_PLACEMENT_3D ( 'NONE', #2566, #3802, #9485 ) ;
#6632 = DIRECTION ( 'NONE',  ( 2.655529440325975494E-31, 6.123233995736767268E-17, 1.000000000000000000 ) ) ;
#6633 =( LENGTH_UNIT ( ) NAMED_UNIT ( * ) SI_UNIT ( .MILLI., .METRE. ) );
#6634 = CARTESIAN_POINT ( 'NONE',  ( -0.6200000000000025491, -6.222539674441619262, -15.49999999999999645 ) ) ;
#6635 = PLANE ( 'NONE',  #6860 ) ;
#6636 = CIRCLE ( 'NONE', #7899, 0.5000000000000004441 ) ;
#6637 = CARTESIAN_POINT ( 'NONE',  ( -4.960000000000037268, 0.000000000000000000, -9.131584377541916332E-14 ) ) ;
#6638 = CIRCLE ( 'NONE', #397, 0.8999999999999980238 ) ;
#6639 = EDGE_LOOP ( 'NONE', ( #560, #953, #6459, #7328 ) ) ;
#6640 = FACE_OUTER_BOUND ( 'NONE', #1719, .T. ) ;
#6641 = AXIS2_PLACEMENT_3D ( 'NONE', #2591, #7689, #8608 ) ;
#6642 = AXIS2_PLACEMENT_3D ( 'NONE', #6283, #10268, #8386 ) ;
#6643 = ORIENTED_EDGE ( 'NONE', *, *, #7383, .F. ) ;
#6644 = DIRECTION ( 'NONE',  ( 0.000000000000000000, 0.000000000000000000, 1.000000000000000000 ) ) ;
#6645 = EDGE_CURVE ( 'NONE', #648, #3591, #6482, .T. ) ;
#6646 = DIRECTION ( 'NONE',  ( 1.000000000000000000, 0.000000000000000000, 0.000000000000000000 ) ) ;
#6647 = CARTESIAN_POINT ( 'NONE',  ( -32.89999999999999858, -6.222539674441619262, -15.49999999999999645 ) ) ;
#6648 = EDGE_LOOP ( 'NONE', ( #9971, #5347, #5749, #3867 ) ) ;
#6649 = CIRCLE ( 'NONE', #1230, 0.8999999999999980238 ) ;
#6650 = DIRECTION ( 'NONE',  ( 0.000000000000000000, 0.000000000000000000, -1.000000000000000000 ) ) ;
#6651 = VECTOR ( 'NONE', #700, 1000.000000000000000 ) ;
#6652 = FACE_BOUND ( 'NONE', #1530, .T. ) ;
#6653 = CARTESIAN_POINT ( 'NONE',  ( -20.20000000000003837, 0.000000000000000000, -9.131584377541916332E-14 ) ) ;
#6654 = AXIS2_PLACEMENT_3D ( 'NONE', #9252, #8342, #355 ) ;
#6655 = CARTESIAN_POINT ( 'NONE',  ( -33.98994949366117879, 0.000000000000000000, -10.61862915010154040 ) ) ;
#6656 = AXIS2_PLACEMENT_3D ( 'NONE', #7068, #5903, #3871 ) ;
#6657 = DIRECTION ( 'NONE',  ( 2.775557561562888984E-15, 0.000000000000000000, -1.000000000000000000 ) ) ;
#6658 = ADVANCED_FACE ( 'NONE', ( #3462 ), #7448, .T. ) ;
#6659 = AXIS2_PLACEMENT_3D ( 'NONE', #8165, #8223, #9324 ) ;
#6660 = CARTESIAN_POINT ( 'NONE',  ( 34.06066017177984406, 0.000000000000000000, 10.54791847198286980 ) ) ;
#6661 = CIRCLE ( 'NONE', #6048, 0.5000000000000004441 ) ;
#6662 = VERTEX_POINT ( 'NONE', #12572 ) ;
#6663 =( GEOMETRIC_REPRESENTATION_CONTEXT ( 3 ) GLOBAL_UNCERTAINTY_ASSIGNED_CONTEXT ( ( #7580 ) ) GLOBAL_UNIT_ASSIGNED_CONTEXT ( ( #509, #4496, #2597 ) ) REPRESENTATION_CONTEXT ( 'NONE', 'WORKASPACE' ) );
#6664 = ADVANCED_FACE ( 'NONE', ( #11581 ), #5029, .F. ) ;
#6665 = DIRECTION ( 'NONE',  ( -0.000000000000000000, 1.000000000000000000, -0.000000000000000000 ) ) ;
#6666 = LINE ( 'NONE', #3543, #10607 ) ;
#6667 = ORIENTED_EDGE ( 'NONE', *, *, #3721, .F. ) ;
#6668 = AXIS2_PLACEMENT_3D ( 'NONE', #1047, #9992, #9222 ) ;
#6669 = DIRECTION ( 'NONE',  ( 0.000000000000000000, 1.000000000000000000, -0.000000000000000000 ) ) ;
#6670 = DIRECTION ( 'NONE',  ( 0.000000000000000000, 0.000000000000000000, 1.000000000000000000 ) ) ;
#6671 = CARTESIAN_POINT ( 'NONE',  ( 0.000000000000000000, 1.600000000000000089, -18.00000000000000000 ) ) ;
#6672 = DIRECTION ( 'NONE',  ( 0.000000000000000000, 1.000000000000000000, 0.000000000000000000 ) ) ;
#6673 =( GEOMETRIC_REPRESENTATION_CONTEXT ( 3 ) GLOBAL_UNCERTAINTY_ASSIGNED_CONTEXT ( ( #6525 ) ) GLOBAL_UNIT_ASSIGNED_CONTEXT ( ( #3778, #2784, #5922 ) ) REPRESENTATION_CONTEXT ( 'NONE', 'WORKASPACE' ) );
#6674 = CARTESIAN_POINT ( 'NONE',  ( -35.15000000000001279, 6.200000000000242650, 4.250000000000000000 ) ) ;
#6675 = EDGE_CURVE ( 'NONE', #12417, #5071, #1039, .T. ) ;
#6676 = COLOUR_RGB ( '',1.000000000000000000, 0.8117647058823529438, 0.5019607843137254832 ) ;
#6677 = ORIENTED_EDGE ( 'NONE', *, *, #8367, .F. ) ;
#6678 = CARTESIAN_POINT ( 'NONE',  ( -34.95000000000000995, 1.600000000000000089, -11.70000000000002416 ) ) ;
#6679 = ORIENTED_EDGE ( 'NONE', *, *, #10363, .F. ) ;
#6680 = DIRECTION ( 'NONE',  ( 0.000000000000000000, -1.000000000000000000, 0.000000000000000000 ) ) ;
#6681 = EDGE_CURVE ( 'NONE', #6794, #10042, #10674, .T. ) ;
#6682 = ORIENTED_EDGE ( 'NONE', *, *, #9375, .T. ) ;
#6683 = EDGE_CURVE ( 'NONE', #10711, #10316, #5035, .T. ) ;
#6684 = ORIENTED_EDGE ( 'NONE', *, *, #4048, .T. ) ;
#6685 = DIRECTION ( 'NONE',  ( 0.000000000000000000, 1.000000000000000000, -0.000000000000000000 ) ) ;
#6686 = EDGE_LOOP ( 'NONE', ( #4982, #2324, #7876, #11610 ) ) ;
#6687 = VECTOR ( 'NONE', #7539, 1000.000000000000000 ) ;
#6688 = CARTESIAN_POINT ( 'NONE',  ( 35.15000000000001279, 82.49217232609667860, -11.50000000000002487 ) ) ;
#6689 = EDGE_CURVE ( 'NONE', #8208, #5901, #5938, .T. ) ;
#6690 = LINE ( 'NONE', #1847, #12925 ) ;
#6691 = VERTEX_POINT ( 'NONE', #4837 ) ;
#6692 = DIRECTION ( 'NONE',  ( 2.775557561562888984E-15, 0.000000000000000000, -1.000000000000000000 ) ) ;
#6693 = LINE ( 'NONE', #1598, #1629 ) ;
#6694 = CYLINDRICAL_SURFACE ( 'NONE', #10835, 0.5000000000000004441 ) ;
#6695 = VECTOR ( 'NONE', #4760, 1000.000000000000000 ) ;
#6696 = ORIENTED_EDGE ( 'NONE', *, *, #300, .T. ) ;
#6697 = LINE ( 'NONE', #9635, #7717 ) ;
#6698 = ORIENTED_EDGE ( 'NONE', *, *, #12306, .F. ) ;
#6699 = VERTEX_POINT ( 'NONE', #9014 ) ;
#6700 = CARTESIAN_POINT ( 'NONE',  ( -26.91999999999999815, -6.222539674441619262, -14.99999999999999822 ) ) ;
#6701 = DIRECTION ( 'NONE',  ( 0.000000000000000000, -1.000000000000000000, 0.000000000000000000 ) ) ;
#6702 = VERTEX_POINT ( 'NONE', #8874 ) ;
#6703 = EDGE_CURVE ( 'NONE', #7353, #9066, #4043, .T. ) ;
#6704 = FACE_OUTER_BOUND ( 'NONE', #2539, .T. ) ;
#6705 =( NAMED_UNIT ( * ) SI_UNIT ( $, .STERADIAN. ) SOLID_ANGLE_UNIT ( ) );
#6706 = CARTESIAN_POINT ( 'NONE',  ( -20.19999999999999574, 0.000000000000000000, -15.49999999999999645 ) ) ;
#6707 = CARTESIAN_POINT ( 'NONE',  ( 10.16000000000000014, 0.000000000000000000, -18.00000000000000000 ) ) ;
#6708 = LINE ( 'NONE', #7698, #4528 ) ;
#6709 = ORIENTED_EDGE ( 'NONE', *, *, #9949, .T. ) ;
#6710 = DIRECTION ( 'NONE',  ( 0.000000000000000000, -1.000000000000000000, 0.000000000000000000 ) ) ;
#6711 = ORIENTED_EDGE ( 'NONE', *, *, #6864, .T. ) ;
#6712 = LINE ( 'NONE', #6579, #3213 ) ;
#6713 = DIRECTION ( 'NONE',  ( 0.000000000000000000, 1.000000000000000000, 0.000000000000000000 ) ) ;
#6714 = ORIENTED_EDGE ( 'NONE', *, *, #8193, .F. ) ;
#6715 = LINE ( 'NONE', #1924, #4688 ) ;
#6716 = DIRECTION ( 'NONE',  ( 0.000000000000000000, 0.000000000000000000, -1.000000000000000000 ) ) ;
#6717 = CARTESIAN_POINT ( 'NONE',  ( -26.91999999999999815, 0.000000000000000000, -15.49999999999999645 ) ) ;
#6718 = EDGE_CURVE ( 'NONE', #1945, #10791, #9982, .T. ) ;
#6719 = LINE ( 'NONE', #10715, #4779 ) ;
#6720 = DIRECTION ( 'NONE',  ( 0.000000000000000000, 1.000000000000000000, 0.000000000000000000 ) ) ;
#6721 = EDGE_CURVE ( 'NONE', #2969, #10510, #4395, .T. ) ;
#6722 = AXIS2_PLACEMENT_3D ( 'NONE', #6335, #12238, #4249 ) ;
#6723 = FACE_OUTER_BOUND ( 'NONE', #2400, .T. ) ;
#6724 = VERTEX_POINT ( 'NONE', #5806 ) ;
#6725 = ADVANCED_FACE ( 'NONE', ( #4891 ), #12960, .F. ) ;
#6726 = DIRECTION ( 'NONE',  ( -0.000000000000000000, 1.000000000000000000, -0.000000000000000000 ) ) ;
#6727 = LINE ( 'NONE', #529, #4355 ) ;
#6728 = ORIENTED_EDGE ( 'NONE', *, *, #8906, .F. ) ;
#6729 = CARTESIAN_POINT ( 'NONE',  ( -32.89999999999999858, 0.000000000000000000, -18.00000000000000000 ) ) ;
#6730 = LINE ( 'NONE', #10726, #9772 ) ;
#6731 = CARTESIAN_POINT ( 'NONE',  ( -26.91999999999999815, -6.222539674441619262, -15.49999999999999645 ) ) ;
#6732 = CARTESIAN_POINT ( 'NONE',  ( -20.19999999999999574, -6.222539674441619262, -15.49999999999999645 ) ) ;
#6733 = CARTESIAN_POINT ( 'NONE',  ( -29.46000000000000085, -6.222539674441619262, -15.49999999999999645 ) ) ;
#6734 = ORIENTED_EDGE ( 'NONE', *, *, #11022, .F. ) ;
#6735 = DIRECTION ( 'NONE',  ( 0.000000000000000000, 0.000000000000000000, 1.000000000000000000 ) ) ;
#6736 = ORIENTED_EDGE ( 'NONE', *, *, #12442, .F. ) ;
#6737 = CARTESIAN_POINT ( 'NONE',  ( -13.31999999999999496, -6.222539674441619262, -18.00000000000000000 ) ) ;
#6738 = ORIENTED_EDGE ( 'NONE', *, *, #7560, .T. ) ;
#6739 = ADVANCED_FACE ( 'NONE', ( #12881 ), #2989, .T. ) ;
#6740 = ORIENTED_EDGE ( 'NONE', *, *, #9869, .T. ) ;
#6741 = CARTESIAN_POINT ( 'NONE',  ( -34.79999999999999005, 7.399999999999999467, -6.249999999999994671 ) ) ;
#6742 = DIRECTION ( 'NONE',  ( -0.000000000000000000, 1.000000000000000000, -0.000000000000000000 ) ) ;
#6743 = ORIENTED_EDGE ( 'NONE', *, *, #4140, .T. ) ;
#6744 = CARTESIAN_POINT ( 'NONE',  ( -21.83999999999999986, 0.000000000000000000, -14.59999999999999787 ) ) ;
#6745 = CARTESIAN_POINT ( 'NONE',  ( 37.70000000000000284, 1.600000000000000089, -15.69999999999999929 ) ) ;
#6746 = ORIENTED_EDGE ( 'NONE', *, *, #12161, .T. ) ;
#6747 = CARTESIAN_POINT ( 'NONE',  ( 2.660000000000009468, 1.600000000000000089, -18.00000000000000000 ) ) ;
#6748 = EDGE_CURVE ( 'NONE', #685, #3166, #7769, .T. ) ;
#6749 = LINE ( 'NONE', #551, #1831 ) ;
#6750 = ADVANCED_FACE ( 'NONE', ( #7829 ), #9791, .T. ) ;
#6751 = ADVANCED_FACE ( 'NONE', ( #12019 ), #2851, .F. ) ;
#6752 = CYLINDRICAL_SURFACE ( 'NONE', #12934, 0.8999999999999980238 ) ;
#6753 = EDGE_LOOP ( 'NONE', ( #12324, #7506, #7824, #7926, #12799, #3292, #2580, #6410 ) ) ;
#6754 = FACE_OUTER_BOUND ( 'NONE', #10612, .T. ) ;
#6755 = VERTEX_POINT ( 'NONE', #3790 ) ;
#6756 = VERTEX_POINT ( 'NONE', #7037 ) ;
#6757 = ORIENTED_EDGE ( 'NONE', *, *, #3322, .T. ) ;
#6758 = CARTESIAN_POINT ( 'NONE',  ( -22.50000000000000000, 4.599999999999999645, -2.147727943148358687 ) ) ;
#6759 = DIRECTION ( 'NONE',  ( -0.000000000000000000, 1.000000000000000000, -0.000000000000000000 ) ) ;
#6760 = EDGE_LOOP ( 'NONE', ( #2848, #9516, #10429, #3492 ) ) ;
#6761 = ORIENTED_EDGE ( 'NONE', *, *, #3455, .F. ) ;
#6762 = DIRECTION ( 'NONE',  ( 0.000000000000000000, -0.000000000000000000, -1.000000000000000000 ) ) ;
#6763 = SURFACE_STYLE_FILL_AREA ( #2786 ) ;
#6764 = DIRECTION ( 'NONE',  ( 0.000000000000000000, 1.000000000000000000, -0.000000000000000000 ) ) ;
#6765 = ORIENTED_EDGE ( 'NONE', *, *, #1636, .F. ) ;
#6766 = LINE ( 'NONE', #7823, #9187 ) ;
#6767 = EDGE_CURVE ( 'NONE', #4483, #9437, #831, .T. ) ;
#6768 = ORIENTED_EDGE ( 'NONE', *, *, #9413, .F. ) ;
#6769 = DIRECTION ( 'NONE',  ( 0.000000000000000000, 1.000000000000000000, 0.000000000000000000 ) ) ;
#6770 =( NAMED_UNIT ( * ) PLANE_ANGLE_UNIT ( ) SI_UNIT ( $, .RADIAN. ) );
#6771 = ORIENTED_EDGE ( 'NONE', *, *, #12835, .T. ) ;
#6772 = DIRECTION ( 'NONE',  ( 0.000000000000000000, 0.000000000000000000, 1.000000000000000000 ) ) ;
#6773 = CARTESIAN_POINT ( 'NONE',  ( -21.83999999999999986, 0.000000000000000000, -14.59999999999999787 ) ) ;
#6774 = CYLINDRICAL_SURFACE ( 'NONE', #1992, 0.8999999999999980238 ) ;
#6775 = DIRECTION ( 'NONE',  ( 0.000000000000000000, 0.000000000000000000, 1.000000000000000000 ) ) ;
#6776 = CARTESIAN_POINT ( 'NONE',  ( 35.11069140756920604, 8.305513762269441713, -11.90199999999999925 ) ) ;
#6777 = EDGE_CURVE ( 'NONE', #3997, #6702, #6075, .T. ) ;
#6778 = ORIENTED_EDGE ( 'NONE', *, *, #11198, .F. ) ;
#6779 = CYLINDRICAL_SURFACE ( 'NONE', #9031, 1.000000000000000000 ) ;
#6780 = DIRECTION ( 'NONE',  ( 0.000000000000000000, 1.000000000000000000, 0.000000000000000000 ) ) ;
#6781 = VERTEX_POINT ( 'NONE', #12761 ) ;
#6782 = LINE ( 'NONE', #12631, #5684 ) ;
#6783 = LINE ( 'NONE', #10786, #5813 ) ;
#6784 = CARTESIAN_POINT ( 'NONE',  ( 7.000000000000006217, 0.000000000000000000, -18.00000000000000000 ) ) ;
#6785 = DIRECTION ( 'NONE',  ( 2.775557561562888984E-15, 0.000000000000000000, -1.000000000000000000 ) ) ;
#6786 = VECTOR ( 'NONE', #8480, 1000.000000000000000 ) ;
#6787 = ORIENTED_EDGE ( 'NONE', *, *, #129, .T. ) ;
#6788 = FILL_AREA_STYLE ('',( #10679 ) ) ;
#6789 = EDGE_CURVE ( 'NONE', #8626, #24, #2917, .T. ) ;
#6790 = EDGE_LOOP ( 'NONE', ( #6765, #11522, #2707, #4705 ) ) ;
#6791 = LINE ( 'NONE', #6737, #5510 ) ;
#6792 = AXIS2_PLACEMENT_3D ( 'NONE', #7140, #995, #8901 ) ;
#6793 = ORIENTED_EDGE ( 'NONE', *, *, #6411, .T. ) ;
#6794 = VERTEX_POINT ( 'NONE', #11314 ) ;
#6795 = CARTESIAN_POINT ( 'NONE',  ( 34.98222023238930234, 8.397979999999998668, 11.55193619753724832 ) ) ;
#6796 = PLANE ( 'NONE',  #8723 ) ;
#6797 = ORIENTED_EDGE ( 'NONE', *, *, #4285, .T. ) ;
#6798 = LINE ( 'NONE', #8596, #4804 ) ;
#6799 = PLANE ( 'NONE',  #8725 ) ;
#6800 = VERTEX_POINT ( 'NONE', #318 ) ;
#6801 = AXIS2_PLACEMENT_3D ( 'NONE', #9903, #12945, #7757 ) ;
#6802 = CARTESIAN_POINT ( 'NONE',  ( -30.35999999999999943, 1.600000000000000089, -18.00000000000000000 ) ) ;
#6803 = VECTOR ( 'NONE', #8489, 1000.000000000000000 ) ;
#6804 = DIRECTION ( 'NONE',  ( 2.775557561562888984E-15, 0.000000000000000000, -1.000000000000000000 ) ) ;
#6805 = EDGE_CURVE ( 'NONE', #4054, #2389, #4181, .T. ) ;
#6806 = ADVANCED_FACE ( 'NONE', ( #9272 ), #8094, .F. ) ;
#6807 = CIRCLE ( 'NONE', #8498, 0.8999999999999980238 ) ;
#6808 = CARTESIAN_POINT ( 'NONE',  ( -34.10000000000000142, 8.599999999999999645, 9.525000000000002132 ) ) ;
#6809 = EDGE_LOOP ( 'NONE', ( #8229, #11137, #11576, #5761 ) ) ;
#6810 = CARTESIAN_POINT ( 'NONE',  ( -1.520000000000000462, -6.222539674441619262, -15.49999999999999645 ) ) ;
#6811 = AXIS2_PLACEMENT_3D ( 'NONE', #4255, #8441, #11261 ) ;
#6812 = ORIENTED_EDGE ( 'NONE', *, *, #12429, .F. ) ;
#6813 = VECTOR ( 'NONE', #2537, 1000.000000000000000 ) ;
#6814 = ORIENTED_EDGE ( 'NONE', *, *, #10477, .T. ) ;
#6815 = EDGE_LOOP ( 'NONE', ( #4663, #11726, #8447, #9338 ) ) ;
#6816 = DIRECTION ( 'NONE',  ( 0.000000000000000000, 1.000000000000000000, 0.000000000000000000 ) ) ;
#6817 = CARTESIAN_POINT ( 'NONE',  ( -24.37999999999999901, 1.600000000000000089, -14.59999999999999787 ) ) ;
#6818 = ORIENTED_EDGE ( 'NONE', *, *, #7030, .T. ) ;
#6819 = EDGE_CURVE ( 'NONE', #10571, #8650, #382, .T. ) ;
#6820 = CLOSED_SHELL ( 'NONE', ( #5335, #10837, #3407, #10724, #1703, #7953, #10225, #1119, #5821 ) ) ;
#6821 = ORIENTED_EDGE ( 'NONE', *, *, #10487, .T. ) ;
#6822 = CARTESIAN_POINT ( 'NONE',  ( 37.70000000000000284, -6.222539674441619262, -14.30000000000000426 ) ) ;
#6823 = DIRECTION ( 'NONE',  ( 2.775557561562888984E-15, 0.000000000000000000, -1.000000000000000000 ) ) ;
#6824 = DIRECTION ( 'NONE',  ( 0.000000000000000000, 0.000000000000000000, 1.000000000000000000 ) ) ;
#6825 = VECTOR ( 'NONE', #2495, 1000.000000000000000 ) ;
#6826 = DIRECTION ( 'NONE',  ( -0.7071067811865432429, 0.000000000000000000, -0.7071067811865519026 ) ) ;
#6827 = DIRECTION ( 'NONE',  ( 1.000000000000000000, 0.000000000000000000, 0.000000000000000000 ) ) ;
#6828 = VECTOR ( 'NONE', #7820, 1000.000000000000000 ) ;
#6829 = ORIENTED_EDGE ( 'NONE', *, *, #503, .F. ) ;
#6830 = LINE ( 'NONE', #11758, #8962 ) ;
#6831 = VECTOR ( 'NONE', #5668, 1000.000000000000000 ) ;
#6832 = AXIS2_PLACEMENT_3D ( 'NONE', #6388, #9140, #192 ) ;
#6833 = EDGE_LOOP ( 'NONE', ( #763, #11608, #3845, #8604 ) ) ;
#6834 = EDGE_CURVE ( 'NONE', #7227, #8065, #3090, .T. ) ;
#6835 = DIRECTION ( 'NONE',  ( 0.000000000000000000, 0.000000000000000000, 1.000000000000000000 ) ) ;
#6836 = VECTOR ( 'NONE', #66, 1000.000000000000000 ) ;
#6837 = VECTOR ( 'NONE', #5966, 1000.000000000000000 ) ;
#6838 = VERTEX_POINT ( 'NONE', #113 ) ;
#6839 = CARTESIAN_POINT ( 'NONE',  ( -35.14292893218813418, 1.599999999999978995, 11.70000000000002416 ) ) ;
#6840 = DIRECTION ( 'NONE',  ( -0.000000000000000000, 1.000000000000000000, -0.000000000000000000 ) ) ;
#6841 = ADVANCED_FACE ( 'NONE', ( #1160 ), #3006, .F. ) ;
#6842 = VECTOR ( 'NONE', #7075, 1000.000000000000000 ) ;
#6843 = DIRECTION ( 'NONE',  ( -5.944228223417378173E-31, 2.312964634635742957E-16, 1.000000000000000000 ) ) ;
#6844 = FACE_OUTER_BOUND ( 'NONE', #9836, .T. ) ;
#6845 = CIRCLE ( 'NONE', #9769, 0.8999999999999980238 ) ;
#6846 = DIRECTION ( 'NONE',  ( -0.000000000000000000, 1.000000000000000000, -0.000000000000000000 ) ) ;
#6847 = ADVANCED_FACE ( 'NONE', ( #9072 ), #5148, .F. ) ;
#6848 = AXIS2_PLACEMENT_3D ( 'NONE', #3609, #5635, #8581 ) ;
#6849 = ORIENTED_EDGE ( 'NONE', *, *, #10969, .T. ) ;
#6850 = FACE_BOUND ( 'NONE', #5957, .T. ) ;
#6851 = CIRCLE ( 'NONE', #5616, 0.2000000000000005107 ) ;
#6853 = ORIENTED_EDGE ( 'NONE', *, *, #2153, .F. ) ;
#6852 = CIRCLE ( 'NONE', #11472, 0.5000000000000004441 ) ;
#6854 = CARTESIAN_POINT ( 'NONE',  ( -35.07861928812541663, 8.303342918701952513, 11.67664308237667115 ) ) ;
#6855 = DIRECTION ( 'NONE',  ( 0.000000000000000000, -0.000000000000000000, -1.000000000000000000 ) ) ;
#6856 = EDGE_LOOP ( 'NONE', ( #229, #1947 ) ) ;
#6857 = DIRECTION ( 'NONE',  ( 2.655529440325975494E-31, 6.123233995736767268E-17, 1.000000000000000000 ) ) ;
#6858 = DIRECTION ( 'NONE',  ( 0.000000000000000000, 0.000000000000000000, -1.000000000000000000 ) ) ;
#6859 = CARTESIAN_POINT ( 'NONE',  ( -26.91999999999999815, 1.600000000000000089, -15.49999999999999645 ) ) ;
#6860 = AXIS2_PLACEMENT_3D ( 'NONE', #12870, #6826, #9845 ) ;
#6861 = AXIS2_PLACEMENT_3D ( 'NONE', #4710, #8641, #2947 ) ;
#6862 = CIRCLE ( 'NONE', #5627, 0.8999999999999980238 ) ;
#6863 = DIRECTION ( 'NONE',  ( 0.000000000000000000, 0.000000000000000000, 1.000000000000000000 ) ) ;
#6864 = EDGE_CURVE ( 'NONE', #80, #946, #11234, .T. ) ;
#6865 = VERTEX_POINT ( 'NONE', #3192 ) ;
#6866 = CARTESIAN_POINT ( 'NONE',  ( -34.13137084989848802, -16.60000000000000497, -10.76005050633884963 ) ) ;
#6867 = ORIENTED_EDGE ( 'NONE', *, *, #6718, .F. ) ;
#6868 = VECTOR ( 'NONE', #1639, 1000.000000000000000 ) ;
#6869 = ORIENTED_EDGE ( 'NONE', *, *, #8655, .F. ) ;
#6870 = ORIENTED_EDGE ( 'NONE', *, *, #12383, .F. ) ;
#6871 = CARTESIAN_POINT ( 'NONE',  ( 35.11069140756920604, 8.305513762269441713, 11.90199999999999925 ) ) ;
#6872 = VECTOR ( 'NONE', #2131, 1000.000000000000000 ) ;
#6873 = FACE_OUTER_BOUND ( 'NONE', #12893, .T. ) ;
#6874 = ORIENTED_EDGE ( 'NONE', *, *, #4501, .F. ) ;
#6875 = CARTESIAN_POINT ( 'NONE',  ( -17.66000000000003922, 0.000000000000000000, -9.131584377541916332E-14 ) ) ;
#6876 = PLANE ( 'NONE',  #11246 ) ;
#6877 = ORIENTED_EDGE ( 'NONE', *, *, #12502, .T. ) ;
#6878 = COLOUR_RGB ( '',0.2509803921568627416, 0.2509803921568627416, 0.2509803921568627416 ) ;
#6879 = CARTESIAN_POINT ( 'NONE',  ( -16.76000000000000156, 0.000000000000000000, -14.59999999999999787 ) ) ;
#6880 = ADVANCED_FACE ( 'NONE', ( #7173 ), #11168, .F. ) ;
#6881 = CARTESIAN_POINT ( 'NONE',  ( -34.94999999999999574, 8.400000000000000355, -11.50000000000000000 ) ) ;
#6882 = MECHANICAL_DESIGN_GEOMETRIC_PRESENTATION_REPRESENTATION (  '', ( #10238 ), #12352 ) ;
#6883 = EDGE_CURVE ( 'NONE', #1962, #6533, #10644, .T. ) ;
#6884 = DIRECTION ( 'NONE',  ( 0.000000000000000000, 1.000000000000000000, -0.000000000000000000 ) ) ;
#6885 = ORIENTED_EDGE ( 'NONE', *, *, #6975, .T. ) ;
#6886 = LINE ( 'NONE', #9697, #8167 ) ;
#6887 = ORIENTED_EDGE ( 'NONE', *, *, #10990, .T. ) ;
#6888 = VECTOR ( 'NONE', #4555, 1000.000000000000000 ) ;
#6889 = EDGE_LOOP ( 'NONE', ( #12839, #5768 ) ) ;
#6890 = FACE_BOUND ( 'NONE', #8718, .T. ) ;
#6891 = CARTESIAN_POINT ( 'NONE',  ( 33.64999999999999858, 8.500000000000000000, -9.625000000000003553 ) ) ;
#6892 = EDGE_LOOP ( 'NONE', ( #4126, #1788, #5672, #11089, #165 ) ) ;
#6893 = EDGE_CURVE ( 'NONE', #7620, #5011, #6266, .T. ) ;
#6894 = ORIENTED_EDGE ( 'NONE', *, *, #11022, .T. ) ;
#6895 = MANIFOLD_SOLID_BREP ( 'Boss-Extrude9[1]', #11845 ) ;
#6896 = DIRECTION ( 'NONE',  ( -0.000000000000000000, 1.000000000000000000, -0.000000000000000000 ) ) ;
#6897 = PLANE ( 'NONE',  #7935 ) ;
#6898 = DIRECTION ( 'NONE',  ( 0.000000000000000000, -0.000000000000000000, -1.000000000000000000 ) ) ;
#6899 = LINE ( 'NONE', #170, #12702 ) ;
#6900 = VECTOR ( 'NONE', #10122, 1000.000000000000000 ) ;
#6901 = DIRECTION ( 'NONE',  ( 0.000000000000000000, 1.000000000000000000, -0.000000000000000000 ) ) ;
#6902 = ORIENTED_EDGE ( 'NONE', *, *, #6834, .T. ) ;
#6903 = DIRECTION ( 'NONE',  ( 0.000000000000000000, 1.000000000000000000, 0.000000000000000000 ) ) ;
#6904 = VERTEX_POINT ( 'NONE', #4624 ) ;
#6905 = DIRECTION ( 'NONE',  ( 0.000000000000000000, 0.000000000000000000, -1.000000000000000000 ) ) ;
#6906 = DIRECTION ( 'NONE',  ( 1.000000000000000000, -2.775557561563175735E-15, 0.000000000000000000 ) ) ;
#6907 = DIRECTION ( 'NONE',  ( -1.000000000000000000, 2.775557561563175735E-15, -0.000000000000000000 ) ) ;
#6908 = VERTEX_POINT ( 'NONE', #2475 ) ;
#6909 = CARTESIAN_POINT ( 'NONE',  ( 35.05564310607842060, 8.599999999999997868, -11.53243834242077526 ) ) ;
#6910 = DIRECTION ( 'NONE',  ( 1.000000000000000000, -0.000000000000000000, 0.000000000000000000 ) ) ;
#6911 = CARTESIAN_POINT ( 'NONE',  ( -1.520000000000000462, 0.000000000000000000, -14.99999999999999822 ) ) ;
#6912 = DIRECTION ( 'NONE',  ( 0.000000000000000000, 1.000000000000000000, 0.000000000000000000 ) ) ;
#6913 = EDGE_CURVE ( 'NONE', #1557, #9833, #4805, .T. ) ;
#6914 = DIRECTION ( 'NONE',  ( 0.000000000000000000, 0.000000000000000000, 1.000000000000000000 ) ) ;
#6915 = EDGE_CURVE ( 'NONE', #5632, #8379, #12482, .T. ) ;
#6916 = ORIENTED_EDGE ( 'NONE', *, *, #12769, .T. ) ;
#6917 = VERTEX_POINT ( 'NONE', #6518 ) ;
#6918 = CARTESIAN_POINT ( 'NONE',  ( -35.14292893218813418, 8.199999999999999289, 11.90000000000000036 ) ) ;
#6919 = DIRECTION ( 'NONE',  ( -0.7071067811865563435, 0.000000000000000000, 0.7071067811865388020 ) ) ;
#6920 = EDGE_LOOP ( 'NONE', ( #10323, #8798, #3321, #2589 ) ) ;
#6921 = DIRECTION ( 'NONE',  ( -0.000000000000000000, 1.000000000000000000, -0.000000000000000000 ) ) ;
#6922 = EDGE_CURVE ( 'NONE', #7501, #6309, #6269, .T. ) ;
#6923 = CARTESIAN_POINT ( 'NONE',  ( -21.83999999999999986, 0.000000000000000000, -14.99999999999999822 ) ) ;
#6924 = VECTOR ( 'NONE', #12497, 1000.000000000000000 ) ;
#6925 = PLANE ( 'NONE',  #9532 ) ;
#6926 = FACE_OUTER_BOUND ( 'NONE', #6790, .T. ) ;
#6927 = ORIENTED_EDGE ( 'NONE', *, *, #3481, .T. ) ;
#6928 = DIRECTION ( 'NONE',  ( 2.775557561562888984E-15, 0.000000000000000000, -1.000000000000000000 ) ) ;
#6929 = ADVANCED_FACE ( 'NONE', ( #11509 ), #8667, .T. ) ;
#6930 = EDGE_LOOP ( 'NONE', ( #12617, #7087, #8404, #11092 ) ) ;
#6931 = DIRECTION ( 'NONE',  ( 0.000000000000000000, 0.000000000000000000, -1.000000000000000000 ) ) ;
#6932 = ORIENTED_EDGE ( 'NONE', *, *, #11266, .T. ) ;
#6933 = ORIENTED_EDGE ( 'NONE', *, *, #12904, .T. ) ;
#6934 = CARTESIAN_POINT ( 'NONE',  ( 34.98222040359949858, 8.400000000000000355, 11.55246666847519066 ) ) ;
#6935 = EDGE_CURVE ( 'NONE', #10986, #11188, #11566, .T. ) ;
#6936 = LINE ( 'NONE', #3016, #5386 ) ;
#6937 = ORIENTED_EDGE ( 'NONE', *, *, #7981, .T. ) ;
#6938 = CARTESIAN_POINT ( 'NONE',  ( -40.00000000000000000, 0.000000000000000000, -18.00000000000000000 ) ) ;
#6939 = CYLINDRICAL_SURFACE ( 'NONE', #8313, 0.8999999999999980238 ) ;
#6940 = EDGE_LOOP ( 'NONE', ( #9378, #5653, #5520, #643, #7827 ) ) ;
#6941 = DIRECTION ( 'NONE',  ( 0.000000000000000000, 1.000000000000000000, 0.000000000000000000 ) ) ;
#6942 = PLANE ( 'NONE',  #11470 ) ;
#6943 = CARTESIAN_POINT ( 'NONE',  ( 40.00000000000002842, 7.949999999999781686, -3.750000000000000000 ) ) ;
#6944 = ORIENTED_EDGE ( 'NONE', *, *, #10247, .T. ) ;
#6945 = CARTESIAN_POINT ( 'NONE',  ( 35.15898175622380251, 8.556745116961966602, 11.56438176352601310 ) ) ;
#6946 = VECTOR ( 'NONE', #1401, 1000.000000000000000 ) ;
#6947 = EDGE_LOOP ( 'NONE', ( #6629, #7414, #1341, #10578 ) ) ;
#6948 = ORIENTED_EDGE ( 'NONE', *, *, #10457, .F. ) ;
#6949 = EDGE_CURVE ( 'NONE', #77, #4775, #9196, .T. ) ;
#6950 = ORIENTED_EDGE ( 'NONE', *, *, #3043, .F. ) ;
#6951 = FACE_OUTER_BOUND ( 'NONE', #4149, .T. ) ;
#6952 = DIRECTION ( 'NONE',  ( -2.569960705151068762E-15, -1.000000000000000000, 0.000000000000000000 ) ) ;
#6953 = ORIENTED_EDGE ( 'NONE', *, *, #9815, .T. ) ;
#6954 = CARTESIAN_POINT ( 'NONE',  ( -26.91999999999999815, 0.000000000000000000, -14.59999999999999787 ) ) ;
#6955 = ORIENTED_EDGE ( 'NONE', *, *, #9840, .F. ) ;
#6956 = MANIFOLD_SOLID_BREP ( 'Boss-Extrude9[2]', #1409 ) ;
#6957 = CARTESIAN_POINT ( 'NONE',  ( 0.000000000000000000, 8.500000000000000000, 10.07500000000000462 ) ) ;
#6958 = FACE_BOUND ( 'NONE', #11926, .T. ) ;
#6959 = VECTOR ( 'NONE', #6992, 1000.000000000000000 ) ;
#6960 = CARTESIAN_POINT ( 'NONE',  ( -4.059999999999997833, 1.600000000000000089, -15.49999999999999645 ) ) ;
#6961 = DIRECTION ( 'NONE',  ( 2.775557561562888984E-15, 0.000000000000000000, -1.000000000000000000 ) ) ;
#6962 = ORIENTED_EDGE ( 'NONE', *, *, #3797, .T. ) ;
#6963 = DIRECTION ( 'NONE',  ( -0.000000000000000000, 1.000000000000000000, -0.000000000000000000 ) ) ;
#6964 = VERTEX_POINT ( 'NONE', #12554 ) ;
#6965 = CARTESIAN_POINT ( 'NONE',  ( -22.50000000000000000, 4.599999999999999645, 2.147727943148349361 ) ) ;
#6966 = VECTOR ( 'NONE', #6905, 1000.000000000000000 ) ;
#6967 = PLANE ( 'NONE',  #12055 ) ;
#6968 = CARTESIAN_POINT ( 'NONE',  ( -33.79999999999999005, 8.400000000000000355, 7.250000000000006217 ) ) ;
#6969 = EDGE_CURVE ( 'NONE', #7429, #5839, #7572, .T. ) ;
#6970 = ORIENTED_EDGE ( 'NONE', *, *, #12575, .T. ) ;
#6971 = DIRECTION ( 'NONE',  ( 1.000000000000000000, -0.000000000000000000, 2.775557561562888984E-15 ) ) ;
#6972 = LINE ( 'NONE', #6000, #3466 ) ;
#6973 = DIRECTION ( 'NONE',  ( 0.000000000000000000, 0.000000000000000000, -1.000000000000000000 ) ) ;
#6974 = DIRECTION ( 'NONE',  ( 0.000000000000000000, 1.000000000000000000, 0.000000000000000000 ) ) ;
#6975 = EDGE_CURVE ( 'NONE', #7988, #2225, #3973, .T. ) ;
#6976 = VECTOR ( 'NONE', #3374, 1000.000000000000000 ) ;
#6977 = ORIENTED_EDGE ( 'NONE', *, *, #9693, .F. ) ;
#6978 = EDGE_CURVE ( 'NONE', #3191, #12832, #7093, .T. ) ;
#6979 = CARTESIAN_POINT ( 'NONE',  ( -40.00000000000000000, 0.000000000000000000, -18.00000000000000000 ) ) ;
#6980 = VERTEX_POINT ( 'NONE', #12743 ) ;
#6981 = EDGE_CURVE ( 'NONE', #6566, #12455, #9774, .T. ) ;
#6982 = DIRECTION ( 'NONE',  ( 0.000000000000000000, -1.000000000000000000, -3.491481338843133355E-15 ) ) ;
#6983 = DIRECTION ( 'NONE',  ( 0.000000000000000000, 1.000000000000000000, 0.000000000000000000 ) ) ;
#6984 = VERTEX_POINT ( 'NONE', #5787 ) ;
#6985 = CARTESIAN_POINT ( 'NONE',  ( 1.020000000000000018, 0.000000000000000000, -15.49999999999999645 ) ) ;
#6986 = ADVANCED_FACE ( 'NONE', ( #7952 ), #6897, .F. ) ;
#6987 = DIRECTION ( 'NONE',  ( 2.775557561562888984E-15, 0.000000000000000000, -1.000000000000000000 ) ) ;
#6988 = CARTESIAN_POINT ( 'NONE',  ( -34.79999999999999005, 8.599999999999999645, 6.250000000000006217 ) ) ;
#6989 = DIRECTION ( 'NONE',  ( 0.000000000000000000, 1.000000000000000000, 0.000000000000000000 ) ) ;
#6990 = DIRECTION ( 'NONE',  ( 0.000000000000000000, 0.000000000000000000, -1.000000000000000000 ) ) ;
#6991 = VERTEX_POINT ( 'NONE', #11949 ) ;
#6992 = DIRECTION ( 'NONE',  ( 0.000000000000000000, 1.000000000000000000, 0.000000000000000000 ) ) ;
#6993 = ADVANCED_FACE ( 'NONE', ( #5984 ), #9705, .T. ) ;
#6994 = MANIFOLD_SOLID_BREP ( 'LPattern3[11]', #3287 ) ;
#6995 = EDGE_LOOP ( 'NONE', ( #12590, #1475, #5551, #8543 ) ) ;
#6996 = DIRECTION ( 'NONE',  ( -0.000000000000000000, 1.000000000000000000, -0.000000000000000000 ) ) ;
#6997 = DIRECTION ( 'NONE',  ( 0.000000000000000000, 1.000000000000000000, 0.000000000000000000 ) ) ;
#6998 = ORIENTED_EDGE ( 'NONE', *, *, #8071, .T. ) ;
#6999 = CARTESIAN_POINT ( 'NONE',  ( -32.00000000000000000, 0.000000000000000000, -15.99999999999999645 ) ) ;
#7000 = LINE ( 'NONE', #7071, #7090 ) ;
#7001 = CYLINDRICAL_SURFACE ( 'NONE', #11454, 2.200000000000000622 ) ;
#7002 = ORIENTED_EDGE ( 'NONE', *, *, #3659, .T. ) ;
#7003 = DIRECTION ( 'NONE',  ( -1.000000000000000000, 0.000000000000000000, -0.000000000000000000 ) ) ;
#7004 = EDGE_CURVE ( 'NONE', #2386, #1587, #8163, .T. ) ;
#7005 = FACE_OUTER_BOUND ( 'NONE', #3785, .T. ) ;
#7006 = VECTOR ( 'NONE', #1231, 1000.000000000000000 ) ;
#7007 = LINE ( 'NONE', #8262, #5605 ) ;
#7008 = EDGE_CURVE ( 'NONE', #7583, #12311, #1927, .T. ) ;
#7009 = ORIENTED_EDGE ( 'NONE', *, *, #8585, .F. ) ;
#7010 = CARTESIAN_POINT ( 'NONE',  ( -20.94000000000000128, 0.000000000000000000, -18.00000000000000000 ) ) ;
#7011 = EDGE_LOOP ( 'NONE', ( #8892, #12706, #9221, #2053 ) ) ;
#7012 = ORIENTED_EDGE ( 'NONE', *, *, #11272, .T. ) ;
#7013 = ORIENTED_EDGE ( 'NONE', *, *, #6721, .F. ) ;
#7014 = FACE_OUTER_BOUND ( 'NONE', #5765, .T. ) ;
#7015 = CARTESIAN_POINT ( 'NONE',  ( -35.15000000000001990, 9.084811092709033705E-14, 0.000000000000000000 ) ) ;
#7016 = ORIENTED_EDGE ( 'NONE', *, *, #10531, .F. ) ;
#7017 = DIRECTION ( 'NONE',  ( -1.000000000000000000, 0.000000000000000000, 2.566158988131371451E-17 ) ) ;
#7018 = VECTOR ( 'NONE', #10469, 1000.000000000000000 ) ;
#7019 = ORIENTED_EDGE ( 'NONE', *, *, #7504, .F. ) ;
#7020 = CARTESIAN_POINT ( 'NONE',  ( -4.059999999999997833, 1.600000000000000089, -15.49999999999999645 ) ) ;
#7021 = CARTESIAN_POINT ( 'NONE',  ( -34.95000000000000284, 8.399999999999998579, -11.69292893218813667 ) ) ;
#7022 = CIRCLE ( 'NONE', #1392, 0.8999999999999980238 ) ;
#7023 = PLANE ( 'NONE',  #4104 ) ;
#7024 = DIRECTION ( 'NONE',  ( 0.000000000000000000, 0.000000000000000000, 1.000000000000000000 ) ) ;
#7025 = VECTOR ( 'NONE', #3982, 1000.000000000000000 ) ;
#7026 = ORIENTED_EDGE ( 'NONE', *, *, #538, .T. ) ;
#7027 = DIRECTION ( 'NONE',  ( 0.000000000000000000, 1.000000000000000000, 0.000000000000000000 ) ) ;
#7028 = AXIS2_PLACEMENT_3D ( 'NONE', #10106, #7168, #2925 ) ;
#7029 = VERTEX_POINT ( 'NONE', #5865 ) ;
#7030 = EDGE_CURVE ( 'NONE', #7227, #7992, #888, .T. ) ;
#7031 = LINE ( 'NONE', #9211, #2009 ) ;
#7032 = VECTOR ( 'NONE', #8337, 1000.000000000000000 ) ;
#7033 = LINE ( 'NONE', #5216, #11222 ) ;
#7034 = EDGE_LOOP ( 'NONE', ( #11020, #2636, #2645, #4394 ) ) ;
#7035 = VECTOR ( 'NONE', #4287, 1000.000000000000000 ) ;
#7036 = DIRECTION ( 'NONE',  ( 1.000000000000000000, -2.569960705151068762E-15, -1.081882364577109843E-31 ) ) ;
#7037 = CARTESIAN_POINT ( 'NONE',  ( -14.22000000000000064, 1.600000000000000089, -14.59999999999999787 ) ) ;
#7038 = CARTESIAN_POINT ( 'NONE',  ( -34.95000000000000284, 8.599999999999999645, 11.50000000000000000 ) ) ;
#7039 = FILL_AREA_STYLE ('',( #2076 ) ) ;
#7040 = ADVANCED_FACE ( 'NONE', ( #4880, #6958 ), #9902, .T. ) ;
#7041 = FACE_OUTER_BOUND ( 'NONE', #8847, .T. ) ;
#7042 = AXIS2_PLACEMENT_3D ( 'NONE', #3095, #5262, #12199 ) ;
#7043 = EDGE_LOOP ( 'NONE', ( #3808, #6684, #2976, #431 ) ) ;
#7044 = EDGE_CURVE ( 'NONE', #3819, #9764, #7104, .T. ) ;
#7045 = AXIS2_PLACEMENT_3D ( 'NONE', #3568, #11792, #9565 ) ;
#7046 = EDGE_LOOP ( 'NONE', ( #2897, #9758, #11397, #10936 ) ) ;
#7047 = VECTOR ( 'NONE', #40, 1000.000000000000000 ) ;
#7048 = CARTESIAN_POINT ( 'NONE',  ( -4.959999999999995524, 1.600000000000000089, -15.49999999999999645 ) ) ;
#7049 = LINE ( 'NONE', #8884, #11863 ) ;
#7050 = EDGE_LOOP ( 'NONE', ( #10108, #3833, #11268, #3824 ) ) ;
#7051 = CARTESIAN_POINT ( 'NONE',  ( 1.919999999999998153, 1.600000000000000089, -15.49999999999999645 ) ) ;
#7052 = VECTOR ( 'NONE', #6203, 1000.000000000000000 ) ;
#7053 = EDGE_CURVE ( 'NONE', #3098, #6908, #3893, .T. ) ;
#7054 = FACE_OUTER_BOUND ( 'NONE', #1201, .T. ) ;
#7055 = CIRCLE ( 'NONE', #2485, 0.5000000000000004441 ) ;
#7056 = CARTESIAN_POINT ( 'NONE',  ( 35.15000000000001990, 8.991879477923661243E-14, 3.749999999999997780 ) ) ;
#7057 = AXIS2_PLACEMENT_3D ( 'NONE', #8200, #11402, #283 ) ;
#7058 = CARTESIAN_POINT ( 'NONE',  ( 0.000000000000000000, 4.250072516143176119E-14, 11.70000000000002949 ) ) ;
#7059 = VECTOR ( 'NONE', #4414, 1000.000000000000114 ) ;
#7060 = FACE_OUTER_BOUND ( 'NONE', #3272, .T. ) ;
#7061 = VECTOR ( 'NONE', #5782, 1000.000000000000000 ) ;
#7062 = ADVANCED_FACE ( 'NONE', ( #5726, #749 ), #6248, .T. ) ;
#7063 = VECTOR ( 'NONE', #4510, 1000.000000000000000 ) ;
#7064 = ORIENTED_EDGE ( 'NONE', *, *, #12213, .T. ) ;
#7065 = DIRECTION ( 'NONE',  ( -1.000000000000000000, -2.569960705150817904E-15, 0.000000000000000000 ) ) ;
#7066 = ORIENTED_EDGE ( 'NONE', *, *, #8173, .F. ) ;
#7067 = FACE_OUTER_BOUND ( 'NONE', #3108, .T. ) ;
#7068 = CARTESIAN_POINT ( 'NONE',  ( 4.459999999999957332, -6.222539674441619262, -8.631984016460597151E-14 ) ) ;
#7069 = ORIENTED_EDGE ( 'NONE', *, *, #3422, .F. ) ;
#7070 = SURFACE_SIDE_STYLE ('',( #2029 ) ) ;
#7071 = CARTESIAN_POINT ( 'NONE',  ( -40.00000000000000000, 1.600000000000000089, -18.00000000000000000 ) ) ;
#7072 = CIRCLE ( 'NONE', #8514, 1.000000000000000000 ) ;
#7073 = DIRECTION ( 'NONE',  ( 0.000000000000000000, 1.000000000000000000, 0.000000000000000000 ) ) ;
#7074 = ORIENTED_EDGE ( 'NONE', *, *, #11220, .T. ) ;
#7075 = DIRECTION ( 'NONE',  ( 1.000000000000000000, -0.000000000000000000, 0.000000000000000000 ) ) ;
#7076 = VECTOR ( 'NONE', #9765, 1000.000000000000000 ) ;
#7077 = DIRECTION ( 'NONE',  ( -1.000000000000000000, 0.000000000000000000, 2.566158988131371759E-17 ) ) ;
#7078 = ADVANCED_FACE ( 'NONE', ( #3237 ), #8218, .F. ) ;
#7079 = CARTESIAN_POINT ( 'NONE',  ( -6.599999999999997868, 0.000000000000000000, -15.49999999999999645 ) ) ;
#7080 = AXIS2_PLACEMENT_3D ( 'NONE', #540, #8521, #3558 ) ;
#7081 = ADVANCED_FACE ( 'NONE', ( #6314 ), #10240, .F. ) ;
#7082 = DIRECTION ( 'NONE',  ( 0.000000000000000000, 1.000000000000000000, 0.000000000000000000 ) ) ;
#7083 = EDGE_CURVE ( 'NONE', #134, #4987, #5637, .T. ) ;
#7084 = AXIS2_PLACEMENT_3D ( 'NONE', #7428, #3689, #3632 ) ;
#7085 = ORIENTED_EDGE ( 'NONE', *, *, #3396, .T. ) ;
#7086 = ADVANCED_FACE ( 'NONE', ( #4227 ), #8370, .T. ) ;
#7087 = ORIENTED_EDGE ( 'NONE', *, *, #12138, .F. ) ;
#7088 = VERTEX_POINT ( 'NONE', #7293 ) ;
#7089 = DIRECTION ( 'NONE',  ( -0.000000000000000000, 1.000000000000000000, -0.000000000000000000 ) ) ;
#7090 = VECTOR ( 'NONE', #3018, 1000.000000000000000 ) ;
#7091 = CARTESIAN_POINT ( 'NONE',  ( -11.67999999999999972, 0.000000000000000000, -15.49999999999999645 ) ) ;
#7092 = VERTEX_POINT ( 'NONE', #2256 ) ;
#7093 = CIRCLE ( 'NONE', #4595, 0.8999999999999980238 ) ;
#7094 = DIRECTION ( 'NONE',  ( 1.000000000000000000, 0.000000000000000000, 0.000000000000000000 ) ) ;
#7095 = DIRECTION ( 'NONE',  ( 0.000000000000000000, 0.000000000000000000, -1.000000000000000000 ) ) ;
#7096 = ORIENTED_EDGE ( 'NONE', *, *, #2070, .T. ) ;
#7097 = MANIFOLD_SOLID_BREP ( 'LPattern3[10]', #9537 ) ;
#7098 = CIRCLE ( 'NONE', #12339, 0.4500000000000007327 ) ;
#7099 = FACE_OUTER_BOUND ( 'NONE', #8681, .T. ) ;
#7100 =( NAMED_UNIT ( * ) SI_UNIT ( $, .STERADIAN. ) SOLID_ANGLE_UNIT ( ) );
#7101 = CARTESIAN_POINT ( 'NONE',  ( 6.100000000000001421, 1.600000000000000089, -15.99999999999999645 ) ) ;
#7102 = DIRECTION ( 'NONE',  ( -0.000000000000000000, 1.000000000000000000, -0.000000000000000000 ) ) ;
#7103 = LINE ( 'NONE', #3240, #12480 ) ;
#7104 = CIRCLE ( 'NONE', #11294, 0.8999999999999980238 ) ;
#7105 = EDGE_LOOP ( 'NONE', ( #199, #12589, #12593, #213 ) ) ;
#7106 = CARTESIAN_POINT ( 'NONE',  ( -33.79999999999999005, 8.400000000000000355, -7.249999999999994671 ) ) ;
#7107 = ORIENTED_EDGE ( 'NONE', *, *, #8859, .F. ) ;
#7108 =( GEOMETRIC_REPRESENTATION_CONTEXT ( 3 ) GLOBAL_UNCERTAINTY_ASSIGNED_CONTEXT ( ( #9279 ) ) GLOBAL_UNIT_ASSIGNED_CONTEXT ( ( #8852, #153, #3096 ) ) REPRESENTATION_CONTEXT ( 'NONE', 'WORKASPACE' ) );
#7109 = ADVANCED_FACE ( 'NONE', ( #5513 ), #99, .F. ) ;
#7110 = DIRECTION ( 'NONE',  ( 2.775557561562888984E-15, 0.000000000000000000, -1.000000000000000000 ) ) ;
#7111 = CARTESIAN_POINT ( 'NONE',  ( 2.540000000000000036, 1.600000000000000089, 0.000000000000000000 ) ) ;
#7112 = ORIENTED_EDGE ( 'NONE', *, *, #3968, .F. ) ;
#7113 = ADVANCED_FACE ( 'NONE', ( #8513 ), #167, .F. ) ;
#7114 = VECTOR ( 'NONE', #5562, 1000.000000000000000 ) ;
#7115 = DIRECTION ( 'NONE',  ( -6.878321229956101700E-31, -2.478176394252935635E-16, 1.000000000000000000 ) ) ;
#7116 = LINE ( 'NONE', #5422, #7644 ) ;
#7117 = ADVANCED_FACE ( 'NONE', ( #4162 ), #10039, .T. ) ;
#7118 = LINE ( 'NONE', #6134, #5400 ) ;
#7119 = VERTEX_POINT ( 'NONE', #9059 ) ;
#7120 = DIRECTION ( 'NONE',  ( 0.000000000000000000, 1.000000000000000000, -0.000000000000000000 ) ) ;
#7121 = VERTEX_POINT ( 'NONE', #4087 ) ;
#7122 = ADVANCED_FACE ( 'NONE', ( #11098 ), #2125, .T. ) ;
#7123 = CARTESIAN_POINT ( 'NONE',  ( -30.35999999999999943, 0.000000000000000000, -15.49999999999999645 ) ) ;
#7124 = DIRECTION ( 'NONE',  ( 0.000000000000000000, 1.000000000000000000, -0.000000000000000000 ) ) ;
#7125 = ORIENTED_EDGE ( 'NONE', *, *, #9875, .F. ) ;
#7126 = CARTESIAN_POINT ( 'NONE',  ( 37.70000000000000284, 1.600000000000000089, -17.89999999999999858 ) ) ;
#7127 = ADVANCED_FACE ( 'NONE', ( #1580 ), #11653, .F. ) ;
#7128 = PLANE ( 'NONE',  #3937 ) ;
#7129 = DIRECTION ( 'NONE',  ( 0.000000000000000000, 0.000000000000000000, -1.000000000000000000 ) ) ;
#7130 = DIRECTION ( 'NONE',  ( 0.000000000000000000, 1.000000000000000000, -0.000000000000000000 ) ) ;
#7131 = LINE ( 'NONE', #4321, #8970 ) ;
#7132 = EDGE_LOOP ( 'NONE', ( #12547, #5038, #10768, #4209 ) ) ;
#7133 = CARTESIAN_POINT ( 'NONE',  ( -34.06066017177982275, 0.000000000000000000, 10.68933982822018969 ) ) ;
#7134 = MANIFOLD_SOLID_BREP ( 'Fillet7', #9130 ) ;
#7135 = ORIENTED_EDGE ( 'NONE', *, *, #9267, .F. ) ;
#7136 = CARTESIAN_POINT ( 'NONE',  ( -4.059999999999997833, 0.000000000000000000, -14.59999999999999787 ) ) ;
#7137 = DIRECTION ( 'NONE',  ( -1.000000000000000000, -0.000000000000000000, 0.000000000000000000 ) ) ;
#7138 = EDGE_CURVE ( 'NONE', #7248, #12602, #1880, .T. ) ;
#7139 = VERTEX_POINT ( 'NONE', #722 ) ;
#7140 = CARTESIAN_POINT ( 'NONE',  ( -32.00000000000000000, 1.600000000000000089, -15.49999999999999645 ) ) ;
#7141 = DIRECTION ( 'NONE',  ( 0.000000000000000000, 0.000000000000000000, 1.000000000000000000 ) ) ;
#7142 = EDGE_LOOP ( 'NONE', ( #10903, #6582 ) ) ;
#7143 = CARTESIAN_POINT ( 'NONE',  ( -35.15000000000000568, 5.700000000000255085, -11.69292893218813667 ) ) ;
#7144 = LINE ( 'NONE', #3952, #2275 ) ;
#7145 = CARTESIAN_POINT ( 'NONE',  ( 0.000000000000000000, 1.600000000000000089, 0.000000000000000000 ) ) ;
#7146 = CARTESIAN_POINT ( 'NONE',  ( 0.000000000000000000, 8.500000000000000000, -9.075000000000002842 ) ) ;
#7147 = CARTESIAN_POINT ( 'NONE',  ( 22.86000000000000298, 1.600000000000000089, -18.00000000000000000 ) ) ;
#7148 = EDGE_CURVE ( 'NONE', #10972, #9250, #4594, .T. ) ;
#7149 = VERTEX_POINT ( 'NONE', #9674 ) ;
#7150 = ORIENTED_EDGE ( 'NONE', *, *, #6458, .T. ) ;
#7151 = VERTEX_POINT ( 'NONE', #4708 ) ;
#7152 = CARTESIAN_POINT ( 'NONE',  ( 34.95000000000000284, 8.199999999999999289, 11.50000000000002309 ) ) ;
#7153 = DIRECTION ( 'NONE',  ( 0.000000000000000000, 0.000000000000000000, -1.000000000000000000 ) ) ;
#7154 = VERTEX_POINT ( 'NONE', #9614 ) ;
#7155 = ADVANCED_FACE ( 'NONE', ( #8699 ), #11721, .T. ) ;
#7156 = LINE ( 'NONE', #4027, #1938 ) ;
#7157 = DIRECTION ( 'NONE',  ( 2.074128996939939974E-32, 3.491481338843133355E-15, 1.000000000000000000 ) ) ;
#7158 = ORIENTED_EDGE ( 'NONE', *, *, #7493, .T. ) ;
#7159 = ADVANCED_FACE ( 'NONE', ( #10542 ), #10727, .T. ) ;
#7160 = LINE ( 'NONE', #3684, #1640 ) ;
#7161 = EDGE_CURVE ( 'NONE', #7700, #932, #2568, .T. ) ;
#7162 = CARTESIAN_POINT ( 'NONE',  ( -10.78000000000004377, 1.600000000000000089, -8.631984016460597151E-14 ) ) ;
#7163 = DIRECTION ( 'NONE',  ( 0.000000000000000000, 0.000000000000000000, 1.000000000000000000 ) ) ;
#7164 = CARTESIAN_POINT ( 'NONE',  ( 34.95000000000001705, 8.199999999999999289, -11.50000000000002487 ) ) ;
#7165 = ORIENTED_EDGE ( 'NONE', *, *, #9821, .F. ) ;
#7166 = DIRECTION ( 'NONE',  ( -0.000000000000000000, 1.000000000000000000, -0.000000000000000000 ) ) ;
#7167 = ORIENTED_EDGE ( 'NONE', *, *, #774, .T. ) ;
#7168 = DIRECTION ( 'NONE',  ( 0.000000000000000000, 1.000000000000000000, 0.000000000000000000 ) ) ;
#7169 = DIRECTION ( 'NONE',  ( -0.000000000000000000, 1.000000000000000000, -0.000000000000000000 ) ) ;
#7170 = VERTEX_POINT ( 'NONE', #10315 ) ;
#7171 = AXIS2_PLACEMENT_3D ( 'NONE', #9189, #226, #3293 ) ;
#7172 = LINE ( 'NONE', #3985, #11023 ) ;
#7173 = FACE_OUTER_BOUND ( 'NONE', #4151, .T. ) ;
#7174 = DIRECTION ( 'NONE',  ( 0.000000000000000000, 1.000000000000000000, 0.000000000000000000 ) ) ;
#7175 = EDGE_CURVE ( 'NONE', #6306, #3148, #7431, .T. ) ;
#7176 = DIRECTION ( 'NONE',  ( -1.000000000000000000, -0.000000000000000000, -0.000000000000000000 ) ) ;
#7177 = EDGE_LOOP ( 'NONE', ( #699, #12489, #9543, #3383 ) ) ;
#7178 = PRESENTATION_LAYER_ASSIGNMENT (  '', '', ( #1344 ) ) ;
#7179 = EDGE_CURVE ( 'NONE', #4284, #12428, #7530, .T. ) ;
#7180 = ORIENTED_EDGE ( 'NONE', *, *, #10477, .F. ) ;
#7181 = DIRECTION ( 'NONE',  ( -0.000000000000000000, 0.000000000000000000, 1.000000000000000000 ) ) ;
#7182 = ORIENTED_EDGE ( 'NONE', *, *, #7408, .T. ) ;
#7183 = EDGE_LOOP ( 'NONE', ( #10546, #10943 ) ) ;
#7184 = CARTESIAN_POINT ( 'NONE',  ( -35.07887356333951345, 8.304061888614160836, 11.67869423227494963 ) ) ;
#7185 = FACE_OUTER_BOUND ( 'NONE', #9926, .T. ) ;
#7186 = EDGE_LOOP ( 'NONE', ( #1421, #5183, #10044, #8194, #2331 ) ) ;
#7187 = DIRECTION ( 'NONE',  ( 2.775557561562888984E-15, 0.000000000000000000, -1.000000000000000000 ) ) ;
#7188 = CARTESIAN_POINT ( 'NONE',  ( -35.15000000000000568, 5.700000000000255085, 11.69292893218813489 ) ) ;
#7189 = CARTESIAN_POINT ( 'NONE',  ( -10.77999999999999758, 1.600000000000000089, -18.00000000000000000 ) ) ;
#7190 = FACE_OUTER_BOUND ( 'NONE', #1561, .T. ) ;
#7191 =( LENGTH_UNIT ( ) NAMED_UNIT ( * ) SI_UNIT ( .MILLI., .METRE. ) );
#7192 = ORIENTED_EDGE ( 'NONE', *, *, #2468, .F. ) ;
#7193 = CARTESIAN_POINT ( 'NONE',  ( 40.00000000000002132, 6.200000000000033928, -3.749999999999999556 ) ) ;
#7194 = ORIENTED_EDGE ( 'NONE', *, *, #12138, .T. ) ;
#7195 = CARTESIAN_POINT ( 'NONE',  ( -18.40000000000004121, 1.600000000000000089, -8.631984016460597151E-14 ) ) ;
#7196 = DIRECTION ( 'NONE',  ( 0.000000000000000000, 0.000000000000000000, 1.000000000000000000 ) ) ;
#7197 = ORIENTED_EDGE ( 'NONE', *, *, #9462, .T. ) ;
#7198 = FACE_OUTER_BOUND ( 'NONE', #7323, .T. ) ;
#7199 = DIRECTION ( 'NONE',  ( -0.000000000000000000, 1.000000000000000000, -0.000000000000000000 ) ) ;
#7200 = ORIENTED_EDGE ( 'NONE', *, *, #2438, .F. ) ;
#7201 = CARTESIAN_POINT ( 'NONE',  ( -33.64999999999999858, 8.500000000000000000, 9.525000000000003908 ) ) ;
#7202 = CARTESIAN_POINT ( 'NONE',  ( 34.80000000000000426, -0.0009999999999992653654, 6.250000000000006217 ) ) ;
#7203 = EDGE_CURVE ( 'NONE', #6865, #3228, #3566, .T. ) ;
#7204 = LINE ( 'NONE', #1269, #2892 ) ;
#7205 = DIRECTION ( 'NONE',  ( -1.000000000000000000, -0.000000000000000000, -0.000000000000000000 ) ) ;
#7206 = ORIENTED_EDGE ( 'NONE', *, *, #9260, .T. ) ;
#7207 =( NAMED_UNIT ( * ) PLANE_ANGLE_UNIT ( ) SI_UNIT ( $, .RADIAN. ) );
#7208 = ORIENTED_EDGE ( 'NONE', *, *, #12737, .F. ) ;
#7209 = ORIENTED_EDGE ( 'NONE', *, *, #3611, .T. ) ;
#7210 = DIRECTION ( 'NONE',  ( 0.000000000000000000, 1.000000000000000000, -0.000000000000000000 ) ) ;
#7211 = PLANE ( 'NONE',  #4565 ) ;
#7212 = VERTEX_POINT ( 'NONE', #11367 ) ;
#7213 = LINE ( 'NONE', #7482, #3646 ) ;
#7214 = CYLINDRICAL_SURFACE ( 'NONE', #10585, 2.199999999999998845 ) ;
#7215 = ORIENTED_EDGE ( 'NONE', *, *, #8173, .T. ) ;
#7216 = AXIS2_PLACEMENT_3D ( 'NONE', #11823, #6076, #8876 ) ;
#7217 = ADVANCED_FACE ( 'NONE', ( #8477 ), #12478, .F. ) ;
#7218 = PLANE ( 'NONE',  #4363 ) ;
#7219 = PRESENTATION_STYLE_ASSIGNMENT (( #1342 ) ) ;
#7220 = EDGE_CURVE ( 'NONE', #7480, #11771, #9269, .T. ) ;
#7221 = LINE ( 'NONE', #11157, #11830 ) ;
#7222 = DIRECTION ( 'NONE',  ( 0.000000000000000000, 0.000000000000000000, -1.000000000000000000 ) ) ;
#7223 = CARTESIAN_POINT ( 'NONE',  ( 1.020000000000000018, 0.000000000000000000, -15.49999999999999645 ) ) ;
#7224 = ORIENTED_EDGE ( 'NONE', *, *, #3837, .F. ) ;
#7225 = DIRECTION ( 'NONE',  ( 2.775557561562888984E-15, 0.000000000000000000, -1.000000000000000000 ) ) ;
#7226 = VECTOR ( 'NONE', #9512, 1000.000000000000000 ) ;
#7227 = VERTEX_POINT ( 'NONE', #3448 ) ;
#7228 = EDGE_CURVE ( 'NONE', #4347, #10819, #11227, .T. ) ;
#7229 = PLANE ( 'NONE',  #8702 ) ;
#7230 = DIRECTION ( 'NONE',  ( 0.000000000000000000, 1.000000000000000000, -0.000000000000000000 ) ) ;
#7231 = ORIENTED_EDGE ( 'NONE', *, *, #7352, .F. ) ;
#7232 = CARTESIAN_POINT ( 'NONE',  ( -35.12664308237666688, 8.303342918701952513, -11.62861928812542622 ) ) ;
#7233 = DIRECTION ( 'NONE',  ( 0.000000000000000000, 0.000000000000000000, -1.000000000000000000 ) ) ;
#7234 = AXIS2_PLACEMENT_3D ( 'NONE', #9160, #128, #10989 ) ;
#7235 = FACE_OUTER_BOUND ( 'NONE', #2411, .T. ) ;
#7236 = DIRECTION ( 'NONE',  ( -0.000000000000000000, -1.000000000000000000, 0.000000000000000000 ) ) ;
#7237 = EDGE_CURVE ( 'NONE', #3405, #2601, #2273, .T. ) ;
#7238 = ORIENTED_EDGE ( 'NONE', *, *, #4095, .F. ) ;
#7239 = VECTOR ( 'NONE', #7884, 1000.000000000000000 ) ;
#7240 = EDGE_LOOP ( 'NONE', ( #7158, #673, #12203, #5989 ) ) ;
#7241 = EDGE_CURVE ( 'NONE', #3294, #732, #3512, .T. ) ;
#7242 = CIRCLE ( 'NONE', #771, 0.8999999999999980238 ) ;
#7243 = VERTEX_POINT ( 'NONE', #1496 ) ;
#7244 = ORIENTED_EDGE ( 'NONE', *, *, #5754, .T. ) ;
#7245 = ADVANCED_FACE ( 'NONE', ( #6260 ), #7505, .F. ) ;
#7246 = CARTESIAN_POINT ( 'NONE',  ( 34.80000000000000426, 8.400000000000000355, 6.250000000000006217 ) ) ;
#7247 = PLANE ( 'NONE',  #9134 ) ;
#7248 = VERTEX_POINT ( 'NONE', #9328 ) ;
#7249 = LINE ( 'NONE', #6205, #9419 ) ;
#7250 = CARTESIAN_POINT ( 'NONE',  ( -24.37999999999999901, -6.222539674441619262, -15.49999999999999645 ) ) ;
#7251 = EDGE_CURVE ( 'NONE', #9652, #9760, #639, .T. ) ;
#7252 = DIRECTION ( 'NONE',  ( -0.000000000000000000, 1.000000000000000000, -0.000000000000000000 ) ) ;
#7253 = AXIS2_PLACEMENT_3D ( 'NONE', #4406, #8254, #5448 ) ;
#7254 = DIRECTION ( 'NONE',  ( 0.000000000000000000, 3.571489509364004629E-15, 1.000000000000000000 ) ) ;
#7255 = AXIS2_PLACEMENT_3D ( 'NONE', #2583, #3822, #8602 ) ;
#7256 = DIRECTION ( 'NONE',  ( 0.000000000000000000, 0.000000000000000000, 1.000000000000000000 ) ) ;
#7257 = VECTOR ( 'NONE', #6907, 1000.000000000000000 ) ;
#7258 = AXIS2_PLACEMENT_3D ( 'NONE', #608, #11476, #4527 ) ;
#7259 = VERTEX_POINT ( 'NONE', #1419 ) ;
#7260 = DIRECTION ( 'NONE',  ( 0.000000000000000000, 1.000000000000000000, 0.000000000000000000 ) ) ;
#7261 = ORIENTED_EDGE ( 'NONE', *, *, #2391, .F. ) ;
#7262 = DIRECTION ( 'NONE',  ( 0.000000000000000000, 0.000000000000000000, 1.000000000000000000 ) ) ;
#7263 = SURFACE_STYLE_FILL_AREA ( #6348 ) ;
#7264 = ORIENTED_EDGE ( 'NONE', *, *, #4456, .T. ) ;
#7265 = DIRECTION ( 'NONE',  ( -0.000000000000000000, 1.000000000000000000, -0.000000000000000000 ) ) ;
#7266 = CARTESIAN_POINT ( 'NONE',  ( 33.80000000000000426, 6.899999999999999467, 6.250000000000006217 ) ) ;
#7267 = ORIENTED_EDGE ( 'NONE', *, *, #10930, .T. ) ;
#7268 = DIRECTION ( 'NONE',  ( -0.000000000000000000, 1.000000000000000000, -0.000000000000000000 ) ) ;
#7269 = VECTOR ( 'NONE', #4359, 1000.000000000000000 ) ;
#7270 = VECTOR ( 'NONE', #12943, 1000.000000000000000 ) ;
#7271 = PLANE ( 'NONE',  #4770 ) ;
#7272 = VECTOR ( 'NONE', #2822, 1000.000000000000000 ) ;
#7273 = CIRCLE ( 'NONE', #4366, 0.8999999999999980238 ) ;
#7274 = CIRCLE ( 'NONE', #1646, 0.4500000000000007327 ) ;
#7275 = LINE ( 'NONE', #9185, #5163 ) ;
#7276 = SURFACE_STYLE_USAGE ( .BOTH. , #7351 ) ;
#7277 = ORIENTED_EDGE ( 'NONE', *, *, #7850, .T. ) ;
#7278 = CARTESIAN_POINT ( 'NONE',  ( 31.93933982822019146, -2.399999999999999467, 12.66923881554250109 ) ) ;
#7279 = COLOUR_RGB ( '',0.7921568627450980005, 0.8196078431372548767, 0.9333333333333333481 ) ;
#7280 = ORIENTED_EDGE ( 'NONE', *, *, #5827, .F. ) ;
#7281 = VECTOR ( 'NONE', #5879, 1000.000000000000000 ) ;
#7282 = ORIENTED_EDGE ( 'NONE', *, *, #3712, .T. ) ;
#7283 = PLANE ( 'NONE',  #1456 ) ;
#7284 = VECTOR ( 'NONE', #3783, 1000.000000000000000 ) ;
#7285 = DIRECTION ( 'NONE',  ( -1.000000000000000000, -2.453639994309486675E-17, 8.763149499432287983E-32 ) ) ;
#7286 = ORIENTED_EDGE ( 'NONE', *, *, #4909, .T. ) ;
#7287 = CARTESIAN_POINT ( 'NONE',  ( -26.01999999999999602, -6.222539674441619262, -18.00000000000000000 ) ) ;
#7288 = EDGE_CURVE ( 'NONE', #6147, #1302, #2538, .T. ) ;
#7289 = LINE ( 'NONE', #11296, #7893 ) ;
#7290 = COLOUR_RGB ( '',0.5019607843137254832, 0.5019607843137254832, 0.5019607843137254832 ) ;
#7291 = ORIENTED_EDGE ( 'NONE', *, *, #7672, .T. ) ;
#7292 = DIRECTION ( 'NONE',  ( -0.000000000000000000, 1.000000000000000000, -0.000000000000000000 ) ) ;
#7293 = CARTESIAN_POINT ( 'NONE',  ( 34.06066017177984406, -2.399999999999999467, 10.54791847198286980 ) ) ;
#7294 = ADVANCED_FACE ( 'NONE', ( #3386, #10508 ), #12419, .T. ) ;
#7295 = CARTESIAN_POINT ( 'NONE',  ( 35.01405536884863068, 8.378694232274947140, 11.60406188861416510 ) ) ;
#7296 = CARTESIAN_POINT ( 'NONE',  ( -3.160000000000041442, 0.000000000000000000, -8.631984016460597151E-14 ) ) ;
#7297 = CIRCLE ( 'NONE', #10636, 0.8999999999999980238 ) ;
#7298 = DIRECTION ( 'NONE',  ( -6.878321229956101700E-31, -2.478176394252935635E-16, 1.000000000000000000 ) ) ;
#7299 = AXIS2_PLACEMENT_3D ( 'NONE', #3899, #6903, #10904 ) ;
#7300 = ORIENTED_EDGE ( 'NONE', *, *, #11030, .T. ) ;
#7301 = FACE_OUTER_BOUND ( 'NONE', #1990, .T. ) ;
#7302 = AXIS2_PLACEMENT_3D ( 'NONE', #1532, #5521, #9495 ) ;
#7303 = ORIENTED_EDGE ( 'NONE', *, *, #5960, .F. ) ;
#7304 = EDGE_CURVE ( 'NONE', #11074, #12142, #10621, .T. ) ;
#7305 = MECHANICAL_DESIGN_GEOMETRIC_PRESENTATION_REPRESENTATION (  '', ( #6053 ), #6663 ) ;
#7306 = EDGE_CURVE ( 'NONE', #3338, #3827, #401, .T. ) ;
#7307 = DIRECTION ( 'NONE',  ( 1.000000000000000000, -0.000000000000000000, 2.775557561562888984E-15 ) ) ;
#7308 = DIRECTION ( 'NONE',  ( 0.000000000000000000, 1.000000000000000000, -0.000000000000000000 ) ) ;
#7309 = EDGE_LOOP ( 'NONE', ( #9912, #9254, #3187, #7548 ) ) ;
#7310 = AXIS2_PLACEMENT_3D ( 'NONE', #1757, #12827, #850 ) ;
#7311 = VECTOR ( 'NONE', #9759, 1000.000000000000000 ) ;
#7312 = CARTESIAN_POINT ( 'NONE',  ( -20.20000000000003837, 1.600000000000000089, -9.131584377541916332E-14 ) ) ;
#7313 = DIRECTION ( 'NONE',  ( 0.000000000000000000, 0.000000000000000000, 1.000000000000000000 ) ) ;
#7314 =( LENGTH_UNIT ( ) NAMED_UNIT ( * ) SI_UNIT ( .MILLI., .METRE. ) );
#7315 = STYLED_ITEM ( 'NONE', ( #7219 ), #7097 ) ;
#7316 = CARTESIAN_POINT ( 'NONE',  ( -10.78000000000000114, -6.222539674441619262, -15.49999999999999645 ) ) ;
#7317 = ORIENTED_EDGE ( 'NONE', *, *, #7773, .F. ) ;
#7318 = ORIENTED_EDGE ( 'NONE', *, *, #2659, .F. ) ;
#7319 = UNCERTAINTY_MEASURE_WITH_UNIT (LENGTH_MEASURE( 1.000000000000000082E-05 ), #1186, 'distance_accuracy_value', 'NONE');
#7320 = CARTESIAN_POINT ( 'NONE',  ( 37.70000000000032969, 1.600000000000000089, 13.50000000000000000 ) ) ;
#7321 = EDGE_CURVE ( 'NONE', #8839, #11102, #10454, .T. ) ;
#7322 =( NAMED_UNIT ( * ) SI_UNIT ( $, .STERADIAN. ) SOLID_ANGLE_UNIT ( ) );
#7323 = EDGE_LOOP ( 'NONE', ( #4421, #1689, #3813, #11953 ) ) ;
#7324 = AXIS2_PLACEMENT_3D ( 'NONE', #5498, #1630, #10657 ) ;
#7325 = EDGE_LOOP ( 'NONE', ( #4847, #8392 ) ) ;
#7326 = LINE ( 'NONE', #10119, #10910 ) ;
#7327 = CARTESIAN_POINT ( 'NONE',  ( -37.69999999999967599, 1.600000000000000089, 15.69999999999999929 ) ) ;
#7328 = ORIENTED_EDGE ( 'NONE', *, *, #9107, .F. ) ;
#7330 = EDGE_CURVE ( 'NONE', #9833, #8880, #11050, .T. ) ;
#7329 = CARTESIAN_POINT ( 'NONE',  ( -26.02000000000000313, 0.000000000000000000, -15.49999999999999645 ) ) ;
#7331 = CARTESIAN_POINT ( 'NONE',  ( -4.959999999999995524, 0.000000000000000000, -18.00000000000000000 ) ) ;
#7332 = EDGE_CURVE ( 'NONE', #8491, #10826, #7273, .T. ) ;
#7333 = DIRECTION ( 'NONE',  ( 2.775557561562888984E-15, 0.000000000000000000, -1.000000000000000000 ) ) ;
#7334 = EDGE_CURVE ( 'NONE', #1030, #5835, #11257, .T. ) ;
#7335 = AXIS2_PLACEMENT_3D ( 'NONE', #4953, #12819, #1998 ) ;
#7336 = DIRECTION ( 'NONE',  ( -2.569960705150817904E-15, 1.000000000000000000, 0.000000000000000000 ) ) ;
#7337 = CARTESIAN_POINT ( 'NONE',  ( -19.29999999999999716, 0.000000000000000000, -15.49999999999999645 ) ) ;
#7338 = EDGE_LOOP ( 'NONE', ( #3853, #9376 ) ) ;
#7339 = ORIENTED_EDGE ( 'NONE', *, *, #10428, .T. ) ;
#7340 = DIRECTION ( 'NONE',  ( 0.000000000000000000, 0.000000000000000000, 1.000000000000000000 ) ) ;
#7341 = DIRECTION ( 'NONE',  ( 0.000000000000000000, 0.000000000000000000, 1.000000000000000000 ) ) ;
#7342 = VERTEX_POINT ( 'NONE', #2648 ) ;
#7343 = CARTESIAN_POINT ( 'NONE',  ( -31.86862915010151553, -16.60000000000000497, -12.73994949366115925 ) ) ;
#7344 = CYLINDRICAL_SURFACE ( 'NONE', #2871, 0.8999999999999980238 ) ;
#7345 = ORIENTED_EDGE ( 'NONE', *, *, #378, .T. ) ;
#7346 = CYLINDRICAL_SURFACE ( 'NONE', #3742, 2.200000000000000622 ) ;
#7347 = DIRECTION ( 'NONE',  ( 0.000000000000000000, 0.000000000000000000, 1.000000000000000000 ) ) ;
#7348 = ADVANCED_FACE ( 'NONE', ( #8734 ), #4817, .F. ) ;
#7349 = DIRECTION ( 'NONE',  ( -0.000000000000000000, 1.000000000000000000, -0.000000000000000000 ) ) ;
#7350 = CARTESIAN_POINT ( 'NONE',  ( 35.56000000000000227, 1.600000000000000089, -18.00000000000000000 ) ) ;
#7351 = SURFACE_SIDE_STYLE ('',( #1077 ) ) ;
#7352 = EDGE_CURVE ( 'NONE', #8880, #9437, #3830, .T. ) ;
#7353 = VERTEX_POINT ( 'NONE', #3635 ) ;
#7354 = PLANE ( 'NONE',  #7604 ) ;
#7355 = ORIENTED_EDGE ( 'NONE', *, *, #4095, .T. ) ;
#7356 = ORIENTED_EDGE ( 'NONE', *, *, #3811, .F. ) ;
#7357 = LINE ( 'NONE', #11352, #10641 ) ;
#7358 = SURFACE_STYLE_USAGE ( .BOTH. , #5330 ) ;
#7359 = ORIENTED_EDGE ( 'NONE', *, *, #3071, .T. ) ;
#7360 = CARTESIAN_POINT ( 'NONE',  ( -21.83999999999999986, 0.000000000000000000, -15.49999999999999645 ) ) ;
#7361 = LINE ( 'NONE', #434, #4744 ) ;
#7362 = AXIS2_PLACEMENT_3D ( 'NONE', #11072, #8842, #1841 ) ;
#7363 = ORIENTED_EDGE ( 'NONE', *, *, #11946, .F. ) ;
#7364 = LINE ( 'NONE', #5402, #4141 ) ;
#7365 = DIRECTION ( 'NONE',  ( 0.7071067811865512365, 0.000000000000000000, 0.7071067811865439090 ) ) ;
#7366 = CARTESIAN_POINT ( 'NONE',  ( 35.35000000000000853, 6.200000000000047251, 3.749999999999999556 ) ) ;
#7367 = AXIS2_PLACEMENT_3D ( 'NONE', #9473, #4572, #578 ) ;
#7368 = PLANE ( 'NONE',  #363 ) ;
#7369 = ORIENTED_EDGE ( 'NONE', *, *, #8739, .F. ) ;
#7370 = CARTESIAN_POINT ( 'NONE',  ( -5.700000000000041922, 0.000000000000000000, -8.631984016460597151E-14 ) ) ;
#7371 = EDGE_CURVE ( 'NONE', #10182, #1962, #12726, .T. ) ;
#7372 = AXIS2_PLACEMENT_3D ( 'NONE', #11772, #6081, #10057 ) ;
#7373 = ORIENTED_EDGE ( 'NONE', *, *, #12859, .T. ) ;
#7374 = FACE_BOUND ( 'NONE', #12613, .T. ) ;
#7375 = CARTESIAN_POINT ( 'NONE',  ( -6.599999999999997868, 1.600000000000000089, -15.49999999999999645 ) ) ;
#7376 = ORIENTED_EDGE ( 'NONE', *, *, #1731, .F. ) ;
#7377 = SURFACE_STYLE_USAGE ( .BOTH. , #10512 ) ;
#7378 = DIRECTION ( 'NONE',  ( 0.000000000000000000, 1.000000000000000000, 0.000000000000000000 ) ) ;
#7379 = CARTESIAN_POINT ( 'NONE',  ( -37.70000000000000284, -6.222539674441619262, -17.89999999999999858 ) ) ;
#7380 = PLANE ( 'NONE',  #6832 ) ;
#7381 = VERTEX_POINT ( 'NONE', #8802 ) ;
#7382 = ORIENTED_EDGE ( 'NONE', *, *, #697, .T. ) ;
#7383 = EDGE_CURVE ( 'NONE', #670, #968, #11563, .T. ) ;
#7384 = CARTESIAN_POINT ( 'NONE',  ( -13.32000000000000206, 0.000000000000000000, -15.49999999999999645 ) ) ;
#7385 = FILL_AREA_STYLE ('',( #5353 ) ) ;
#7386 = ORIENTED_EDGE ( 'NONE', *, *, #9755, .F. ) ;
#7387 = ORIENTED_EDGE ( 'NONE', *, *, #3709, .T. ) ;
#7388 = LINE ( 'NONE', #2415, #8416 ) ;
#7389 = DIRECTION ( 'NONE',  ( 0.000000000000000000, 0.000000000000000000, 1.000000000000000000 ) ) ;
#7390 = ORIENTED_EDGE ( 'NONE', *, *, #8548, .T. ) ;
#7391 = LINE ( 'NONE', #1246, #2727 ) ;
#7392 = DIRECTION ( 'NONE',  ( 0.000000000000000000, 0.000000000000000000, -1.000000000000000000 ) ) ;
#7393 = ADVANCED_FACE ( 'NONE', ( #10634 ), #9639, .F. ) ;
#7394 = LINE ( 'NONE', #8245, #2445 ) ;
#7395 = EDGE_CURVE ( 'NONE', #2309, #11604, #5665, .T. ) ;
#7396 = CARTESIAN_POINT ( 'NONE',  ( 6.100000000000001421, 1.600000000000000089, -14.99999999999999822 ) ) ;
#7397 = VERTEX_POINT ( 'NONE', #9767 ) ;
#7398 = EDGE_CURVE ( 'NONE', #5944, #2358, #7489, .T. ) ;
#7399 = ADVANCED_FACE ( 'NONE', ( #11747 ), #1737, .F. ) ;
#7400 = LINE ( 'NONE', #7136, #1308 ) ;
#7401 = CARTESIAN_POINT ( 'NONE',  ( -32.00000000000000000, -6.222539674441619262, -14.99999999999999822 ) ) ;
#7402 = ORIENTED_EDGE ( 'NONE', *, *, #12865, .F. ) ;
#7403 = CYLINDRICAL_SURFACE ( 'NONE', #4261, 0.2000000000000005107 ) ;
#7404 = DIRECTION ( 'NONE',  ( -0.000000000000000000, 1.000000000000000000, -0.000000000000000000 ) ) ;
#7405 = EDGE_LOOP ( 'NONE', ( #1255, #2967, #7064, #7869 ) ) ;
#7406 = CARTESIAN_POINT ( 'NONE',  ( 35.14999999999999858, 8.252466668475182843, 11.66070852858864626 ) ) ;
#7407 = LINE ( 'NONE', #2378, #4364 ) ;
#7408 = EDGE_CURVE ( 'NONE', #8105, #11569, #12657, .T. ) ;
#7409 = DIRECTION ( 'NONE',  ( 0.000000000000000000, 0.000000000000000000, -1.000000000000000000 ) ) ;
#7410 =( LENGTH_UNIT ( ) NAMED_UNIT ( * ) SI_UNIT ( .MILLI., .METRE. ) );
#7411 = EDGE_LOOP ( 'NONE', ( #6166, #9316, #2891, #1704 ) ) ;
#7412 =( NAMED_UNIT ( * ) SI_UNIT ( $, .STERADIAN. ) SOLID_ANGLE_UNIT ( ) );
#7413 = ORIENTED_EDGE ( 'NONE', *, *, #750, .F. ) ;
#7414 = ORIENTED_EDGE ( 'NONE', *, *, #1720, .F. ) ;
#7415 = DIRECTION ( 'NONE',  ( 0.000000000000000000, -1.000000000000000000, 0.000000000000000000 ) ) ;
#7416 = CARTESIAN_POINT ( 'NONE',  ( -22.50000000000000000, 0.000000000000000000, -4.592425496802574367E-15 ) ) ;
#7417 = ORIENTED_EDGE ( 'NONE', *, *, #12315, .T. ) ;
#7418 = LINE ( 'NONE', #11413, #5295 ) ;
#7419 = EDGE_CURVE ( 'NONE', #3960, #11102, #7702, .T. ) ;
#7420 = DIRECTION ( 'NONE',  ( 1.000000000000000000, -0.000000000000000000, 2.775557561562888984E-15 ) ) ;
#7421 = ORIENTED_EDGE ( 'NONE', *, *, #4273, .F. ) ;
#7422 = SURFACE_SIDE_STYLE ('',( #5864 ) ) ;
#7423 = PLANE ( 'NONE',  #10384 ) ;
#7424 = EDGE_CURVE ( 'NONE', #2136, #4912, #4675, .T. ) ;
#7425 = DIRECTION ( 'NONE',  ( 0.000000000000000000, 0.000000000000000000, 1.000000000000000000 ) ) ;
#7426 = FACE_OUTER_BOUND ( 'NONE', #9224, .T. ) ;
#7427 = ORIENTED_EDGE ( 'NONE', *, *, #9180, .F. ) ;
#7428 = CARTESIAN_POINT ( 'NONE',  ( 31.93933982822019146, -16.60000000000000497, 12.66923881554250109 ) ) ;
#7429 = VERTEX_POINT ( 'NONE', #11686 ) ;
#7430 = PLANE ( 'NONE',  #2852 ) ;
#7431 = LINE ( 'NONE', #10378, #6888 ) ;
#7432 = EDGE_LOOP ( 'NONE', ( #1589, #1619, #6740, #11248 ) ) ;
#7433 = DIRECTION ( 'NONE',  ( 0.000000000000000000, 0.000000000000000000, 1.000000000000000000 ) ) ;
#7434 = CARTESIAN_POINT ( 'NONE',  ( 33.80000000000000426, 8.400000000000000355, 7.250000000000006217 ) ) ;
#7435 = DIRECTION ( 'NONE',  ( 0.000000000000000000, 0.000000000000000000, -1.000000000000000000 ) ) ;
#7436 = LINE ( 'NONE', #511, #9119 ) ;
#7437 = AXIS2_PLACEMENT_3D ( 'NONE', #7573, #1685, #3585 ) ;
#7438 = VERTEX_POINT ( 'NONE', #687 ) ;
#7439 = CIRCLE ( 'NONE', #6185, 0.4999999999999987232 ) ;
#7440 = DIRECTION ( 'NONE',  ( 0.000000000000000000, 1.000000000000000000, 0.000000000000000000 ) ) ;
#7441 = EDGE_LOOP ( 'NONE', ( #5536, #9472, #1079, #10754 ) ) ;
#7442 = ORIENTED_EDGE ( 'NONE', *, *, #7450, .F. ) ;
#7443 = CYLINDRICAL_SURFACE ( 'NONE', #10281, 0.8999999999999980238 ) ;
#7444 = AXIS2_PLACEMENT_3D ( 'NONE', #3974, #827, #6898 ) ;
#7445 = DIRECTION ( 'NONE',  ( 0.000000000000000000, 0.000000000000000000, -1.000000000000000000 ) ) ;
#7446 = ORIENTED_EDGE ( 'NONE', *, *, #12853, .F. ) ;
#7447 = AXIS2_PLACEMENT_3D ( 'NONE', #3279, #7265, #11276 ) ;
#7448 = CYLINDRICAL_SURFACE ( 'NONE', #1695, 0.2000000000000005107 ) ;
#7449 = FACE_OUTER_BOUND ( 'NONE', #9841, .T. ) ;
#7450 = EDGE_CURVE ( 'NONE', #11771, #2819, #8748, .T. ) ;
#7451 = AXIS2_PLACEMENT_3D ( 'NONE', #10160, #2187, #9063 ) ;
#7452 = CIRCLE ( 'NONE', #8081, 0.2000000000000005107 ) ;
#7453 = CARTESIAN_POINT ( 'NONE',  ( -32.89999999999999858, 0.000000000000000000, -15.49999999999999645 ) ) ;
#7454 = AXIS2_PLACEMENT_3D ( 'NONE', #12088, #246, #5993 ) ;
#7455 = VERTEX_POINT ( 'NONE', #1791 ) ;
#7456 = EDGE_CURVE ( 'NONE', #6254, #1696, #820, .T. ) ;
#7457 = DIRECTION ( 'NONE',  ( 1.000000000000000000, 3.491481338843133355E-15, 0.000000000000000000 ) ) ;
#7458 = CLOSED_SHELL ( 'NONE', ( #12773, #9770, #2037, #10479, #3440, #4490 ) ) ;
#7459 = DIRECTION ( 'NONE',  ( -1.000000000000000000, -0.000000000000000000, -0.000000000000000000 ) ) ;
#7460 = VERTEX_POINT ( 'NONE', #6817 ) ;
#7461 = FACE_OUTER_BOUND ( 'NONE', #1977, .T. ) ;
#7462 = DIRECTION ( 'NONE',  ( 0.000000000000000000, 0.000000000000000000, 1.000000000000000000 ) ) ;
#7463 = ORIENTED_EDGE ( 'NONE', *, *, #2945, .F. ) ;
#7464 = AXIS2_PLACEMENT_3D ( 'NONE', #3234, #7095, #10713 ) ;
#7465 = MECHANICAL_DESIGN_GEOMETRIC_PRESENTATION_REPRESENTATION (  '', ( #10175 ), #12106 ) ;
#7466 = EDGE_CURVE ( 'NONE', #11596, #7986, #1862, .T. ) ;
#7467 = COLOUR_RGB ( '',1.000000000000000000, 0.8117647058823529438, 0.5019607843137254832 ) ;
#7468 = DIRECTION ( 'NONE',  ( 0.000000000000000000, 1.000000000000000000, 0.000000000000000000 ) ) ;
#7469 = AXIS2_PLACEMENT_3D ( 'NONE', #5568, #12399, #7409 ) ;
#7470 = CARTESIAN_POINT ( 'NONE',  ( -16.76000000000000156, 0.000000000000000000, -15.49999999999999645 ) ) ;
#7471 = LINE ( 'NONE', #1585, #4382 ) ;
#7472 = VECTOR ( 'NONE', #1260, 1000.000000000000000 ) ;
#7473 = VECTOR ( 'NONE', #3874, 1000.000000000000000 ) ;
#7474 = ORIENTED_EDGE ( 'NONE', *, *, #12835, .F. ) ;
#7475 = CARTESIAN_POINT ( 'NONE',  ( -11.67999999999999972, -6.222539674441619262, -15.99999999999999645 ) ) ;
#7476 = EDGE_LOOP ( 'NONE', ( #10067, #12086, #6093, #2982 ) ) ;
#7477 = ORIENTED_EDGE ( 'NONE', *, *, #5981, .F. ) ;
#7478 = DIRECTION ( 'NONE',  ( 0.000000000000000000, 0.000000000000000000, 1.000000000000000000 ) ) ;
#7479 = DIRECTION ( 'NONE',  ( -1.000000000000000000, 0.000000000000000000, -0.000000000000000000 ) ) ;
#7480 = VERTEX_POINT ( 'NONE', #632 ) ;
#7481 = AXIS2_PLACEMENT_3D ( 'NONE', #4726, #1729, #3686 ) ;
#7482 = CARTESIAN_POINT ( 'NONE',  ( -21.83999999999999986, -6.222539674441619262, -14.99999999999999822 ) ) ;
#7483 = VECTOR ( 'NONE', #11097, 1000.000000000000000 ) ;
#7484 = LINE ( 'NONE', #8466, #7035 ) ;
#7485 = CIRCLE ( 'NONE', #12672, 0.8999999999999980238 ) ;
#7486 = EDGE_LOOP ( 'NONE', ( #9499, #5833, #3992, #10523, #9555 ) ) ;
#7487 = CARTESIAN_POINT ( 'NONE',  ( -35.14999999999999858, 8.252466668475181066, 11.66070852858864626 ) ) ;
#7488 = EDGE_CURVE ( 'NONE', #4987, #2547, #4620, .T. ) ;
#7489 = CIRCLE ( 'NONE', #5608, 0.4999999999999987232 ) ;
#7490 = LINE ( 'NONE', #10441, #11199 ) ;
#7491 = AXIS2_PLACEMENT_3D ( 'NONE', #6598, #9673, #4650 ) ;
#7492 = LINE ( 'NONE', #10242, #4962 ) ;
#7493 = EDGE_CURVE ( 'NONE', #12930, #10030, #11613, .T. ) ;
#7494 = EDGE_CURVE ( 'NONE', #1951, #6089, #6231, .T. ) ;
#7495 = DIRECTION ( 'NONE',  ( 2.775557561562888984E-15, 0.000000000000000000, -1.000000000000000000 ) ) ;
#7496 = VECTOR ( 'NONE', #8202, 1000.000000000000000 ) ;
#7497 = ORIENTED_EDGE ( 'NONE', *, *, #12025, .T. ) ;
#7498 = CARTESIAN_POINT ( 'NONE',  ( -9.139999999999998792, -6.222539674441619262, -15.99999999999999645 ) ) ;
#7499 = CIRCLE ( 'NONE', #7057, 0.8999999999999980238 ) ;
#7500 = AXIS2_PLACEMENT_3D ( 'NONE', #8417, #6619, #11496 ) ;
#7501 = VERTEX_POINT ( 'NONE', #2177 ) ;
#7502 = AXIS2_PLACEMENT_3D ( 'NONE', #5199, #4346, #491 ) ;
#7503 = CARTESIAN_POINT ( 'NONE',  ( -24.37999999999999901, 0.000000000000000000, -14.59999999999999787 ) ) ;
#7504 = EDGE_CURVE ( 'NONE', #10215, #8365, #593, .T. ) ;
#7505 = CYLINDRICAL_SURFACE ( 'NONE', #7942, 0.4999999999999987232 ) ;
#7506 = ORIENTED_EDGE ( 'NONE', *, *, #553, .F. ) ;
#7507 = AXIS2_PLACEMENT_3D ( 'NONE', #8780, #3807, #2697 ) ;
#7508 =( LENGTH_UNIT ( ) NAMED_UNIT ( * ) SI_UNIT ( .MILLI., .METRE. ) );
#7509 = VECTOR ( 'NONE', #10568, 1000.000000000000000 ) ;
#7510 = PLANE ( 'NONE',  #548 ) ;
#7511 = VECTOR ( 'NONE', #2018, 1000.000000000000000 ) ;
#7512 =( NAMED_UNIT ( * ) SI_UNIT ( $, .STERADIAN. ) SOLID_ANGLE_UNIT ( ) );
#7513 = AXIS2_PLACEMENT_3D ( 'NONE', #7152, #4875, #2970 ) ;
#7514 = PLANE ( 'NONE',  #4728 ) ;
#7515 = ORIENTED_EDGE ( 'NONE', *, *, #2046, .F. ) ;
#7516 = EDGE_CURVE ( 'NONE', #5875, #11813, #2055, .T. ) ;
#7517 = EDGE_LOOP ( 'NONE', ( #12017, #10541, #5354, #1094 ) ) ;
#7518 = AXIS2_PLACEMENT_3D ( 'NONE', #133, #4123, #12119 ) ;
#7519 = ADVANCED_FACE ( 'NONE', ( #10149 ), #8070, .F. ) ;
#7521 = VERTEX_POINT ( 'NONE', #2972 ) ;
#7520 = VECTOR ( 'NONE', #12731, 1000.000000000000000 ) ;
#7522 = ORIENTED_EDGE ( 'NONE', *, *, #7371, .T. ) ;
#7523 = DIRECTION ( 'NONE',  ( -0.7071067811865512365, 0.000000000000000000, -0.7071067811865439090 ) ) ;
#7524 = VECTOR ( 'NONE', #10686, 1000.000000000000000 ) ;
#7525 = PLANE ( 'NONE',  #4951 ) ;
#7526 = EDGE_LOOP ( 'NONE', ( #3000, #9737, #8932, #10133 ) ) ;
#7527 = AXIS2_PLACEMENT_3D ( 'NONE', #11617, #9511, #1684 ) ;
#7528 = FACE_OUTER_BOUND ( 'NONE', #7132, .T. ) ;
#7529 = CARTESIAN_POINT ( 'NONE',  ( 37.70000000000000284, -6.222539674441619262, -13.50000000000000000 ) ) ;
#7530 = CIRCLE ( 'NONE', #9206, 0.8999999999999980238 ) ;
#7531 = CARTESIAN_POINT ( 'NONE',  ( -12.58000000000003915, -6.222539674441619262, -9.131584377541916332E-14 ) ) ;
#7532 = EDGE_CURVE ( 'NONE', #6254, #2877, #6845, .T. ) ;
#7533 = ORIENTED_EDGE ( 'NONE', *, *, #8753, .T. ) ;
#7534 = CIRCLE ( 'NONE', #9210, 1.000000000000001776 ) ;
#7535 = EDGE_CURVE ( 'NONE', #912, #6390, #12863, .T. ) ;
#7536 = DIRECTION ( 'NONE',  ( -0.000000000000000000, 1.000000000000000000, -0.000000000000000000 ) ) ;
#7537 = CARTESIAN_POINT ( 'NONE',  ( 37.70000000000000284, 0.000000000000000000, -15.69999999999999929 ) ) ;
#7538 = ORIENTED_EDGE ( 'NONE', *, *, #10695, .F. ) ;
#7539 = DIRECTION ( 'NONE',  ( 0.000000000000000000, 1.000000000000000000, 0.000000000000000000 ) ) ;
#7540 = DIRECTION ( 'NONE',  ( 0.000000000000000000, 1.000000000000000000, 0.000000000000000000 ) ) ;
#7541 = ORIENTED_EDGE ( 'NONE', *, *, #9630, .T. ) ;
#7542 = DIRECTION ( 'NONE',  ( -2.569960705150817904E-15, 1.000000000000000000, 0.000000000000000000 ) ) ;
#7543 = VECTOR ( 'NONE', #2868, 1000.000000000000000 ) ;
#7544 = B_SPLINE_CURVE_WITH_KNOTS ( 'NONE', 3,
 ( #11435, #4376, #5541, #9513, #5291, #8557 ),
 .UNSPECIFIED., .F., .F.,
 ( 4, 2, 4 ),
 ( 3.469446951953614189E-18, 0.0003268290260693055660, 0.0006536580521386076625 ),
 .UNSPECIFIED. ) ;
#7545 = DIRECTION ( 'NONE',  ( -1.000000000000000000, 2.775557561563175735E-15, 0.000000000000000000 ) ) ;
#7546 = CARTESIAN_POINT ( 'NONE',  ( 12.50000000000000355, 0.000000000000000000, -4.898587196589413026E-15 ) ) ;
#7547 = CARTESIAN_POINT ( 'NONE',  ( -37.70000000000000284, 0.000000000000000000, -15.69999999999999929 ) ) ;
#7548 = ORIENTED_EDGE ( 'NONE', *, *, #10363, .T. ) ;
#7549 = EDGE_CURVE ( 'NONE', #7119, #9729, #7872, .T. ) ;
#7550 = ORIENTED_EDGE ( 'NONE', *, *, #6065, .T. ) ;
#7551 = EDGE_LOOP ( 'NONE', ( #1052, #8645, #7363 ) ) ;
#7552 = LINE ( 'NONE', #9744, #7919 ) ;
#7553 = CARTESIAN_POINT ( 'NONE',  ( -35.35000000000000142, 7.949999999999993960, 3.750000000000000000 ) ) ;
#7554 = ORIENTED_EDGE ( 'NONE', *, *, #8046, .F. ) ;
#7555 = DIRECTION ( 'NONE',  ( 0.000000000000000000, -1.000000000000000000, 0.000000000000000000 ) ) ;
#7556 = DIRECTION ( 'NONE',  ( 0.000000000000000000, 1.000000000000000000, 0.000000000000000000 ) ) ;
#7557 = ORIENTED_EDGE ( 'NONE', *, *, #10124, .F. ) ;
#7558 = CARTESIAN_POINT ( 'NONE',  ( -0.9192388155425117446, -16.60000000000000497, 10.54791847198287336 ) ) ;
#7559 = DIRECTION ( 'NONE',  ( 0.000000000000000000, 0.000000000000000000, 1.000000000000000000 ) ) ;
#7560 = EDGE_CURVE ( 'NONE', #7151, #8105, #10089, .T. ) ;
#7561 = CARTESIAN_POINT ( 'NONE',  ( -24.37999999999999901, -6.222539674441619262, -14.99999999999999822 ) ) ;
#7562 = ORIENTED_EDGE ( 'NONE', *, *, #12766, .T. ) ;
#7563 = FACE_BOUND ( 'NONE', #3020, .T. ) ;
#7564 = ORIENTED_EDGE ( 'NONE', *, *, #4516, .F. ) ;
#7565 = EDGE_CURVE ( 'NONE', #654, #11580, #1220, .T. ) ;
#7566 = CARTESIAN_POINT ( 'NONE',  ( -9.139999999999998792, 0.000000000000000000, -15.49999999999999645 ) ) ;
#7567 = DIRECTION ( 'NONE',  ( 0.000000000000000000, 0.000000000000000000, 1.000000000000000000 ) ) ;
#7568 = ORIENTED_EDGE ( 'NONE', *, *, #5693, .F. ) ;
#7569 = ADVANCED_FACE ( 'NONE', ( #11149 ), #3889, .F. ) ;
#7570 = VECTOR ( 'NONE', #9151, 1000.000000000000114 ) ;
#7571 = CARTESIAN_POINT ( 'NONE',  ( -34.94999999999999574, 8.400000000000000355, -11.50000000000000000 ) ) ;
#7572 = LINE ( 'NONE', #6571, #1043 ) ;
#7573 = CARTESIAN_POINT ( 'NONE',  ( 6.100000000000001421, 0.000000000000000000, -15.49999999999999645 ) ) ;
#7574 = CARTESIAN_POINT ( 'NONE',  ( -33.79999999999999005, 8.400000000000000355, -6.249999999999994671 ) ) ;
#7575 = CARTESIAN_POINT ( 'NONE',  ( -12.58000000000003915, 1.600000000000000089, -9.131584377541916332E-14 ) ) ;
#7576 = ORIENTED_EDGE ( 'NONE', *, *, #11200, .T. ) ;
#7577 = FACE_OUTER_BOUND ( 'NONE', #11490, .T. ) ;
#7578 = ORIENTED_EDGE ( 'NONE', *, *, #1905, .T. ) ;
#7579 = EDGE_CURVE ( 'NONE', #12417, #670, #9988, .T. ) ;
#7580 = UNCERTAINTY_MEASURE_WITH_UNIT (LENGTH_MEASURE( 1.000000000000000082E-05 ), #509, 'distance_accuracy_value', 'NONE');
#7581 = FACE_OUTER_BOUND ( 'NONE', #5177, .T. ) ;
#7582 = LINE ( 'NONE', #6474, #2382 ) ;
#7583 = VERTEX_POINT ( 'NONE', #942 ) ;
#7584 = ORIENTED_EDGE ( 'NONE', *, *, #12277, .F. ) ;
#7585 = CARTESIAN_POINT ( 'NONE',  ( -5.699999999999993072, 1.600000000000000089, -18.00000000000000000 ) ) ;
#7586 = CARTESIAN_POINT ( 'NONE',  ( -32.00000000000000000, 1.600000000000000089, -15.49999999999999645 ) ) ;
#7587 = ORIENTED_EDGE ( 'NONE', *, *, #8971, .T. ) ;
#7588 = DIRECTION ( 'NONE',  ( -0.000000000000000000, 1.000000000000000000, -0.000000000000000000 ) ) ;
#7589 = ADVANCED_FACE ( 'NONE', ( #4025 ), #4082, .F. ) ;
#7590 = CARTESIAN_POINT ( 'NONE',  ( 37.70000000000000284, 1.600000000000000089, -15.69999999999999929 ) ) ;
#7591 = EDGE_CURVE ( 'NONE', #10737, #7460, #6455, .T. ) ;
#7592 = ORIENTED_EDGE ( 'NONE', *, *, #11728, .F. ) ;
#7593 = CARTESIAN_POINT ( 'NONE',  ( -12.58000000000003915, 1.600000000000000089, -9.131584377541916332E-14 ) ) ;
#7594 = DIRECTION ( 'NONE',  ( 0.000000000000000000, 0.000000000000000000, 1.000000000000000000 ) ) ;
#7595 = VERTEX_POINT ( 'NONE', #8918 ) ;
#7596 = DIRECTION ( 'NONE',  ( 0.000000000000000000, 0.000000000000000000, 1.000000000000000000 ) ) ;
#7597 = AXIS2_PLACEMENT_3D ( 'NONE', #5572, #9556, #6430 ) ;
#7598 = CARTESIAN_POINT ( 'NONE',  ( 17.78000000000000114, 0.000000000000000000, -18.00000000000000000 ) ) ;
#7599 = SURFACE_STYLE_FILL_AREA ( #3610 ) ;
#7600 = FACE_OUTER_BOUND ( 'NONE', #2114, .T. ) ;
#7601 = FACE_OUTER_BOUND ( 'NONE', #8306, .T. ) ;
#7602 = FILL_AREA_STYLE_COLOUR ( '', #8778 ) ;
#7603 = CIRCLE ( 'NONE', #11583, 1.000000000000000000 ) ;
#7604 = AXIS2_PLACEMENT_3D ( 'NONE', #1274, #353, #2923 ) ;
#7605 = VERTEX_POINT ( 'NONE', #3102 ) ;
#7606 = ORIENTED_EDGE ( 'NONE', *, *, #2397, .F. ) ;
#7607 = ORIENTED_EDGE ( 'NONE', *, *, #12904, .F. ) ;
#7608 = LINE ( 'NONE', #3814, #3539 ) ;
#7609 = FILL_AREA_STYLE ('',( #2706 ) ) ;
#7610 = ORIENTED_EDGE ( 'NONE', *, *, #4610, .T. ) ;
#7611 = FACE_OUTER_BOUND ( 'NONE', #4950, .T. ) ;
#7612 = CARTESIAN_POINT ( 'NONE',  ( -3.159999999999996145, 0.000000000000000000, -18.00000000000000000 ) ) ;
#7613 = ORIENTED_EDGE ( 'NONE', *, *, #3750, .F. ) ;
#7614 = DIRECTION ( 'NONE',  ( 0.7071067811865512365, 0.000000000000000000, 0.7071067811865439090 ) ) ;
#7615 = EDGE_CURVE ( 'NONE', #943, #9729, #4876, .T. ) ;
#7616 = LINE ( 'NONE', #12793, #589 ) ;
#7617 = CIRCLE ( 'NONE', #8031, 0.5000000000000004441 ) ;
#7618 = EDGE_CURVE ( 'NONE', #3761, #1556, #9569, .T. ) ;
#7619 = CARTESIAN_POINT ( 'NONE',  ( -40.00000000000000000, 0.000000000000000000, 18.00000000000000000 ) ) ;
#7620 = VERTEX_POINT ( 'NONE', #8149 ) ;
#7621 = DIRECTION ( 'NONE',  ( 0.000000000000000000, -0.000000000000000000, -1.000000000000000000 ) ) ;
#7622 = EDGE_LOOP ( 'NONE', ( #8339, #4072, #6225, #6026 ) ) ;
#7623 = CARTESIAN_POINT ( 'NONE',  ( -15.85999999999999943, 1.600000000000000089, -18.00000000000000000 ) ) ;
#7624 = DIRECTION ( 'NONE',  ( 0.000000000000000000, 1.000000000000000000, 0.000000000000000000 ) ) ;
#7625 = EDGE_CURVE ( 'NONE', #10876, #5532, #7902, .T. ) ;
#7626 = ORIENTED_EDGE ( 'NONE', *, *, #5188, .F. ) ;
#7627 = ADVANCED_FACE ( 'NONE', ( #12147 ), #3170, .T. ) ;
#7628 = CARTESIAN_POINT ( 'NONE',  ( -35.07861928812542374, 8.408794663505313238, -11.85689076144392473 ) ) ;
#7629 = LINE ( 'NONE', #9584, #6786 ) ;
#7630 = DIRECTION ( 'NONE',  ( 0.000000000000000000, 1.000000000000000000, -0.000000000000000000 ) ) ;
#7631 = CARTESIAN_POINT ( 'NONE',  ( 2.660000000000002807, 0.000000000000000000, -18.00000000000000000 ) ) ;
#7632 = ORIENTED_EDGE ( 'NONE', *, *, #3445, .F. ) ;
#7633 = CARTESIAN_POINT ( 'NONE',  ( -35.35000000000000142, 7.949999999999992184, -3.750000000000000000 ) ) ;
#7634 = ADVANCED_FACE ( 'NONE', ( #430 ), #7211, .F. ) ;
#7635 = ORIENTED_EDGE ( 'NONE', *, *, #4061, .T. ) ;
#7636 = LINE ( 'NONE', #2605, #3971 ) ;
#7637 = CARTESIAN_POINT ( 'NONE',  ( -4.059999999999997833, 0.000000000000000000, -14.59999999999999787 ) ) ;
#7638 = FILL_AREA_STYLE ('',( #706 ) ) ;
#7639 = VERTEX_POINT ( 'NONE', #4221 ) ;
#7640 = DIRECTION ( 'NONE',  ( 0.000000000000000000, -0.000000000000000000, -1.000000000000000000 ) ) ;
#7641 = DIRECTION ( 'NONE',  ( -0.000000000000000000, 1.000000000000000000, -0.000000000000000000 ) ) ;
#7642 = CARTESIAN_POINT ( 'NONE',  ( 12.50000000000000355, -1.400000000000000133, 2.147727943148354246 ) ) ;
#7643 = DIRECTION ( 'NONE',  ( 0.7071067811865439090, 0.000000000000000000, -0.7071067811865512365 ) ) ;
#7644 = VECTOR ( 'NONE', #7174, 1000.000000000000000 ) ;
#7645 = LINE ( 'NONE', #7772, #11262 ) ;
#7646 = EDGE_CURVE ( 'NONE', #6904, #8166, #8948, .T. ) ;
#7647 = PLANE ( 'NONE',  #10648 ) ;
#7648 = ADVANCED_FACE ( 'NONE', ( #4283, #1478 ), #8270, .T. ) ;
#7649 = VECTOR ( 'NONE', #9120, 1000.000000000000000 ) ;
#7650 = ORIENTED_EDGE ( 'NONE', *, *, #3248, .F. ) ;
#7651 = STYLED_ITEM ( 'NONE', ( #8815 ), #3771 ) ;
#7652 = CARTESIAN_POINT ( 'NONE',  ( -5.700000000000000178, 0.000000000000000000, -15.49999999999999645 ) ) ;
#7653 = CARTESIAN_POINT ( 'NONE',  ( -40.00000000000000000, 0.000000000000000000, -18.00000000000000000 ) ) ;
#7654 = ORIENTED_EDGE ( 'NONE', *, *, #2776, .T. ) ;
#7655 = FACE_BOUND ( 'NONE', #7325, .T. ) ;
#7656 = DIRECTION ( 'NONE',  ( 2.775557561562888984E-15, 0.000000000000000000, -1.000000000000000000 ) ) ;
#7657 = AXIS2_PLACEMENT_3D ( 'NONE', #8889, #4058, #3005 ) ;
#7658 = DIRECTION ( 'NONE',  ( 0.000000000000000000, -1.000000000000000000, 0.000000000000000000 ) ) ;
#7659 = DIRECTION ( 'NONE',  ( 0.7071067811865434649, 0.000000000000000000, 0.7071067811865516806 ) ) ;
#7660 = PLANE ( 'NONE',  #11515 ) ;
#7661 = AXIS2_PLACEMENT_3D ( 'NONE', #3574, #9633, #1542 ) ;
#7662 = VERTEX_POINT ( 'NONE', #6367 ) ;
#7663 = PRESENTATION_STYLE_ASSIGNMENT (( #4279 ) ) ;
#7664 = VERTEX_POINT ( 'NONE', #11486 ) ;
#7665 = EDGE_LOOP ( 'NONE', ( #5213, #10700, #885, #1277 ) ) ;
#7666 = DIRECTION ( 'NONE',  ( 0.000000000000000000, -1.000000000000000000, 3.491481338843133355E-15 ) ) ;
#7667 = AXIS2_PLACEMENT_3D ( 'NONE', #11489, #8348, #6311 ) ;
#7668 = EDGE_LOOP ( 'NONE', ( #6163, #7568, #2730, #3678 ) ) ;
#7669 = CARTESIAN_POINT ( 'NONE',  ( -3.159999999999992593, 0.000000000000000000, -18.00000000000000000 ) ) ;
#7670 = CARTESIAN_POINT ( 'NONE',  ( -33.79999999999999005, 8.400000000000000355, 7.250000000000006217 ) ) ;
#7671 = VERTEX_POINT ( 'NONE', #8211 ) ;
#7672 = EDGE_CURVE ( 'NONE', #12131, #11074, #5820, .T. ) ;
#7673 = CYLINDRICAL_SURFACE ( 'NONE', #3313, 0.2000000000000005107 ) ;
#7674 = CIRCLE ( 'NONE', #6007, 0.4999999999999987232 ) ;
#7675 = VECTOR ( 'NONE', #8063, 1000.000000000000000 ) ;
#7676 = CARTESIAN_POINT ( 'NONE',  ( -37.70000000000000284, 0.000000000000000000, -15.69999999999999929 ) ) ;
#7677 = AXIS2_PLACEMENT_3D ( 'NONE', #6554, #11732, #4603 ) ;
#7678 = CARTESIAN_POINT ( 'NONE',  ( 35.35000000000002274, 9.061709104700523910E-14, 3.749999999999997780 ) ) ;
#7679 = AXIS2_PLACEMENT_3D ( 'NONE', #3818, #1724, #7798 ) ;
#7680 = VERTEX_POINT ( 'NONE', #231 ) ;
#7681 = FACE_BOUND ( 'NONE', #9177, .T. ) ;
#7682 = ORIENTED_EDGE ( 'NONE', *, *, #11167, .T. ) ;
#7683 = AXIS2_PLACEMENT_3D ( 'NONE', #12648, #6617, #4545 ) ;
#7684 = EDGE_LOOP ( 'NONE', ( #7180, #11479, #4168, #7390 ) ) ;
#7685 = AXIS2_PLACEMENT_3D ( 'NONE', #7996, #3021, #3820 ) ;
#7686 = ADVANCED_FACE ( 'NONE', ( #1203 ), #11210, .F. ) ;
#7687 = FACE_OUTER_BOUND ( 'NONE', #3688, .T. ) ;
#7688 = AXIS2_PLACEMENT_3D ( 'NONE', #3075, #7260, #9089 ) ;
#7689 = DIRECTION ( 'NONE',  ( 0.000000000000000000, 1.000000000000000000, -0.000000000000000000 ) ) ;
#7690 = ORIENTED_EDGE ( 'NONE', *, *, #10899, .F. ) ;
#7691 = ADVANCED_FACE ( 'NONE', ( #12459 ), #357, .T. ) ;
#7692 = AXIS2_PLACEMENT_3D ( 'NONE', #7537, #2506, #5748 ) ;
#7693 = CIRCLE ( 'NONE', #12089, 0.8999999999999980238 ) ;
#7694 = CARTESIAN_POINT ( 'NONE',  ( -34.94999999999999574, 8.600000000000001421, -11.50000000000000000 ) ) ;
#7695 = DIRECTION ( 'NONE',  ( 2.775557561562888984E-15, 0.000000000000000000, -1.000000000000000000 ) ) ;
#7696 = FACE_OUTER_BOUND ( 'NONE', #8179, .T. ) ;
#7697 = CARTESIAN_POINT ( 'NONE',  ( -28.56000000000004491, 1.600000000000000089, -8.631984016460597151E-14 ) ) ;
#7698 = CARTESIAN_POINT ( 'NONE',  ( -35.35000000000000142, 8.200000000000001066, -11.70000000000000107 ) ) ;
#7699 = VECTOR ( 'NONE', #6449, 1000.000000000000000 ) ;
#7700 = VERTEX_POINT ( 'NONE', #12269 ) ;
#7701 = CARTESIAN_POINT ( 'NONE',  ( -31.86862915010151553, -16.60000000000000497, -12.73994949366115925 ) ) ;
#7702 = CIRCLE ( 'NONE', #8123, 0.4999999999999987232 ) ;
#7703 = EDGE_CURVE ( 'NONE', #10331, #11614, #3372, .T. ) ;
#7704 = VECTOR ( 'NONE', #8497, 1000.000000000000000 ) ;
#7705 = VERTEX_POINT ( 'NONE', #11411 ) ;
#7706 = PRESENTATION_STYLE_ASSIGNMENT (( #11629 ) ) ;
#7707 = ORIENTED_EDGE ( 'NONE', *, *, #3727, .F. ) ;
#7708 =( GEOMETRIC_REPRESENTATION_CONTEXT ( 3 ) GLOBAL_UNCERTAINTY_ASSIGNED_CONTEXT ( ( #2487 ) ) GLOBAL_UNIT_ASSIGNED_CONTEXT ( ( #9074, #115, #8232 ) ) REPRESENTATION_CONTEXT ( 'NONE', 'WORKASPACE' ) );
#7709 = CARTESIAN_POINT ( 'NONE',  ( 15.24000000000000021, 0.000000000000000000, 0.000000000000000000 ) ) ;
#7710 = VECTOR ( 'NONE', #6989, 1000.000000000000000 ) ;
#7711 = CARTESIAN_POINT ( 'NONE',  ( -16.76000000000000156, -6.222539674441619262, -15.49999999999999645 ) ) ;
#7712 = LINE ( 'NONE', #2611, #5453 ) ;
#7713 = DIRECTION ( 'NONE',  ( 0.000000000000000000, 0.000000000000000000, 1.000000000000000000 ) ) ;
#7714 = CARTESIAN_POINT ( 'NONE',  ( -14.22000000000000064, -6.222539674441619262, -15.49999999999999645 ) ) ;
#7715 = MECHANICAL_DESIGN_GEOMETRIC_PRESENTATION_REPRESENTATION (  '', ( #3335 ), #10846 ) ;
#7716 = EDGE_CURVE ( 'NONE', #2047, #3475, #11473, .T. ) ;
#7717 = VECTOR ( 'NONE', #5718, 1000.000000000000000 ) ;
#7718 = DIRECTION ( 'NONE',  ( 0.000000000000000000, 0.000000000000000000, -1.000000000000000000 ) ) ;
#7719 = VECTOR ( 'NONE', #6996, 1000.000000000000000 ) ;
#7720 = ORIENTED_EDGE ( 'NONE', *, *, #4778, .F. ) ;
#7721 = VECTOR ( 'NONE', #5349, 1000.000000000000000 ) ;
#7722 = EDGE_CURVE ( 'NONE', #9898, #2386, #2246, .T. ) ;
#7723 = DIRECTION ( 'NONE',  ( 2.775557561562888984E-15, 0.000000000000000000, -1.000000000000000000 ) ) ;
#7724 = ORIENTED_EDGE ( 'NONE', *, *, #9795, .F. ) ;
#7725 = ADVANCED_FACE ( 'NONE', ( #6242 ), #6434, .F. ) ;
#7726 = CARTESIAN_POINT ( 'NONE',  ( -23.47999999999999332, 1.600000000000000089, -18.00000000000000000 ) ) ;
#7727 = CARTESIAN_POINT ( 'NONE',  ( -35.14292893218813418, 1.599999999999978995, 11.70000000000002416 ) ) ;
#7728 = CARTESIAN_POINT ( 'NONE',  ( -33.64999999999999858, 8.500000000000000000, 9.525000000000003908 ) ) ;
#7729 = DIRECTION ( 'NONE',  ( -0.000000000000000000, 1.000000000000000000, -0.000000000000000000 ) ) ;
#7730 = MECHANICAL_DESIGN_GEOMETRIC_PRESENTATION_REPRESENTATION (  '', ( #10463 ), #842 ) ;
#7731 = CARTESIAN_POINT ( 'NONE',  ( -15.12000000000004007, 1.600000000000000089, -9.131584377541916332E-14 ) ) ;
#7732 = ORIENTED_EDGE ( 'NONE', *, *, #12659, .T. ) ;
#7733 = CARTESIAN_POINT ( 'NONE',  ( 3.560000000000000497, -6.222539674441619262, -14.99999999999999822 ) ) ;
#7734 = ORIENTED_EDGE ( 'NONE', *, *, #2257, .F. ) ;
#7735 = ORIENTED_EDGE ( 'NONE', *, *, #5631, .T. ) ;
#7736 = ORIENTED_EDGE ( 'NONE', *, *, #11540, .T. ) ;
#7737 = FACE_OUTER_BOUND ( 'NONE', #1370, .T. ) ;
#7738 = AXIS2_PLACEMENT_3D ( 'NONE', #6758, #4674, #10633 ) ;
#7739 = LINE ( 'NONE', #8594, #10204 ) ;
#7740 = ORIENTED_EDGE ( 'NONE', *, *, #6539, .F. ) ;
#7741 = AXIS2_PLACEMENT_3D ( 'NONE', #12516, #6669, #9612 ) ;
#7742 = DIRECTION ( 'NONE',  ( 0.000000000000000000, -1.000000000000000000, 0.000000000000000000 ) ) ;
#7743 = DIRECTION ( 'NONE',  ( 0.000000000000000000, 1.000000000000000000, -0.000000000000000000 ) ) ;
#7744 = ORIENTED_EDGE ( 'NONE', *, *, #604, .T. ) ;
#7745 = DIRECTION ( 'NONE',  ( -0.000000000000000000, 1.000000000000000000, -0.000000000000000000 ) ) ;
#7746 = EDGE_CURVE ( 'NONE', #716, #2244, #4479, .T. ) ;
#7747 = DIRECTION ( 'NONE',  ( -0.000000000000000000, 1.000000000000000000, -0.000000000000000000 ) ) ;
#7748 = LINE ( 'NONE', #12854, #3101 ) ;
#7749 = ORIENTED_EDGE ( 'NONE', *, *, #5487, .T. ) ;
#7750 = CARTESIAN_POINT ( 'NONE',  ( -7.499999999999989342, 1.600000000000000089, -18.00000000000000000 ) ) ;
#7751 = ORIENTED_EDGE ( 'NONE', *, *, #4066, .T. ) ;
#7752 = ORIENTED_EDGE ( 'NONE', *, *, #3817, .F. ) ;
#7753 = CARTESIAN_POINT ( 'NONE',  ( 35.35000000000000142, 7.949999999999794120, -3.750000000000000000 ) ) ;
#7754 = CARTESIAN_POINT ( 'NONE',  ( -33.98994949366117879, -16.60000000000000497, -10.61862915010154040 ) ) ;
#7755 = ORIENTED_EDGE ( 'NONE', *, *, #1666, .F. ) ;
#7756 = CARTESIAN_POINT ( 'NONE',  ( -34.98223735510389076, 8.600000000000001421, -11.60498854351901166 ) ) ;
#7757 = DIRECTION ( 'NONE',  ( 2.775557561562888984E-15, 0.000000000000000000, -1.000000000000000000 ) ) ;
#7758 = FACE_OUTER_BOUND ( 'NONE', #811, .T. ) ;
#7759 = EDGE_CURVE ( 'NONE', #9034, #12949, #12290, .T. ) ;
#7760 = DIRECTION ( 'NONE',  ( -1.000000000000000000, 0.000000000000000000, -0.000000000000000000 ) ) ;
#7761 = ORIENTED_EDGE ( 'NONE', *, *, #737, .T. ) ;
#7762 = CARTESIAN_POINT ( 'NONE',  ( -35.15000000000001279, 82.49217232609667860, 11.70000000000002416 ) ) ;
#7763 = MANIFOLD_SOLID_BREP ( 'LPattern3[2]', #375 ) ;
#7764 = ORIENTED_EDGE ( 'NONE', *, *, #12259, .F. ) ;
#7765 = LINE ( 'NONE', #10294, #6966 ) ;
#7766 = CARTESIAN_POINT ( 'NONE',  ( 6.999999999999957367, 1.600000000000000089, -8.631984016460597151E-14 ) ) ;
#7767 = EDGE_LOOP ( 'NONE', ( #7267, #12805 ) ) ;
#7768 = CARTESIAN_POINT ( 'NONE',  ( -35.00286349684612475, 8.399999999999996803, -11.53246410061023575 ) ) ;
#7769 = LINE ( 'NONE', #5090, #5225 ) ;
#7770 = DIRECTION ( 'NONE',  ( 0.000000000000000000, 1.000000000000000000, 0.000000000000000000 ) ) ;
#7771 = CIRCLE ( 'NONE', #8412, 6.000000000000000000 ) ;
#7772 = CARTESIAN_POINT ( 'NONE',  ( 34.80000000000000426, 8.400000000000000355, 6.250000000000006217 ) ) ;
#7773 = EDGE_CURVE ( 'NONE', #6237, #1773, #3491, .T. ) ;
#7774 = CARTESIAN_POINT ( 'NONE',  ( 35.14292893218813418, 8.200000000000004619, -11.90200000000000102 ) ) ;
#7775 = EDGE_CURVE ( 'NONE', #8704, #10889, #2576, .T. ) ;
#7776 = AXIS2_PLACEMENT_3D ( 'NONE', #4694, #3653, #7640 ) ;
#7777 = FACE_BOUND ( 'NONE', #1726, .T. ) ;
#7778 = ORIENTED_EDGE ( 'NONE', *, *, #12044, .F. ) ;
#7779 = CARTESIAN_POINT ( 'NONE',  ( -35.07861928812541663, 8.409838636822838609, 11.85867521525114654 ) ) ;
#7780 = CARTESIAN_POINT ( 'NONE',  ( -18.39999999999999858, 0.000000000000000000, -15.49999999999999645 ) ) ;
#7781 = ADVANCED_FACE ( 'NONE', ( #8530 ), #5648, .F. ) ;
#7782 = ORIENTED_EDGE ( 'NONE', *, *, #2210, .F. ) ;
#7783 = DIRECTION ( 'NONE',  ( -1.000000000000000000, 2.775557561563175735E-15, -0.000000000000000000 ) ) ;
#7784 = EDGE_CURVE ( 'NONE', #196, #6147, #9624, .T. ) ;
#7785 = LINE ( 'NONE', #9542, #10195 ) ;
#7786 = FACE_OUTER_BOUND ( 'NONE', #7011, .T. ) ;
#7787 = DIRECTION ( 'NONE',  ( 0.000000000000000000, 0.000000000000000000, -1.000000000000000000 ) ) ;
#7788 = ORIENTED_EDGE ( 'NONE', *, *, #5662, .T. ) ;
#7789 = CARTESIAN_POINT ( 'NONE',  ( 1.020000000000000018, 1.600000000000000089, -15.49999999999999645 ) ) ;
#7790 = ADVANCED_FACE ( 'NONE', ( #10739 ), #12592, .F. ) ;
#7791 = VERTEX_POINT ( 'NONE', #8713 ) ;
#7792 = CARTESIAN_POINT ( 'NONE',  ( 3.560000000000000497, 0.000000000000000000, -15.49999999999999645 ) ) ;
#7793 = ORIENTED_EDGE ( 'NONE', *, *, #5045, .T. ) ;
#7794 = VERTEX_POINT ( 'NONE', #615 ) ;
#7795 = CARTESIAN_POINT ( 'NONE',  ( -0.6200000000000025491, 1.600000000000000089, -18.00000000000000000 ) ) ;
#7796 = ORIENTED_EDGE ( 'NONE', *, *, #2458, .F. ) ;
#7797 = CARTESIAN_POINT ( 'NONE',  ( -32.00000000000000000, 0.000000000000000000, -15.49999999999999645 ) ) ;
#7798 = DIRECTION ( 'NONE',  ( -1.000000000000000000, 0.000000000000000000, -0.000000000000000000 ) ) ;
#7799 = ORIENTED_EDGE ( 'NONE', *, *, #5143, .T. ) ;
#7800 = PLANE ( 'NONE',  #6438 ) ;
#7801 = DIRECTION ( 'NONE',  ( 0.000000000000000000, -0.000000000000000000, 1.000000000000000000 ) ) ;
#7802 = ADVANCED_FACE ( 'NONE', ( #5707 ), #12716, .T. ) ;
#7803 = CIRCLE ( 'NONE', #9876, 0.5000000000000004441 ) ;
#7804 = DIRECTION ( 'NONE',  ( 0.000000000000000000, 1.000000000000000000, 0.000000000000000000 ) ) ;
#7805 = VERTEX_POINT ( 'NONE', #7553 ) ;
#7806 = CARTESIAN_POINT ( 'NONE',  ( -22.73999999999999488, 0.000000000000000000, -15.49999999999999645 ) ) ;
#7807 = EDGE_CURVE ( 'NONE', #8858, #4311, #9559, .T. ) ;
#7808 = EDGE_LOOP ( 'NONE', ( #1122, #6116, #4930, #12305 ) ) ;
#7809 = EDGE_CURVE ( 'NONE', #12515, #6699, #10595, .T. ) ;
#7810 = VERTEX_POINT ( 'NONE', #3757 ) ;
#7811 = ORIENTED_EDGE ( 'NONE', *, *, #8739, .T. ) ;
#7812 = CARTESIAN_POINT ( 'NONE',  ( -35.15000000000001279, 1.600000000000000089, 11.50000000000002487 ) ) ;
#7813 = CARTESIAN_POINT ( 'NONE',  ( -6.599999999999997868, 1.600000000000000089, -15.49999999999999645 ) ) ;
#7814 = ORIENTED_EDGE ( 'NONE', *, *, #3650, .F. ) ;
#7815 = EDGE_CURVE ( 'NONE', #3631, #5663, #7739, .T. ) ;
#7816 = ORIENTED_EDGE ( 'NONE', *, *, #9132, .T. ) ;
#7817 = SURFACE_STYLE_USAGE ( .BOTH. , #5725 ) ;
#7818 = DIRECTION ( 'NONE',  ( 0.000000000000000000, 0.000000000000000000, 1.000000000000000000 ) ) ;
#7819 = DIRECTION ( 'NONE',  ( -3.491481338843133355E-15, -1.000000000000000000, 0.000000000000000000 ) ) ;
#7820 = DIRECTION ( 'NONE',  ( -0.000000000000000000, 1.000000000000000000, -0.000000000000000000 ) ) ;
#7821 = CYLINDRICAL_SURFACE ( 'NONE', #2481, 0.4500000000000007327 ) ;
#7822 = VERTEX_POINT ( 'NONE', #5522 ) ;
#7823 = CARTESIAN_POINT ( 'NONE',  ( -35.14999999999999858, 7.949999999999992184, -1.838806884535393038E-15 ) ) ;
#7824 = ORIENTED_EDGE ( 'NONE', *, *, #2519, .F. ) ;
#7825 = CARTESIAN_POINT ( 'NONE',  ( -37.69999999999967599, 1.600000000000000089, 17.09999999999999432 ) ) ;
#7826 = CARTESIAN_POINT ( 'NONE',  ( -31.09999999999999787, 0.000000000000000000, -18.00000000000000000 ) ) ;
#7827 = ORIENTED_EDGE ( 'NONE', *, *, #4433, .F. ) ;
#7828 = DIRECTION ( 'NONE',  ( -0.000000000000000000, -0.000000000000000000, 1.000000000000000000 ) ) ;
#7829 = FACE_OUTER_BOUND ( 'NONE', #6469, .T. ) ;
#7830 = LINE ( 'NONE', #5878, #955 ) ;
#7831 = DIRECTION ( 'NONE',  ( -0.000000000000000000, 1.000000000000000000, -0.000000000000000000 ) ) ;
#7832 = CARTESIAN_POINT ( 'NONE',  ( 34.95000000000000284, 8.400000000000000355, -11.50000000000000000 ) ) ;
#7833 = ORIENTED_EDGE ( 'NONE', *, *, #527, .F. ) ;
#7834 = CARTESIAN_POINT ( 'NONE',  ( -35.11049058976736603, 8.305643106078411719, 11.90000000000000036 ) ) ;
#7835 = EDGE_LOOP ( 'NONE', ( #8034, #3788, #12327, #2719 ) ) ;
#7836 = MANIFOLD_SOLID_BREP ( 'Boss-Extrude9[6]', #6616 ) ;
#7837 = EDGE_CURVE ( 'NONE', #742, #11955, #10015, .T. ) ;
#7838 = CARTESIAN_POINT ( 'NONE',  ( -35.14292893218813418, 8.199999999999999289, 11.69797999999999938 ) ) ;
#7839 = CARTESIAN_POINT ( 'NONE',  ( -7.500000000000038192, 1.600000000000000089, -9.131584377541916332E-14 ) ) ;
#7840 = ORIENTED_EDGE ( 'NONE', *, *, #6539, .T. ) ;
#7841 = DIRECTION ( 'NONE',  ( -0.000000000000000000, 1.000000000000000000, -0.000000000000000000 ) ) ;
#7842 = EDGE_CURVE ( 'NONE', #29, #10972, #3621, .T. ) ;
#7843 = LINE ( 'NONE', #4196, #1435 ) ;
#7844 = FACE_BOUND ( 'NONE', #9884, .T. ) ;
#7845 = B_SPLINE_CURVE_WITH_KNOTS ( 'NONE', 3,
 ( #11609, #2966, #11937, #6945, #9952, #2898 ),
 .UNSPECIFIED., .F., .F.,
 ( 4, 2, 4 ),
 ( 0.000000000000000000, 0.0003268290260693054033, 0.0006536580521386108067 ),
 .UNSPECIFIED. ) ;
#7846 = CARTESIAN_POINT ( 'NONE',  ( -10.78000000000004377, 0.000000000000000000, -8.631984016460597151E-14 ) ) ;
#7847 = VECTOR ( 'NONE', #12020, 1000.000000000000000 ) ;
#7848 = ORIENTED_EDGE ( 'NONE', *, *, #527, .T. ) ;
#7849 = PLANE ( 'NONE',  #8355 ) ;
#7850 = EDGE_CURVE ( 'NONE', #3232, #7121, #606, .T. ) ;
#7851 = ORIENTED_EDGE ( 'NONE', *, *, #11399, .T. ) ;
#7852 = CARTESIAN_POINT ( 'NONE',  ( -13.31999999999999851, 0.000000000000000000, -18.00000000000000000 ) ) ;
#7853 = ORIENTED_EDGE ( 'NONE', *, *, #6893, .F. ) ;
#7854 = EDGE_LOOP ( 'NONE', ( #7096, #371, #2949, #7215 ) ) ;
#7855 = DIRECTION ( 'NONE',  ( 0.000000000000000000, 0.000000000000000000, 1.000000000000000000 ) ) ;
#7856 = ORIENTED_EDGE ( 'NONE', *, *, #8391, .T. ) ;
#7857 = CARTESIAN_POINT ( 'NONE',  ( -4.959999999999995524, 1.600000000000000089, -15.49999999999999645 ) ) ;
#7858 = CARTESIAN_POINT ( 'NONE',  ( 0.1199999999999604161, 1.600000000000000089, -9.131584377541916332E-14 ) ) ;
#7859 = ORIENTED_EDGE ( 'NONE', *, *, #11431, .T. ) ;
#7860 = VECTOR ( 'NONE', #12008, 1000.000000000000000 ) ;
#7861 = CARTESIAN_POINT ( 'NONE',  ( 35.05551376226944171, 8.601999999999998536, 11.53223752461893525 ) ) ;
#7862 = DIRECTION ( 'NONE',  ( 0.000000000000000000, -0.000000000000000000, 1.000000000000000000 ) ) ;
#7863 = AXIS2_PLACEMENT_3D ( 'NONE', #1989, #3040, #4883 ) ;
#7864 = CARTESIAN_POINT ( 'NONE',  ( 31.93933982822019146, -16.60000000000000497, 12.66923881554250109 ) ) ;
#7865 = ORIENTED_EDGE ( 'NONE', *, *, #10269, .T. ) ;
#7866 = LINE ( 'NONE', #8000, #7311 ) ;
#7867 = UNCERTAINTY_MEASURE_WITH_UNIT (LENGTH_MEASURE( 1.000000000000000082E-05 ), #10144, 'distance_accuracy_value', 'NONE');
#7868 = VECTOR ( 'NONE', #2986, 1000.000000000000000 ) ;
#7869 = ORIENTED_EDGE ( 'NONE', *, *, #10733, .T. ) ;
#7870 = ORIENTED_EDGE ( 'NONE', *, *, #452, .T. ) ;
#7871 = DIRECTION ( 'NONE',  ( 0.000000000000000000, -1.000000000000000000, 0.000000000000000000 ) ) ;
#7872 = LINE ( 'NONE', #5978, #1837 ) ;
#7873 = EDGE_LOOP ( 'NONE', ( #11003, #12496 ) ) ;
#7874 = EDGE_CURVE ( 'NONE', #10510, #2969, #3290, .T. ) ;
#7875 = AXIS2_PLACEMENT_3D ( 'NONE', #3224, #7082, #5325 ) ;
#7876 = ORIENTED_EDGE ( 'NONE', *, *, #7228, .F. ) ;
#7877 = ADVANCED_FACE ( 'NONE', ( #11925 ), #12127, .T. ) ;
#7878 = CARTESIAN_POINT ( 'NONE',  ( -4.959999999999995524, 0.000000000000000000, -18.00000000000000000 ) ) ;
#7879 = AXIS2_PLACEMENT_3D ( 'NONE', #1127, #79, #5842 ) ;
#7880 = EDGE_CURVE ( 'NONE', #8709, #895, #9094, .T. ) ;
#7881 = LINE ( 'NONE', #5015, #7860 ) ;
#7882 = AXIS2_PLACEMENT_3D ( 'NONE', #9387, #7420, #8535 ) ;
#7883 = CARTESIAN_POINT ( 'NONE',  ( 37.70000000000000284, -6.222539674441619262, -17.09999999999999432 ) ) ;
#7884 = DIRECTION ( 'NONE',  ( 0.000000000000000000, 1.000000000000000000, 0.000000000000000000 ) ) ;
#7885 = CIRCLE ( 'NONE', #2248, 1.399999999999995026 ) ;
#7886 = VERTEX_POINT ( 'NONE', #3082 ) ;
#7887 = DIRECTION ( 'NONE',  ( -5.944228223417957960E-31, -2.312964634635742957E-16, -1.000000000000000000 ) ) ;
#7888 = VECTOR ( 'NONE', #7036, 1000.000000000000000 ) ;
#7889 = VECTOR ( 'NONE', #4956, 1000.000000000000000 ) ;
#7890 = ORIENTED_EDGE ( 'NONE', *, *, #12488, .F. ) ;
#7891 = DIRECTION ( 'NONE',  ( 0.000000000000000000, 1.000000000000000000, -0.000000000000000000 ) ) ;
#7892 = SURFACE_STYLE_USAGE ( .BOTH. , #2734 ) ;
#7893 = VECTOR ( 'NONE', #4424, 1000.000000000000000 ) ;
#7894 = ORIENTED_EDGE ( 'NONE', *, *, #4577, .T. ) ;
#7895 = CARTESIAN_POINT ( 'NONE',  ( -34.10000000000000142, 8.500000000000000000, 0.000000000000000000 ) ) ;
#7896 = AXIS2_PLACEMENT_3D ( 'NONE', #1853, #9501, #11011 ) ;
#7897 = CARTESIAN_POINT ( 'NONE',  ( 0.1199999999999604161, -6.222539674441619262, -9.131584377541916332E-14 ) ) ;
#7898 = CARTESIAN_POINT ( 'NONE',  ( 6.100000000000001421, 1.600000000000000089, -15.49999999999999645 ) ) ;
#7899 = AXIS2_PLACEMENT_3D ( 'NONE', #3763, #7745, #5581 ) ;
#7900 = PLANE ( 'NONE',  #11824 ) ;
#7901 = CARTESIAN_POINT ( 'NONE',  ( 33.64999999999999858, 8.500000000000000000, -9.075000000000002842 ) ) ;
#7902 = CIRCLE ( 'NONE', #10193, 0.8999999999999980238 ) ;
#7903 = EDGE_CURVE ( 'NONE', #8633, #5523, #1656, .T. ) ;
#7904 = CARTESIAN_POINT ( 'NONE',  ( -20.19999999999999574, 0.000000000000000000, -15.49999999999999645 ) ) ;
#7905 = AXIS2_PLACEMENT_3D ( 'NONE', #11975, #11915, #3003 ) ;
#7906 = ORIENTED_EDGE ( 'NONE', *, *, #11070, .F. ) ;
#7907 = EDGE_CURVE ( 'NONE', #7886, #11598, #6936, .T. ) ;
#7908 = FACE_OUTER_BOUND ( 'NONE', #2247, .T. ) ;
#7909 = VECTOR ( 'NONE', #11079, 1000.000000000000114 ) ;
#7911 = VERTEX_POINT ( 'NONE', #5052 ) ;
#7910 = VECTOR ( 'NONE', #11723, 1000.000000000000000 ) ;
#7912 = DIRECTION ( 'NONE',  ( 0.000000000000000000, 1.000000000000000000, 0.000000000000000000 ) ) ;
#7913 = FACE_OUTER_BOUND ( 'NONE', #7240, .T. ) ;
#7914 = EDGE_LOOP ( 'NONE', ( #10408, #1240, #9069, #12491 ) ) ;
#7915 = FACE_OUTER_BOUND ( 'NONE', #6920, .T. ) ;
#7916 = DIRECTION ( 'NONE',  ( -0.000000000000000000, 1.000000000000000000, -0.000000000000000000 ) ) ;
#7917 = CARTESIAN_POINT ( 'NONE',  ( 37.70000000000000284, -6.222539674441619262, -15.69999999999999929 ) ) ;
#7918 = AXIS2_PLACEMENT_3D ( 'NONE', #1120, #269, #4121 ) ;
#7919 = VECTOR ( 'NONE', #11788, 1000.000000000000000 ) ;
#7920 = ADVANCED_FACE ( 'NONE', ( #10939 ), #6796, .T. ) ;
#7921 = FACE_OUTER_BOUND ( 'NONE', #9236, .T. ) ;
#7922 = EDGE_LOOP ( 'NONE', ( #12064, #10797, #12074, #8190 ) ) ;
#7923 = LINE ( 'NONE', #9678, #1035 ) ;
#7924 = ORIENTED_EDGE ( 'NONE', *, *, #8814, .T. ) ;
#7925 = LINE ( 'NONE', #11921, #1749 ) ;
#7926 = ORIENTED_EDGE ( 'NONE', *, *, #10671, .F. ) ;
#7927 = ORIENTED_EDGE ( 'NONE', *, *, #9694, .T. ) ;
#7928 = CARTESIAN_POINT ( 'NONE',  ( 35.01430964406270618, 8.556890761443924021, 11.70879466350531217 ) ) ;
#7929 = VECTOR ( 'NONE', #3312, 1000.000000000000000 ) ;
#7930 = FACE_OUTER_BOUND ( 'NONE', #8851, .T. ) ;
#7931 = ORIENTED_EDGE ( 'NONE', *, *, #3556, .T. ) ;
#7932 = CARTESIAN_POINT ( 'NONE',  ( 34.95000000000000284, 8.600000000000001421, -11.50000000000000000 ) ) ;
#7933 = DIRECTION ( 'NONE',  ( 0.000000000000000000, 0.000000000000000000, -1.000000000000000000 ) ) ;
#7934 = ORIENTED_EDGE ( 'NONE', *, *, #7456, .T. ) ;
#7935 = AXIS2_PLACEMENT_3D ( 'NONE', #9843, #12944, #11809 ) ;
#7936 = CARTESIAN_POINT ( 'NONE',  ( 33.02000000000000313, 0.000000000000000000, -18.00000000000000000 ) ) ;
#7937 = CARTESIAN_POINT ( 'NONE',  ( -40.00000000000000000, 0.000000000000000000, 18.00000000000000000 ) ) ;
#7938 = PRESENTATION_LAYER_ASSIGNMENT (  '', '', ( #10238 ) ) ;
#7939 = DIRECTION ( 'NONE',  ( 2.775557561562888984E-15, 0.000000000000000000, -1.000000000000000000 ) ) ;
#7940 = VERTEX_POINT ( 'NONE', #9822 ) ;
#7941 = VERTEX_POINT ( 'NONE', #4860 ) ;
#7942 = AXIS2_PLACEMENT_3D ( 'NONE', #11504, #5286, #6381 ) ;
#7943 = ORIENTED_EDGE ( 'NONE', *, *, #3572, .T. ) ;
#7944 = ORIENTED_EDGE ( 'NONE', *, *, #6777, .F. ) ;
#7945 = CARTESIAN_POINT ( 'NONE',  ( -34.13137084989848802, 0.000000000000000000, -10.76005050633884963 ) ) ;
#7946 = DIRECTION ( 'NONE',  ( -0.000000000000000000, 1.000000000000000000, -0.000000000000000000 ) ) ;
#7947 = ORIENTED_EDGE ( 'NONE', *, *, #240, .T. ) ;
#7948 = CARTESIAN_POINT ( 'NONE',  ( 35.14999999999999858, 8.199999999999999289, 11.69292893218813667 ) ) ;
#7949 = ORIENTED_EDGE ( 'NONE', *, *, #2582, .F. ) ;
#7950 = EDGE_CURVE ( 'NONE', #4361, #4654, #8843, .T. ) ;
#7951 = LINE ( 'NONE', #5014, #591 ) ;
#7952 = FACE_OUTER_BOUND ( 'NONE', #3442, .T. ) ;
#7953 = ADVANCED_FACE ( 'NONE', ( #7930 ), #2886, .T. ) ;
#7954 = CARTESIAN_POINT ( 'NONE',  ( 1.202081528017144407, -16.60000000000000497, 12.66923881554250642 ) ) ;
#7955 = LINE ( 'NONE', #1988, #9355 ) ;
#7956 = CIRCLE ( 'NONE', #9, 2.147727943148353802 ) ;
#7957 = CARTESIAN_POINT ( 'NONE',  ( 35.14999999999999858, 8.199999999999999289, -11.69292893218813489 ) ) ;
#7958 = ORIENTED_EDGE ( 'NONE', *, *, #7807, .F. ) ;
#7959 = ADVANCED_FACE ( 'NONE', ( #6873 ), #10878, .T. ) ;
#7960 = CARTESIAN_POINT ( 'NONE',  ( -27.81999999999998963, -6.222539674441619262, -18.00000000000000000 ) ) ;
#7961 = ORIENTED_EDGE ( 'NONE', *, *, #284, .F. ) ;
#7962 = LINE ( 'NONE', #6363, #8020 ) ;
#7963 = EDGE_CURVE ( 'NONE', #1562, #10883, #8899, .T. ) ;
#7964 = DIRECTION ( 'NONE',  ( -2.569960705151068762E-15, -1.000000000000000000, 2.478176394252937114E-16 ) ) ;
#7965 = CARTESIAN_POINT ( 'NONE',  ( -34.95000000000001705, 8.199999999999999289, 11.50000000000002487 ) ) ;
#7966 = ORIENTED_EDGE ( 'NONE', *, *, #5754, .F. ) ;
#7967 = PRESENTATION_STYLE_ASSIGNMENT (( #5997 ) ) ;
#7968 = CARTESIAN_POINT ( 'NONE',  ( -34.95000000000002416, 8.199999999999999289, 11.50000000000002487 ) ) ;
#7969 = LINE ( 'NONE', #5091, #4304 ) ;
#7970 = DIRECTION ( 'NONE',  ( -0.000000000000000000, 1.000000000000000000, -0.000000000000000000 ) ) ;
#7971 = CARTESIAN_POINT ( 'NONE',  ( 35.07861928812541663, 8.303342918701956066, -11.67664308237667115 ) ) ;
#7972 = EDGE_CURVE ( 'NONE', #4245, #6499, #10072, .T. ) ;
#7973 = ORIENTED_EDGE ( 'NONE', *, *, #9609, .T. ) ;
#7974 = VERTEX_POINT ( 'NONE', #4009 ) ;
#7975 = EDGE_CURVE ( 'NONE', #3087, #8146, #4579, .T. ) ;
#7976 = CARTESIAN_POINT ( 'NONE',  ( -19.29999999999999716, -6.222539674441619262, -14.99999999999999822 ) ) ;
#7977 = DIRECTION ( 'NONE',  ( 0.000000000000000000, 0.000000000000000000, -1.000000000000000000 ) ) ;
#7978 = ORIENTED_EDGE ( 'NONE', *, *, #10928, .F. ) ;
#7979 = LINE ( 'NONE', #3998, #227 ) ;
#7980 = CARTESIAN_POINT ( 'NONE',  ( -22.50000000000000000, -1.400000000000000133, 2.147727943148349361 ) ) ;
#7981 = EDGE_CURVE ( 'NONE', #4284, #3488, #2101, .T. ) ;
#7982 = AXIS2_PLACEMENT_3D ( 'NONE', #9197, #10712, #944 ) ;
#7983 = FACE_OUTER_BOUND ( 'NONE', #4715, .T. ) ;
#7984 = CARTESIAN_POINT ( 'NONE',  ( 2.659999999999961062, 0.000000000000000000, -9.131584377541916332E-14 ) ) ;
#7985 = DIRECTION ( 'NONE',  ( -1.000000000000000000, 0.000000000000000000, 0.000000000000000000 ) ) ;
#7986 = VERTEX_POINT ( 'NONE', #10132 ) ;
#7987 = DIRECTION ( 'NONE',  ( 0.000000000000000000, 1.000000000000000000, 0.000000000000000000 ) ) ;
#7988 = VERTEX_POINT ( 'NONE', #2161 ) ;
#7989 = ORIENTED_EDGE ( 'NONE', *, *, #7330, .F. ) ;
#7990 = CARTESIAN_POINT ( 'NONE',  ( -1.520000000000000462, 0.000000000000000000, -15.49999999999999645 ) ) ;
#7991 = DIRECTION ( 'NONE',  ( -0.000000000000000000, 1.000000000000000000, -0.000000000000000000 ) ) ;
#7992 = VERTEX_POINT ( 'NONE', #4265 ) ;
#7993 = DIRECTION ( 'NONE',  ( 0.000000000000000000, 0.000000000000000000, -1.000000000000000000 ) ) ;
#7994 = CARTESIAN_POINT ( 'NONE',  ( -19.29999999999999716, -6.222539674441619262, -15.49999999999999645 ) ) ;
#7995 = ORIENTED_EDGE ( 'NONE', *, *, #12151, .F. ) ;
#7996 = CARTESIAN_POINT ( 'NONE',  ( -37.70000000000000284, 0.000000000000000000, -15.69999999999999929 ) ) ;
#7997 = LINE ( 'NONE', #1911, #8542 ) ;
#7998 = DIRECTION ( 'NONE',  ( 0.000000000000000000, 0.000000000000000000, 1.000000000000000000 ) ) ;
#7999 = VERTEX_POINT ( 'NONE', #9296 ) ;
#8000 = CARTESIAN_POINT ( 'NONE',  ( -40.00000000000000000, 0.000000000000000000, -18.00000000000000000 ) ) ;
#8001 = ORIENTED_EDGE ( 'NONE', *, *, #7179, .F. ) ;
#8002 = ORIENTED_EDGE ( 'NONE', *, *, #7203, .T. ) ;
#8003 = ORIENTED_EDGE ( 'NONE', *, *, #7220, .T. ) ;
#8004 = DIRECTION ( 'NONE',  ( 0.000000000000000000, 1.000000000000000000, 0.000000000000000000 ) ) ;
#8005 = CARTESIAN_POINT ( 'NONE',  ( -33.64999999999999858, 8.599999999999999645, -9.525000000000003908 ) ) ;
#8006 = ORIENTED_EDGE ( 'NONE', *, *, #4866, .T. ) ;
#8007 = FACE_OUTER_BOUND ( 'NONE', #12866, .T. ) ;
#8008 = ADVANCED_FACE ( 'NONE', ( #9170 ), #11396, .F. ) ;
#8009 = VERTEX_POINT ( 'NONE', #5374 ) ;
#8010 = DIRECTION ( 'NONE',  ( 0.000000000000000000, 0.000000000000000000, 1.000000000000000000 ) ) ;
#8011 = DIRECTION ( 'NONE',  ( 0.000000000000000000, 0.000000000000000000, 1.000000000000000000 ) ) ;
#8012 = EDGE_CURVE ( 'NONE', #10413, #8049, #10632, .T. ) ;
#8013 =( GEOMETRIC_REPRESENTATION_CONTEXT ( 3 ) GLOBAL_UNCERTAINTY_ASSIGNED_CONTEXT ( ( #12302 ) ) GLOBAL_UNIT_ASSIGNED_CONTEXT ( ( #3970, #463, #7322 ) ) REPRESENTATION_CONTEXT ( 'NONE', 'WORKASPACE' ) );
#8014 = CARTESIAN_POINT ( 'NONE',  ( -22.50000000000000000, 0.000000000000000000, -4.592425496802574367E-15 ) ) ;
#8015 = DIRECTION ( 'NONE',  ( 0.7071067811865474617, 0.000000000000000000, -0.7071067811865474617 ) ) ;
#8016 = FACE_OUTER_BOUND ( 'NONE', #9598, .T. ) ;
#8017 = EDGE_LOOP ( 'NONE', ( #1071, #4064, #11429, #1872 ) ) ;
#8018 = CARTESIAN_POINT ( 'NONE',  ( 34.95000000000000284, 1.600000000000004086, 11.50000000000002309 ) ) ;
#8019 = ORIENTED_EDGE ( 'NONE', *, *, #12669, .T. ) ;
#8020 = VECTOR ( 'NONE', #2983, 1000.000000000000000 ) ;
#8021 = EDGE_CURVE ( 'NONE', #5360, #2524, #4462, .T. ) ;
#8022 = DIRECTION ( 'NONE',  ( 0.7071067811865512365, 0.000000000000000000, 0.7071067811865439090 ) ) ;
#8023 = FACE_OUTER_BOUND ( 'NONE', #7665, .T. ) ;
#8024 = B_SPLINE_SURFACE_WITH_KNOTS ( 'NONE', 1, 3, ( 
 ( #3777, #9773, #8554, #562, #3639, #12553 ),
 ( #7694, #7756, #9642, #7628, #2783, #11616 ),
 ( #7571, #10757, #11689, #11565, #1796, #691 ),
 ( #8666, #4679, #825, #4822, #5599, #12660 ) ),
 .UNSPECIFIED., .F., .F., .F.,
 ( 2, 1, 1, 2 ),
 ( 4, 2, 4 ),
 ( -0.01000000000000000021, 0.000000000000000000, 1.000000000000000000, 1.010099999999999998 ),
 ( 0.000000000000000000, 0.5000000000000000000, 1.000000000000000000 ),
 .UNSPECIFIED. ) ;
#8025 = DIRECTION ( 'NONE',  ( 0.000000000000000000, 0.000000000000000000, 1.000000000000000000 ) ) ;
#8026 = DIRECTION ( 'NONE',  ( 2.775557561562888984E-15, 0.000000000000000000, -1.000000000000000000 ) ) ;
#8027 = LINE ( 'NONE', #1041, #7847 ) ;
#8028 = SURFACE_STYLE_FILL_AREA ( #7039 ) ;
#8029 = EDGE_CURVE ( 'NONE', #10354, #747, #5622, .T. ) ;
#8030 = CARTESIAN_POINT ( 'NONE',  ( -20.19999999999999574, 0.000000000000000000, -15.49999999999999645 ) ) ;
#8031 = AXIS2_PLACEMENT_3D ( 'NONE', #3433, #11212, #6244 ) ;
#8032 = VERTEX_POINT ( 'NONE', #412 ) ;
#8033 = CARTESIAN_POINT ( 'NONE',  ( 22.86000000000000298, -6.222539674441619262, -18.00000000000000000 ) ) ;
#8034 = ORIENTED_EDGE ( 'NONE', *, *, #6143, .F. ) ;
#8035 = MANIFOLD_SOLID_BREP ( 'Cut-Extrude2', #3499 ) ;
#8036 = DIRECTION ( 'NONE',  ( 0.000000000000000000, 0.000000000000000000, 1.000000000000000000 ) ) ;
#8037 = FACE_OUTER_BOUND ( 'NONE', #3840, .T. ) ;
#8038 = ADVANCED_FACE ( 'NONE', ( #2428 ), #6293, .F. ) ;
#8039 = ORIENTED_EDGE ( 'NONE', *, *, #11140, .F. ) ;
#8040 = DIRECTION ( 'NONE',  ( -0.000000000000000000, 1.000000000000000000, -0.000000000000000000 ) ) ;
#8041 = LINE ( 'NONE', #3860, #4767 ) ;
#8042 = ADVANCED_FACE ( 'NONE', ( #3154 ), #6413, .F. ) ;
#8043 = DIRECTION ( 'NONE',  ( 0.000000000000000000, 1.000000000000000000, 0.000000000000000000 ) ) ;
#8044 = EDGE_CURVE ( 'NONE', #5839, #9785, #8323, .T. ) ;
#8045 = DIRECTION ( 'NONE',  ( -0.000000000000000000, 1.000000000000000000, -0.000000000000000000 ) ) ;
#8046 = EDGE_CURVE ( 'NONE', #648, #9441, #5253, .T. ) ;
#8047 = EDGE_LOOP ( 'NONE', ( #11017, #5702, #10431, #7387 ) ) ;
#8048 = PLANE ( 'NONE',  #2035 ) ;
#8049 = VERTEX_POINT ( 'NONE', #12326 ) ;
#8050 = DIRECTION ( 'NONE',  ( 1.000000000000000000, 0.000000000000000000, 0.000000000000000000 ) ) ;
#8051 = CARTESIAN_POINT ( 'NONE',  ( 37.70000000000000284, 1.600000000000000089, -15.69999999999999929 ) ) ;
#8052 = ORIENTED_EDGE ( 'NONE', *, *, #4066, .F. ) ;
#8053 = CARTESIAN_POINT ( 'NONE',  ( 35.35000000000002274, 9.083042179537700625E-14, -11.69292893218813489 ) ) ;
#8054 = FACE_OUTER_BOUND ( 'NONE', #8796, .T. ) ;
#8055 = DIRECTION ( 'NONE',  ( 0.7071067811865513475, 0.000000000000000000, 0.7071067811865437980 ) ) ;
#8056 = ORIENTED_EDGE ( 'NONE', *, *, #2582, .T. ) ;
#8057 = DIRECTION ( 'NONE',  ( 0.000000000000000000, 0.000000000000000000, 1.000000000000000000 ) ) ;
#8058 = MANIFOLD_SOLID_BREP ( 'LPattern3[1]', #1618 ) ;
#8059 = DIRECTION ( 'NONE',  ( 0.000000000000000000, 0.000000000000000000, -1.000000000000000000 ) ) ;
#8060 = AXIS2_PLACEMENT_3D ( 'NONE', #251, #4103, #8369 ) ;
#8061 = EDGE_CURVE ( 'NONE', #912, #8784, #8635, .T. ) ;
#8062 = CARTESIAN_POINT ( 'NONE',  ( -26.91999999999999815, 0.000000000000000000, -15.99999999999999645 ) ) ;
#8063 = DIRECTION ( 'NONE',  ( 2.775557561562888984E-15, 0.000000000000000000, -1.000000000000000000 ) ) ;
#8064 = EDGE_CURVE ( 'NONE', #569, #232, #6151, .T. ) ;
#8065 = VERTEX_POINT ( 'NONE', #2619 ) ;
#8066 = EDGE_LOOP ( 'NONE', ( #4206, #2607, #9396, #9628 ) ) ;
#8067 = VERTEX_POINT ( 'NONE', #8577 ) ;
#8068 = CARTESIAN_POINT ( 'NONE',  ( -4.059999999999997833, 0.000000000000000000, -15.49999999999999645 ) ) ;
#8069 = VECTOR ( 'NONE', #4881, 1000.000000000000000 ) ;
#8070 = CYLINDRICAL_SURFACE ( 'NONE', #4776, 0.4500000000000007327 ) ;
#8071 = EDGE_CURVE ( 'NONE', #3916, #3416, #6727, .T. ) ;
#8072 = ORIENTED_EDGE ( 'NONE', *, *, #10502, .F. ) ;
#8073 = CARTESIAN_POINT ( 'NONE',  ( -11.67999999999999972, 1.600000000000000089, -14.59999999999999787 ) ) ;
#8074 = AXIS2_PLACEMENT_3D ( 'NONE', #898, #2606, #6581 ) ;
#8075 = EDGE_LOOP ( 'NONE', ( #9276, #2938, #9148, #7317 ) ) ;
#8076 = CARTESIAN_POINT ( 'NONE',  ( -1.520000000000000462, 0.000000000000000000, -15.49999999999999645 ) ) ;
#8077 = CARTESIAN_POINT ( 'NONE',  ( -19.29999999999999716, 0.000000000000000000, -15.49999999999999645 ) ) ;
#8078 = VECTOR ( 'NONE', #8482, 1000.000000000000000 ) ;
#8079 = LINE ( 'NONE', #4228, #3477 ) ;
#8080 = DIRECTION ( 'NONE',  ( 0.000000000000000000, 0.000000000000000000, 1.000000000000000000 ) ) ;
#8081 = AXIS2_PLACEMENT_3D ( 'NONE', #9871, #4905, #7129 ) ;
#8082 = ORIENTED_EDGE ( 'NONE', *, *, #5871, .F. ) ;
#8083 = CARTESIAN_POINT ( 'NONE',  ( -35.14292893218813418, 8.199999999999999289, 11.90000000000000036 ) ) ;
#8084 = VECTOR ( 'NONE', #2341, 1000.000000000000000 ) ;
#8085 = EDGE_CURVE ( 'NONE', #742, #6781, #718, .T. ) ;
#8086 = ORIENTED_EDGE ( 'NONE', *, *, #4769, .F. ) ;
#8087 = ADVANCED_FACE ( 'NONE', ( #6594 ), #12693, .F. ) ;
#8088 = DIRECTION ( 'NONE',  ( 0.000000000000000000, 0.000000000000000000, -1.000000000000000000 ) ) ;
#8089 = AXIS2_PLACEMENT_3D ( 'NONE', #5515, #7659, #10544 ) ;
#8090 = CARTESIAN_POINT ( 'NONE',  ( -15.12000000000004007, 0.000000000000000000, -9.131584377541916332E-14 ) ) ;
#8091 = ORIENTED_EDGE ( 'NONE', *, *, #9955, .T. ) ;
#8092 = AXIS2_PLACEMENT_3D ( 'NONE', #4250, #1309, #11119 ) ;
#8093 = FILL_AREA_STYLE ('',( #6187 ) ) ;
#8094 = PLANE ( 'NONE',  #8965 ) ;
#8095 = DIRECTION ( 'NONE',  ( 0.000000000000000000, 0.000000000000000000, 1.000000000000000000 ) ) ;
#8096 = CARTESIAN_POINT ( 'NONE',  ( -32.89999999999999858, 1.600000000000000089, -15.49999999999999645 ) ) ;
#8097 = EDGE_CURVE ( 'NONE', #7151, #9347, #657, .T. ) ;
#8098 = COLOUR_RGB ( '',0.000000000000000000, 0.5019607843137254832, 0.000000000000000000 ) ;
#8099 = DIRECTION ( 'NONE',  ( 0.000000000000000000, 1.000000000000000000, -0.000000000000000000 ) ) ;
#8100 = VECTOR ( 'NONE', #6846, 1000.000000000000000 ) ;
#8101 = ORIENTED_EDGE ( 'NONE', *, *, #567, .T. ) ;
#8102 = AXIS2_PLACEMENT_3D ( 'NONE', #11325, #3262, #5236 ) ;
#8103 = VECTOR ( 'NONE', #8198, 1000.000000000000000 ) ;
#8104 = ADVANCED_FACE ( 'NONE', ( #4519 ), #10591, .T. ) ;
#8105 = VERTEX_POINT ( 'NONE', #596 ) ;
#8106 = AXIS2_PLACEMENT_3D ( 'NONE', #8415, #6374, #7222 ) ;
#8107 = CIRCLE ( 'NONE', #4761, 0.8999999999999980238 ) ;
#8108 = DIRECTION ( 'NONE',  ( 0.000000000000000000, 1.000000000000000000, 0.000000000000000000 ) ) ;
#8109 = VECTOR ( 'NONE', #9514, 1000.000000000000000 ) ;
#8110 = DIRECTION ( 'NONE',  ( 0.000000000000000000, 1.000000000000000000, -0.000000000000000000 ) ) ;
#8111 = ORIENTED_EDGE ( 'NONE', *, *, #2463, .T. ) ;
#8112 = DIRECTION ( 'NONE',  ( 0.000000000000000000, 0.000000000000000000, -1.000000000000000000 ) ) ;
#8113 = AXIS2_PLACEMENT_3D ( 'NONE', #2721, #6701, #2780 ) ;
#8114 = FACE_OUTER_BOUND ( 'NONE', #4738, .T. ) ;
#8115 = CIRCLE ( 'NONE', #6015, 0.8999999999999980238 ) ;
#8116 = PLANE ( 'NONE',  #7234 ) ;
#8117 = EDGE_CURVE ( 'NONE', #1982, #12441, #168, .T. ) ;
#8118 =( GEOMETRIC_REPRESENTATION_CONTEXT ( 3 ) GLOBAL_UNCERTAINTY_ASSIGNED_CONTEXT ( ( #5489 ) ) GLOBAL_UNIT_ASSIGNED_CONTEXT ( ( #1327, #12450, #1466 ) ) REPRESENTATION_CONTEXT ( 'NONE', 'WORKASPACE' ) );
#8119 = CARTESIAN_POINT ( 'NONE',  ( -32.00000000000000000, 1.600000000000000089, -15.49999999999999645 ) ) ;
#8120 = VECTOR ( 'NONE', #1732, 1000.000000000000000 ) ;
#8121 = PLANE ( 'NONE',  #7518 ) ;
#8122 = EDGE_CURVE ( 'NONE', #1200, #3733, #11533, .T. ) ;
#8123 = AXIS2_PLACEMENT_3D ( 'NONE', #7813, #10563, #10823 ) ;
#8124 = ORIENTED_EDGE ( 'NONE', *, *, #894, .T. ) ;
#8125 = DIRECTION ( 'NONE',  ( 0.000000000000000000, 0.000000000000000000, 1.000000000000000000 ) ) ;
#8126 = SURFACE_STYLE_USAGE ( .BOTH. , #517 ) ;
#8127 = ADVANCED_FACE ( 'NONE', ( #11717 ), #2686, .F. ) ;
#8128 = EDGE_CURVE ( 'NONE', #5526, #1587, #6666, .T. ) ;
#8129 = VERTEX_POINT ( 'NONE', #1647 ) ;
#8130 = DIRECTION ( 'NONE',  ( 0.000000000000000000, 1.000000000000000000, 0.000000000000000000 ) ) ;
#8131 = DIRECTION ( 'NONE',  ( 0.000000000000000000, 0.000000000000000000, -1.000000000000000000 ) ) ;
#8132 = ORIENTED_EDGE ( 'NONE', *, *, #6356, .F. ) ;
#8133 = LINE ( 'NONE', #6938, #4179 ) ;
#8134 = CIRCLE ( 'NONE', #11237, 1.399999999999995026 ) ;
#8135 = FACE_OUTER_BOUND ( 'NONE', #2106, .T. ) ;
#8136 = ORIENTED_EDGE ( 'NONE', *, *, #9694, .F. ) ;
#8137 = AXIS2_PLACEMENT_3D ( 'NONE', #9812, #4853, #8703 ) ;
#8138 = CARTESIAN_POINT ( 'NONE',  ( -30.35999999999999233, -6.222539674441619262, -18.00000000000000000 ) ) ;
#8139 = CARTESIAN_POINT ( 'NONE',  ( 3.560000000000000497, 1.600000000000000089, -14.59999999999999787 ) ) ;
#8140 = FACE_OUTER_BOUND ( 'NONE', #4219, .T. ) ;
#8141 = AXIS2_PLACEMENT_3D ( 'NONE', #10468, #1558, #12492 ) ;
#8142 = FACE_OUTER_BOUND ( 'NONE', #12285, .T. ) ;
#8143 = AXIS2_PLACEMENT_3D ( 'NONE', #11305, #6255, #10246 ) ;
#8144 = EDGE_LOOP ( 'NONE', ( #5494, #12645, #10229, #9798 ) ) ;
#8145 = ORIENTED_EDGE ( 'NONE', *, *, #6883, .T. ) ;
#8146 = VERTEX_POINT ( 'NONE', #4647 ) ;
#8147 = DIRECTION ( 'NONE',  ( 0.000000000000000000, 0.000000000000000000, 1.000000000000000000 ) ) ;
#8148 = VECTOR ( 'NONE', #4606, 1000.000000000000000 ) ;
#8149 = CARTESIAN_POINT ( 'NONE',  ( -15.86000000000000298, 1.600000000000000089, -15.49999999999999645 ) ) ;
#8150 = VERTEX_POINT ( 'NONE', #11464 ) ;
#8151 = AXIS2_PLACEMENT_3D ( 'NONE', #10974, #3911, #3986 ) ;
#8152 = FACE_OUTER_BOUND ( 'NONE', #11162, .T. ) ;
#8153 = EDGE_CURVE ( 'NONE', #4987, #134, #10811, .T. ) ;
#8154 = CARTESIAN_POINT ( 'NONE',  ( -31.09999999999999787, 0.000000000000000000, -18.00000000000000000 ) ) ;
#8155 = ORIENTED_EDGE ( 'NONE', *, *, #10765, .T. ) ;
#8156 = CIRCLE ( 'NONE', #9808, 2.200000000000000622 ) ;
#8157 = PLANE ( 'NONE',  #5602 ) ;
#8158 = CARTESIAN_POINT ( 'NONE',  ( -16.76000000000000156, -6.222539674441619262, -15.49999999999999645 ) ) ;
#8159 = CARTESIAN_POINT ( 'NONE',  ( 35.11046483157790732, 8.252863496846110536, 11.69999999999999929 ) ) ;
#8160 = EDGE_CURVE ( 'NONE', #4371, #8507, #10409, .T. ) ;
#8161 = DIRECTION ( 'NONE',  ( 0.000000000000000000, 0.000000000000000000, 1.000000000000000000 ) ) ;
#8162 = CARTESIAN_POINT ( 'NONE',  ( 1.060660171779830296, -16.60000000000000497, 12.81066017177981564 ) ) ;
#8163 = CIRCLE ( 'NONE', #1480, 0.8999999999999980238 ) ;
#8164 = ORIENTED_EDGE ( 'NONE', *, *, #3071, .F. ) ;
#8165 = CARTESIAN_POINT ( 'NONE',  ( 37.70000000000000284, 1.600000000000000089, -15.69999999999999929 ) ) ;
#8166 = VERTEX_POINT ( 'NONE', #778 ) ;
#8167 = VECTOR ( 'NONE', #1915, 1000.000000000000000 ) ;
#8168 = CARTESIAN_POINT ( 'NONE',  ( -4.059999999999997833, 1.600000000000000089, -14.99999999999999822 ) ) ;
#8169 = LINE ( 'NONE', #2194, #7257 ) ;
#8170 = VERTEX_POINT ( 'NONE', #9669 ) ;
#8171 = DIRECTION ( 'NONE',  ( 0.000000000000000000, 0.000000000000000000, 1.000000000000000000 ) ) ;
#8172 = CARTESIAN_POINT ( 'NONE',  ( -35.30689076144392402, 8.408794663505309686, -11.62861928812542622 ) ) ;
#8173 = EDGE_CURVE ( 'NONE', #601, #6324, #12445, .T. ) ;
#8174 = DIRECTION ( 'NONE',  ( 0.000000000000000000, 1.000000000000000000, 0.000000000000000000 ) ) ;
#8175 = CARTESIAN_POINT ( 'NONE',  ( -32.01005050633882121, -16.60000000000000497, -12.88137084989846848 ) ) ;
#8176 = CARTESIAN_POINT ( 'NONE',  ( -17.66000000000000014, 0.000000000000000000, -18.00000000000000000 ) ) ;
#8177 = ORIENTED_EDGE ( 'NONE', *, *, #5372, .F. ) ;
#8178 = CARTESIAN_POINT ( 'NONE',  ( -11.67999999999999972, 0.000000000000000000, -15.49999999999999645 ) ) ;
#8179 = EDGE_LOOP ( 'NONE', ( #7752, #3226, #1548, #2560 ) ) ;
#8180 = FACE_OUTER_BOUND ( 'NONE', #9420, .T. ) ;
#8181 = DIRECTION ( 'NONE',  ( 0.000000000000000000, 0.000000000000000000, 1.000000000000000000 ) ) ;
#8182 = ORIENTED_EDGE ( 'NONE', *, *, #4186, .T. ) ;
#8183 = CARTESIAN_POINT ( 'NONE',  ( -25.28000000000004022, 0.000000000000000000, -9.131584377541916332E-14 ) ) ;
#8184 = EDGE_CURVE ( 'NONE', #716, #4884, #9024, .T. ) ;
#8185 = PLANE ( 'NONE',  #3318 ) ;
#8186 = EDGE_CURVE ( 'NONE', #4107, #1491, #12087, .T. ) ;
#8187 = CARTESIAN_POINT ( 'NONE',  ( -4.960000000000037268, 1.600000000000000089, -9.131584377541916332E-14 ) ) ;
#8188 = LINE ( 'NONE', #2095, #4582 ) ;
#8189 = DIRECTION ( 'NONE',  ( -2.566158988131371759E-17, 0.000000000000000000, -1.000000000000000000 ) ) ;
#8190 = ORIENTED_EDGE ( 'NONE', *, *, #5727, .T. ) ;
#8191 = CARTESIAN_POINT ( 'NONE',  ( 33.64999999999999858, 8.500000000000000000, 9.075000000000002842 ) ) ;
#8192 = EDGE_CURVE ( 'NONE', #10795, #7620, #11773, .T. ) ;
#8193 = EDGE_CURVE ( 'NONE', #5762, #6504, #7049, .T. ) ;
#8194 = ORIENTED_EDGE ( 'NONE', *, *, #4842, .T. ) ;
#8195 = DIRECTION ( 'NONE',  ( 0.000000000000000000, 1.000000000000000000, 0.000000000000000000 ) ) ;
#8196 = VERTEX_POINT ( 'NONE', #11834 ) ;
#8197 = DIRECTION ( 'NONE',  ( 1.000000000000000000, 0.000000000000000000, -0.000000000000000000 ) ) ;
#8198 = DIRECTION ( 'NONE',  ( 0.7071067811865513475, 0.000000000000000000, 0.7071067811865437980 ) ) ;
#8199 = ORIENTED_EDGE ( 'NONE', *, *, #2618, .T. ) ;
#8200 = CARTESIAN_POINT ( 'NONE',  ( -19.29999999999999716, 1.600000000000000089, -15.49999999999999645 ) ) ;
#8201 = AXIS2_PLACEMENT_3D ( 'NONE', #9432, #339, #4461 ) ;
#8202 = DIRECTION ( 'NONE',  ( -0.000000000000000000, 1.000000000000000000, -0.000000000000000000 ) ) ;
#8203 = ADVANCED_FACE ( 'NONE', ( #2998, #7913 ), #4899, .F. ) ;
#8204 = DIRECTION ( 'NONE',  ( 0.000000000000000000, 1.000000000000000000, -0.000000000000000000 ) ) ;
#8205 = DIRECTION ( 'NONE',  ( -1.000000000000000000, 0.000000000000000000, 0.000000000000000000 ) ) ;
#8206 = DIRECTION ( 'NONE',  ( 0.000000000000000000, 0.000000000000000000, 1.000000000000000000 ) ) ;
#8207 = ORIENTED_EDGE ( 'NONE', *, *, #4850, .F. ) ;
#8208 = VERTEX_POINT ( 'NONE', #8768 ) ;
#8209 = ORIENTED_EDGE ( 'NONE', *, *, #5094, .F. ) ;
#8210 = CARTESIAN_POINT ( 'NONE',  ( -40.00000000000000000, 0.000000000000000000, -18.00000000000000000 ) ) ;
#8211 = CARTESIAN_POINT ( 'NONE',  ( 35.14292893218813418, 1.600000000000063149, -11.90000000000002522 ) ) ;
#8212 = VERTEX_POINT ( 'NONE', #9998 ) ;
#8213 = CARTESIAN_POINT ( 'NONE',  ( -11.67999999999999972, 0.000000000000000000, -14.59999999999999787 ) ) ;
#8214 = CARTESIAN_POINT ( 'NONE',  ( -24.37999999999999901, 1.600000000000000089, -15.99999999999999645 ) ) ;
#8215 = ORIENTED_EDGE ( 'NONE', *, *, #12439, .F. ) ;
#8216 = EDGE_CURVE ( 'NONE', #12455, #7151, #1051, .T. ) ;
#8217 = LINE ( 'NONE', #12214, #9357 ) ;
#8218 = CYLINDRICAL_SURFACE ( 'NONE', #4189, 0.8999999999999980238 ) ;
#8219 = DIRECTION ( 'NONE',  ( 0.000000000000000000, 1.000000000000000000, 0.000000000000000000 ) ) ;
#8220 = CARTESIAN_POINT ( 'NONE',  ( 0.000000000000000000, 8.400000000000000355, 11.50000000000002487 ) ) ;
#8221 = DIRECTION ( 'NONE',  ( -1.000000000000000000, 3.491481338843133750E-15, 5.176137173774959723E-32 ) ) ;
#8222 = ORIENTED_EDGE ( 'NONE', *, *, #6570, .T. ) ;
#8223 = DIRECTION ( 'NONE',  ( 0.000000000000000000, 1.000000000000000000, -0.000000000000000000 ) ) ;
#8224 = ADVANCED_FACE ( 'NONE', ( #8037 ), #9865, .F. ) ;
#8225 = VERTEX_POINT ( 'NONE', #7780 ) ;
#8226 = CARTESIAN_POINT ( 'NONE',  ( -26.91999999999999815, 1.600000000000000089, -14.99999999999999822 ) ) ;
#8227 = EDGE_CURVE ( 'NONE', #6545, #9505, #8938, .T. ) ;
#8228 = DIRECTION ( 'NONE',  ( 0.000000000000000000, 0.000000000000000000, 1.000000000000000000 ) ) ;
#8229 = ORIENTED_EDGE ( 'NONE', *, *, #11592, .F. ) ;
#8230 = CARTESIAN_POINT ( 'NONE',  ( -35.00246666847517929, 8.399999999999998579, -11.53222040359949041 ) ) ;
#8231 = CARTESIAN_POINT ( 'NONE',  ( 1.020000000000000018, 1.600000000000000089, -15.49999999999999645 ) ) ;
#8232 =( NAMED_UNIT ( * ) SI_UNIT ( $, .STERADIAN. ) SOLID_ANGLE_UNIT ( ) );
#8233 = CARTESIAN_POINT ( 'NONE',  ( -31.79791847198285737, -2.399999999999999467, 12.66923881554250997 ) ) ;
#8234 = ORIENTED_EDGE ( 'NONE', *, *, #11461, .T. ) ;
#8235 = AXIS2_PLACEMENT_3D ( 'NONE', #5800, #837, #6835 ) ;
#8236 = ORIENTED_EDGE ( 'NONE', *, *, #9805, .T. ) ;
#8237 = UNCERTAINTY_MEASURE_WITH_UNIT (LENGTH_MEASURE( 1.000000000000000082E-05 ), #4164, 'distance_accuracy_value', 'NONE');
#8238 = ORIENTED_EDGE ( 'NONE', *, *, #3662, .T. ) ;
#8239 = VERTEX_POINT ( 'NONE', #4 ) ;
#8240 = CARTESIAN_POINT ( 'NONE',  ( -35.14292893218813418, 8.199999999999999289, 11.70000000000000107 ) ) ;
#8241 = DIRECTION ( 'NONE',  ( 0.000000000000000000, 1.000000000000000000, 0.000000000000000000 ) ) ;
#8242 = ORIENTED_EDGE ( 'NONE', *, *, #10906, .F. ) ;
#8243 = CARTESIAN_POINT ( 'NONE',  ( 35.35000000000000142, 8.199999999999999289, -11.69292893218813667 ) ) ;
#8244 = CARTESIAN_POINT ( 'NONE',  ( 33.64999999999999858, 8.599999999999999645, 9.525000000000003908 ) ) ;
#8245 = CARTESIAN_POINT ( 'NONE',  ( -6.599999999999997868, -6.222539674441619262, -14.59999999999999787 ) ) ;
#8246 = CARTESIAN_POINT ( 'NONE',  ( 37.70000000000032969, -6.222539674441619262, 13.50000000000000000 ) ) ;
#8247 = CARTESIAN_POINT ( 'NONE',  ( -1.520000000000000462, 1.600000000000000089, -15.49999999999999645 ) ) ;
#8248 = EDGE_CURVE ( 'NONE', #8491, #2464, #11912, .T. ) ;
#8249 = EDGE_LOOP ( 'NONE', ( #10982, #8486, #7995, #8829 ) ) ;
#8250 = CARTESIAN_POINT ( 'NONE',  ( 35.35000000000000853, 6.200000000000047251, 4.250000000000000000 ) ) ;
#8251 = EDGE_CURVE ( 'NONE', #9866, #4800, #2801, .T. ) ;
#8252 = ORIENTED_EDGE ( 'NONE', *, *, #9012, .F. ) ;
#8253 = FACE_OUTER_BOUND ( 'NONE', #12361, .T. ) ;
#8254 = DIRECTION ( 'NONE',  ( -0.000000000000000000, 1.000000000000000000, -0.000000000000000000 ) ) ;
#8255 = ORIENTED_EDGE ( 'NONE', *, *, #3784, .F. ) ;
#8256 = DIRECTION ( 'NONE',  ( -0.000000000000000000, 1.000000000000000000, -0.000000000000000000 ) ) ;
#8257 = LINE ( 'NONE', #6224, #6428 ) ;
#8258 = ORIENTED_EDGE ( 'NONE', *, *, #7352, .T. ) ;
#8259 = CARTESIAN_POINT ( 'NONE',  ( -33.64999999999999858, 8.500000000000000000, -9.075000000000002842 ) ) ;
#8260 = ADVANCED_FACE ( 'NONE', ( #3799 ), #3996, .T. ) ;
#8261 = ADVANCED_FACE ( 'NONE', ( #1824, #8957 ), #3857, .T. ) ;
#8262 = CARTESIAN_POINT ( 'NONE',  ( -31.93933982822017015, -16.60000000000000497, 12.81066017177981919 ) ) ;
#8263 = FACE_OUTER_BOUND ( 'NONE', #9133, .T. ) ;
#8264 = DIRECTION ( 'NONE',  ( 0.000000000000000000, 1.000000000000000000, -0.000000000000000000 ) ) ;
#8265 = ORIENTED_EDGE ( 'NONE', *, *, #12136, .T. ) ;
#8266 = FACE_OUTER_BOUND ( 'NONE', #834, .T. ) ;
#8267 = EDGE_LOOP ( 'NONE', ( #11724, #12024, #4410, #9057 ) ) ;
#8268 = ORIENTED_EDGE ( 'NONE', *, *, #774, .F. ) ;
#8269 = DIRECTION ( 'NONE',  ( 0.000000000000000000, 0.000000000000000000, -1.000000000000000000 ) ) ;
#8270 = PLANE ( 'NONE',  #2498 ) ;
#8271 = VERTEX_POINT ( 'NONE', #6082 ) ;
#8272 = DIRECTION ( 'NONE',  ( -0.000000000000000000, 1.000000000000000000, -0.000000000000000000 ) ) ;
#8273 = LINE ( 'NONE', #5399, #8712 ) ;
#8274 = ORIENTED_EDGE ( 'NONE', *, *, #7419, .F. ) ;
#8275 = AXIS2_PLACEMENT_3D ( 'NONE', #10478, #652, #584 ) ;
#8276 = DIRECTION ( 'NONE',  ( 2.775557561562888984E-15, 0.000000000000000000, -1.000000000000000000 ) ) ;
#8277 = CARTESIAN_POINT ( 'NONE',  ( 12.70000000000000107, 1.600000000000000089, 0.000000000000000000 ) ) ;
#8278 = DIRECTION ( 'NONE',  ( 2.775557561562888984E-15, 0.000000000000000000, -1.000000000000000000 ) ) ;
#8279 = DIRECTION ( 'NONE',  ( 0.000000000000000000, 0.000000000000000000, 1.000000000000000000 ) ) ;
#8280 = DIRECTION ( 'NONE',  ( 1.000000000000000000, -0.000000000000000000, 2.775557561562888984E-15 ) ) ;
#8281 = ORIENTED_EDGE ( 'NONE', *, *, #1900, .T. ) ;
#8282 = DIRECTION ( 'NONE',  ( -1.000000000000000000, 0.000000000000000000, -0.000000000000000000 ) ) ;
#8283 = AXIS2_PLACEMENT_3D ( 'NONE', #12808, #8741, #3836 ) ;
#8284 = ORIENTED_EDGE ( 'NONE', *, *, #107, .T. ) ;
#8285 = CARTESIAN_POINT ( 'NONE',  ( -35.35000000000000853, 6.200000000000242650, -3.749999999999999556 ) ) ;
#8286 = DIRECTION ( 'NONE',  ( 0.000000000000000000, 0.000000000000000000, 1.000000000000000000 ) ) ;
#8287 = ORIENTED_EDGE ( 'NONE', *, *, #2296, .T. ) ;
#8288 = EDGE_CURVE ( 'NONE', #8834, #290, #4846, .T. ) ;
#8289 = EDGE_CURVE ( 'NONE', #11771, #4305, #2011, .T. ) ;
#8290 = CARTESIAN_POINT ( 'NONE',  ( -4.960000000000037268, 0.000000000000000000, -9.131584377541916332E-14 ) ) ;
#8291 = CARTESIAN_POINT ( 'NONE',  ( 35.35000000000000853, 6.200000000000046363, -4.250000000000000000 ) ) ;
#8292 = LINE ( 'NONE', #3326, #1583 ) ;
#8293 = VECTOR ( 'NONE', #1250, 1000.000000000000000 ) ;
#8294 = DIRECTION ( 'NONE',  ( -0.000000000000000000, 1.000000000000000000, -0.000000000000000000 ) ) ;
#8295 =( GEOMETRIC_REPRESENTATION_CONTEXT ( 3 ) GLOBAL_UNCERTAINTY_ASSIGNED_CONTEXT ( ( #256 ) ) GLOBAL_UNIT_ASSIGNED_CONTEXT ( ( #9090, #12123, #4386 ) ) REPRESENTATION_CONTEXT ( 'NONE', 'WORKASPACE' ) );
#8296 = FACE_OUTER_BOUND ( 'NONE', #7854, .T. ) ;
#8297 = EDGE_LOOP ( 'NONE', ( #3487, #1080, #7859, #11909 ) ) ;
#8298 = EDGE_CURVE ( 'NONE', #4934, #10653, #12077, .T. ) ;
#8299 = AXIS2_PLACEMENT_3D ( 'NONE', #7164, #242, #11221 ) ;
#8300 = LINE ( 'NONE', #8431, #8366 ) ;
#8301 = CIRCLE ( 'NONE', #9746, 0.8999999999999980238 ) ;
#8302 = ORIENTED_EDGE ( 'NONE', *, *, #9431, .F. ) ;
#8303 = VERTEX_POINT ( 'NONE', #853 ) ;
#8304 = DIRECTION ( 'NONE',  ( 1.000000000000000000, -0.000000000000000000, 2.775557561562888984E-15 ) ) ;
#8305 = CARTESIAN_POINT ( 'NONE',  ( -4.959999999999995524, -6.222539674441619262, -15.49999999999999645 ) ) ;
#8306 = EDGE_LOOP ( 'NONE', ( #4911, #6887, #8973, #6596 ) ) ;
#8307 = CARTESIAN_POINT ( 'NONE',  ( 35.14798000000000400, 8.251936197537240503, -11.66070869979883895 ) ) ;
#8308 = EDGE_CURVE ( 'NONE', #8271, #11507, #3924, .T. ) ;
#8309 = DIRECTION ( 'NONE',  ( 2.775557561562888984E-15, 0.000000000000000000, -1.000000000000000000 ) ) ;
#8310 = CLOSED_SHELL ( 'NONE', ( #8896, #4333, #1247, #8515, #42, #6088, #11475, #3011, #477 ) ) ;
#8311 = PLANE ( 'NONE',  #10788 ) ;
#8312 = ADVANCED_FACE ( 'NONE', ( #1171, #3404 ), #121, .T. ) ;
#8313 = AXIS2_PLACEMENT_3D ( 'NONE', #7994, #1070, #5055 ) ;
#8314 = CARTESIAN_POINT ( 'NONE',  ( 33.64999999999999858, 8.500000000000000000, 9.525000000000003908 ) ) ;
#8315 = VECTOR ( 'NONE', #3439, 1000.000000000000000 ) ;
#8316 = DIRECTION ( 'NONE',  ( 0.000000000000000000, 0.000000000000000000, -1.000000000000000000 ) ) ;
#8317 = CIRCLE ( 'NONE', #7258, 0.8999999999999980238 ) ;
#8318 = EDGE_LOOP ( 'NONE', ( #9112, #8969, #6047, #7497 ) ) ;
#8319 = VECTOR ( 'NONE', #1950, 999.9999999999998863 ) ;
#8320 = ORIENTED_EDGE ( 'NONE', *, *, #4106, .F. ) ;
#8321 = DIRECTION ( 'NONE',  ( -1.000000000000000000, 0.000000000000000000, 0.000000000000000000 ) ) ;
#8322 = CIRCLE ( 'NONE', #7491, 0.5000000000000004441 ) ;
#8323 = LINE ( 'NONE', #1459, #7472 ) ;
#8324 = ORIENTED_EDGE ( 'NONE', *, *, #6523, .F. ) ;
#8325 = LINE ( 'NONE', #4328, #303 ) ;
#8326 = CARTESIAN_POINT ( 'NONE',  ( -35.14999999999999858, 6.200000000000241762, -3.749999999999999556 ) ) ;
#8327 = EDGE_LOOP ( 'NONE', ( #3381, #428, #12888, #12052 ) ) ;
#8328 = DIRECTION ( 'NONE',  ( 0.000000000000000000, 0.000000000000000000, 1.000000000000000000 ) ) ;
#8329 = PRESENTATION_LAYER_ASSIGNMENT (  '', '', ( #1844 ) ) ;
#8330 = VECTOR ( 'NONE', #11794, 1000.000000000000000 ) ;
#8331 = EDGE_CURVE ( 'NONE', #8225, #8871, #10330, .T. ) ;
#8332 = DIRECTION ( 'NONE',  ( -0.000000000000000000, 1.000000000000000000, -0.000000000000000000 ) ) ;
#8333 = VECTOR ( 'NONE', #4996, 1000.000000000000000 ) ;
#8334 = AXIS2_PLACEMENT_3D ( 'NONE', #10893, #11942, #6168 ) ;
#8335 = LINE ( 'NONE', #6357, #5818 ) ;
#8336 = AXIS2_PLACEMENT_3D ( 'NONE', #7250, #4455, #11258 ) ;
#8337 = DIRECTION ( 'NONE',  ( 0.000000000000000000, 1.000000000000000000, 0.000000000000000000 ) ) ;
#8338 = CYLINDRICAL_SURFACE ( 'NONE', #5227, 1.000000000000000000 ) ;
#8339 = ORIENTED_EDGE ( 'NONE', *, *, #1816, .F. ) ;
#8340 = CARTESIAN_POINT ( 'NONE',  ( -31.10000000000000142, 0.000000000000000000, -15.49999999999999645 ) ) ;
#8341 = EDGE_LOOP ( 'NONE', ( #658, #2097, #11412, #7761, #11589 ) ) ;
#8342 = DIRECTION ( 'NONE',  ( 1.000000000000000000, 0.000000000000000000, 2.775557561562888984E-15 ) ) ;
#8343 = AXIS2_PLACEMENT_3D ( 'NONE', #11977, #11185, #4974 ) ;
#8344 = CARTESIAN_POINT ( 'NONE',  ( -29.46000000000000085, 0.000000000000000000, -15.49999999999999645 ) ) ;
#8345 = VERTEX_POINT ( 'NONE', #327 ) ;
#8346 = CARTESIAN_POINT ( 'NONE',  ( -14.22000000000000064, -6.222539674441619262, -15.49999999999999645 ) ) ;
#8347 = AXIS2_PLACEMENT_3D ( 'NONE', #12067, #4931, #3964 ) ;
#8348 = DIRECTION ( 'NONE',  ( 0.000000000000000000, 1.000000000000000000, 0.000000000000000000 ) ) ;
#8349 = STYLED_ITEM ( 'NONE', ( #3415 ), #8035 ) ;
#8350 = ORIENTED_EDGE ( 'NONE', *, *, #10104, .F. ) ;
#8351 = DIRECTION ( 'NONE',  ( -1.000000000000000000, 0.000000000000000000, 0.000000000000000000 ) ) ;
#8352 = PLANE ( 'NONE',  #8493 ) ;
#8353 = DIRECTION ( 'NONE',  ( 0.000000000000000000, 1.000000000000000000, 0.000000000000000000 ) ) ;
#8354 = EDGE_CURVE ( 'NONE', #968, #343, #2213, .T. ) ;
#8355 = AXIS2_PLACEMENT_3D ( 'NONE', #10873, #1899, #9814 ) ;
#8356 = PLANE ( 'NONE',  #12085 ) ;
#8357 = VECTOR ( 'NONE', #4092, 1000.000000000000000 ) ;
#8358 = EDGE_LOOP ( 'NONE', ( #2610, #11547, #12432, #8647 ) ) ;
#8359 = DIRECTION ( 'NONE',  ( 0.000000000000000000, 1.000000000000000000, -0.000000000000000000 ) ) ;
#8360 = AXIS2_PLACEMENT_3D ( 'NONE', #6240, #4419, #9310 ) ;
#8361 = VERTEX_POINT ( 'NONE', #10265 ) ;
#8362 = CARTESIAN_POINT ( 'NONE',  ( 1.919999999999998153, 0.000000000000000000, -15.49999999999999645 ) ) ;
#8363 = DIRECTION ( 'NONE',  ( 0.000000000000000000, 0.000000000000000000, 1.000000000000000000 ) ) ;
#8364 = ADVANCED_FACE ( 'NONE', ( #9285 ), #10120, .F. ) ;
#8365 = VERTEX_POINT ( 'NONE', #5159 ) ;
#8366 = VECTOR ( 'NONE', #12430, 1000.000000000000000 ) ;
#8367 = EDGE_CURVE ( 'NONE', #4721, #1595, #1433, .T. ) ;
#8368 = CARTESIAN_POINT ( 'NONE',  ( -34.95000000000000284, 8.599999999999997868, -11.50000000000000178 ) ) ;
#8369 = DIRECTION ( 'NONE',  ( 0.000000000000000000, 0.000000000000000000, 1.000000000000000000 ) ) ;
#8370 = TOROIDAL_SURFACE ( 'NONE', #12760, 2.147727943148359131, 6.000000000000000000 ) ;
#8371 = CARTESIAN_POINT ( 'NONE',  ( -29.46000000000000085, 0.000000000000000000, -14.59999999999999787 ) ) ;
#8372 = EDGE_LOOP ( 'NONE', ( #10164, #8915, #6179, #9424 ) ) ;
#8373 = EDGE_CURVE ( 'NONE', #9944, #8709, #9745, .T. ) ;
#8374 = ORIENTED_EDGE ( 'NONE', *, *, #6586, .T. ) ;
#8375 = UNCERTAINTY_MEASURE_WITH_UNIT (LENGTH_MEASURE( 1.000000000000000082E-05 ), #7191, 'distance_accuracy_value', 'NONE');
#8376 = CARTESIAN_POINT ( 'NONE',  ( -17.66000000000000014, 1.600000000000000089, -15.49999999999999645 ) ) ;
#8377 = CARTESIAN_POINT ( 'NONE',  ( -37.70000000000000284, -6.222539674441619262, -15.69999999999999929 ) ) ;
#8378 = AXIS2_PLACEMENT_3D ( 'NONE', #2828, #4619, #3829 ) ;
#8379 = VERTEX_POINT ( 'NONE', #9226 ) ;
#8380 = AXIS2_PLACEMENT_3D ( 'NONE', #469, #4453, #6281 ) ;
#8381 = ORIENTED_EDGE ( 'NONE', *, *, #3346, .F. ) ;
#8382 = CARTESIAN_POINT ( 'NONE',  ( -35.11046488354881490, 8.252863412218346184, 11.70000000000000107 ) ) ;
#8383 = DIRECTION ( 'NONE',  ( 2.775557561562888984E-15, 0.000000000000000000, -1.000000000000000000 ) ) ;
#8384 = ORIENTED_EDGE ( 'NONE', *, *, #4266, .F. ) ;
#8385 = CARTESIAN_POINT ( 'NONE',  ( 35.05551376226944171, 8.601999999999998536, -11.53223752461893703 ) ) ;
#8386 = DIRECTION ( 'NONE',  ( -0.7071067811865501263, 0.000000000000000000, -0.7071067811865449082 ) ) ;
#8387 = EDGE_CURVE ( 'NONE', #11190, #2188, #9346, .T. ) ;
#8388 = CARTESIAN_POINT ( 'NONE',  ( -31.10000000000000142, 1.600000000000000089, -15.49999999999999645 ) ) ;
#8389 = DIRECTION ( 'NONE',  ( 0.000000000000000000, -1.000000000000000000, 3.571489509364004629E-15 ) ) ;
#8390 = DIRECTION ( 'NONE',  ( 0.000000000000000000, 1.000000000000000000, -0.000000000000000000 ) ) ;
#8391 = EDGE_CURVE ( 'NONE', #6149, #5687, #980, .T. ) ;
#8392 = ORIENTED_EDGE ( 'NONE', *, *, #5873, .F. ) ;
#8393 = LINE ( 'NONE', #11394, #4024 ) ;
#8394 = EDGE_CURVE ( 'NONE', #4380, #5959, #4191, .T. ) ;
#8395 = ORIENTED_EDGE ( 'NONE', *, *, #6427, .T. ) ;
#8396 = CARTESIAN_POINT ( 'NONE',  ( 0.000000000000000000, 0.000000000000000000, 0.000000000000000000 ) ) ;
#8397 = CARTESIAN_POINT ( 'NONE',  ( -26.91999999999999815, -6.222539674441619262, -15.49999999999999645 ) ) ;
#8398 = ORIENTED_EDGE ( 'NONE', *, *, #2688, .T. ) ;
#8399 = PLANE ( 'NONE',  #3529 ) ;
#8400 = FILL_AREA_STYLE_COLOUR ( '', #7279 ) ;
#8401 = CARTESIAN_POINT ( 'NONE',  ( -1.520000000000000462, 1.600000000000000089, -14.59999999999999787 ) ) ;
#8402 = CARTESIAN_POINT ( 'NONE',  ( 1.202081528017144407, -16.60000000000000497, 12.66923881554250642 ) ) ;
#8403 = DIRECTION ( 'NONE',  ( 0.000000000000000000, 1.000000000000000000, 0.000000000000000000 ) ) ;
#8404 = ORIENTED_EDGE ( 'NONE', *, *, #7907, .F. ) ;
#8405 = SURFACE_STYLE_USAGE ( .BOTH. , #8459 ) ;
#8406 = ORIENTED_EDGE ( 'NONE', *, *, #5744, .T. ) ;
#8407 = CARTESIAN_POINT ( 'NONE',  ( -16.76000000000000156, -6.222539674441619262, -14.59999999999999787 ) ) ;
#8408 = DIRECTION ( 'NONE',  ( -0.000000000000000000, 1.000000000000000000, -0.000000000000000000 ) ) ;
#8409 = ORIENTED_EDGE ( 'NONE', *, *, #3587, .F. ) ;
#8410 = LINE ( 'NONE', #10235, #12610 ) ;
#8411 = LINE ( 'NONE', #2392, #3282 ) ;
#8412 = AXIS2_PLACEMENT_3D ( 'NONE', #9939, #11984, #8898 ) ;
#8413 = ORIENTED_EDGE ( 'NONE', *, *, #4212, .T. ) ;
#8414 = CARTESIAN_POINT ( 'NONE',  ( 0.000000000000000000, 8.599999999999999645, 10.07500000000000462 ) ) ;
#8415 = CARTESIAN_POINT ( 'NONE',  ( -9.139999999999998792, 0.000000000000000000, -15.49999999999999645 ) ) ;
#8416 = VECTOR ( 'NONE', #6398, 1000.000000000000000 ) ;
#8417 = CARTESIAN_POINT ( 'NONE',  ( 0.000000000000000000, -2.399999999999999467, 0.000000000000000000 ) ) ;
#8418 = ORIENTED_EDGE ( 'NONE', *, *, #9656, .F. ) ;
#8419 = FACE_BOUND ( 'NONE', #12233, .T. ) ;
#8420 = ORIENTED_EDGE ( 'NONE', *, *, #8499, .T. ) ;
#8421 = FACE_BOUND ( 'NONE', #10205, .T. ) ;
#8422 = CARTESIAN_POINT ( 'NONE',  ( -3.159999999999999698, 0.000000000000000000, -15.49999999999999645 ) ) ;
#8423 = VERTEX_POINT ( 'NONE', #3342 ) ;
#8424 = EDGE_CURVE ( 'NONE', #11025, #6980, #12310, .T. ) ;
#8425 = SURFACE_SIDE_STYLE ('',( #4239 ) ) ;
#8426 = CARTESIAN_POINT ( 'NONE',  ( -33.91923881554251352, -16.60000000000000497, 10.54791847198287691 ) ) ;
#8427 = DIRECTION ( 'NONE',  ( 0.000000000000000000, 1.000000000000000000, 0.000000000000000000 ) ) ;
#8428 = VERTEX_POINT ( 'NONE', #262 ) ;
#8429 = EDGE_CURVE ( 'NONE', #10374, #11666, #4393, .T. ) ;
#8430 = ORIENTED_EDGE ( 'NONE', *, *, #2975, .F. ) ;
#8431 = CARTESIAN_POINT ( 'NONE',  ( -4.960000000000037268, 0.000000000000000000, -9.131584377541916332E-14 ) ) ;
#8432 = LINE ( 'NONE', #1560, #6803 ) ;
#8433 = ORIENTED_EDGE ( 'NONE', *, *, #630, .T. ) ;
#8434 = ORIENTED_EDGE ( 'NONE', *, *, #6495, .T. ) ;
#8435 = DIRECTION ( 'NONE',  ( 2.775557561562888984E-15, 0.000000000000000000, -1.000000000000000000 ) ) ;
#8436 = CARTESIAN_POINT ( 'NONE',  ( -11.67999999999999972, 1.600000000000000089, -14.99999999999999822 ) ) ;
#8437 = ORIENTED_EDGE ( 'NONE', *, *, #3581, .F. ) ;
#8438 = CARTESIAN_POINT ( 'NONE',  ( 35.14999999999999858, 8.252466668475181066, -11.66070852858864626 ) ) ;
#8439 = ADVANCED_FACE ( 'NONE', ( #7185 ), #7247, .T. ) ;
#8440 = DIRECTION ( 'NONE',  ( 0.000000000000000000, 1.000000000000000000, -0.000000000000000000 ) ) ;
#8441 = DIRECTION ( 'NONE',  ( 0.000000000000000000, 1.000000000000000000, -0.000000000000000000 ) ) ;
#8442 =( GEOMETRIC_REPRESENTATION_CONTEXT ( 3 ) GLOBAL_UNCERTAINTY_ASSIGNED_CONTEXT ( ( #5230 ) ) GLOBAL_UNIT_ASSIGNED_CONTEXT ( ( #10491, #985, #11784 ) ) REPRESENTATION_CONTEXT ( 'NONE', 'WORKASPACE' ) );
#8443 = LINE ( 'NONE', #1516, #9404 ) ;
#8444 = ORIENTED_EDGE ( 'NONE', *, *, #10928, .T. ) ;
#8445 = CARTESIAN_POINT ( 'NONE',  ( -33.64999999999999858, 8.500000000000000000, -9.625000000000003553 ) ) ;
#8446 =( NAMED_UNIT ( * ) PLANE_ANGLE_UNIT ( ) SI_UNIT ( $, .RADIAN. ) );
#8447 = ORIENTED_EDGE ( 'NONE', *, *, #9799, .T. ) ;
#8448 = EDGE_CURVE ( 'NONE', #10182, #7092, #5101, .T. ) ;
#8449 = DIRECTION ( 'NONE',  ( -0.7071067811865562325, 0.000000000000000000, 0.7071067811865389130 ) ) ;
#8450 = LINE ( 'NONE', #11277, #9968 ) ;
#8451 = B_SPLINE_CURVE_WITH_KNOTS ( 'NONE', 3,
 ( #8240, #8382, #7184, #11177, #10329, #396 ),
 .UNSPECIFIED., .F., .F.,
 ( 4, 2, 4 ),
 ( 0.000000000000000000, 0.0001829148252455392262, 0.0003658296504910784524 ),
 .UNSPECIFIED. ) ;
#8452 = ORIENTED_EDGE ( 'NONE', *, *, #6192, .T. ) ;
#8453 = EDGE_CURVE ( 'NONE', #369, #11507, #6610, .T. ) ;
#8454 = LINE ( 'NONE', #3480, #3743 ) ;
#8455 = EDGE_CURVE ( 'NONE', #11955, #4800, #12239, .T. ) ;
#8456 = DIRECTION ( 'NONE',  ( -0.000000000000000000, 1.000000000000000000, -0.000000000000000000 ) ) ;
#8457 = CARTESIAN_POINT ( 'NONE',  ( -30.36000000000003851, 1.600000000000000089, -9.131584377541916332E-14 ) ) ;
#8458 = ORIENTED_EDGE ( 'NONE', *, *, #4903, .T. ) ;
#8459 = SURFACE_SIDE_STYLE ('',( #8526 ) ) ;
#8460 = ORIENTED_EDGE ( 'NONE', *, *, #5188, .T. ) ;
#8461 = ORIENTED_EDGE ( 'NONE', *, *, #7228, .T. ) ;
#8462 = DIRECTION ( 'NONE',  ( 0.000000000000000000, 1.000000000000000000, 0.000000000000000000 ) ) ;
#8463 = DIRECTION ( 'NONE',  ( 0.000000000000000000, 0.000000000000000000, -1.000000000000000000 ) ) ;
#8464 = ORIENTED_EDGE ( 'NONE', *, *, #724, .T. ) ;
#8465 = DIRECTION ( 'NONE',  ( 0.000000000000000000, 1.000000000000000000, 0.000000000000000000 ) ) ;
#8466 = CARTESIAN_POINT ( 'NONE',  ( -25.27999999999999758, 0.000000000000000000, -15.49999999999999645 ) ) ;
#8467 = ORIENTED_EDGE ( 'NONE', *, *, #6177, .T. ) ;
#8468 = CARTESIAN_POINT ( 'NONE',  ( 37.70000000000032969, 0.000000000000000000, 14.30000000000000249 ) ) ;
#8469 = ADVANCED_FACE ( 'NONE', ( #5299 ), #7525, .T. ) ;
#8470 = CARTESIAN_POINT ( 'NONE',  ( -16.76000000000000156, 0.000000000000000000, -14.59999999999999787 ) ) ;
#8471 = LINE ( 'NONE', #11360, #11654 ) ;
#8472 = CARTESIAN_POINT ( 'NONE',  ( -2.420000000000040341, 0.000000000000000000, -9.131584377541916332E-14 ) ) ;
#8473 = ORIENTED_EDGE ( 'NONE', *, *, #10695, .T. ) ;
#8474 = CARTESIAN_POINT ( 'NONE',  ( 35.14999999999999858, 8.252863496846110536, -11.66046483157790092 ) ) ;
#8475 = ORIENTED_EDGE ( 'NONE', *, *, #1257, .F. ) ;
#8476 = CARTESIAN_POINT ( 'NONE',  ( 35.35000000000000853, 5.700000000000046363, -4.250000000000000000 ) ) ;
#8477 = FACE_OUTER_BOUND ( 'NONE', #12264, .T. ) ;
#8478 = EDGE_LOOP ( 'NONE', ( #10343, #9621, #219, #6608 ) ) ;
#8479 = FILL_AREA_STYLE_COLOUR ( '', #2020 ) ;
#8480 = DIRECTION ( 'NONE',  ( 2.775557561562888984E-15, 0.000000000000000000, -1.000000000000000000 ) ) ;
#8481 = FILL_AREA_STYLE ('',( #2544 ) ) ;
#8482 = DIRECTION ( 'NONE',  ( 0.000000000000000000, 1.000000000000000000, 0.000000000000000000 ) ) ;
#8483 = CIRCLE ( 'NONE', #4514, 1.399999999999995026 ) ;
#8484 = VERTEX_POINT ( 'NONE', #1511 ) ;
#8485 = EDGE_CURVE ( 'NONE', #12212, #7941, #8301, .T. ) ;
#8486 = ORIENTED_EDGE ( 'NONE', *, *, #2457, .F. ) ;
#8487 = VECTOR ( 'NONE', #4591, 1000.000000000000000 ) ;
#8488 = DIRECTION ( 'NONE',  ( -0.000000000000000000, 1.000000000000000000, -0.000000000000000000 ) ) ;
#8489 = DIRECTION ( 'NONE',  ( 2.775557561562888984E-15, 0.000000000000000000, -1.000000000000000000 ) ) ;
#8490 = ORIENTED_EDGE ( 'NONE', *, *, #11786, .T. ) ;
#8491 = VERTEX_POINT ( 'NONE', #1628 ) ;
#8492 = LINE ( 'NONE', #1697, #6924 ) ;
#8493 = AXIS2_PLACEMENT_3D ( 'NONE', #2259, #9261, #7365 ) ;
#8494 = LINE ( 'NONE', #2670, #1198 ) ;
#8495 = ORIENTED_EDGE ( 'NONE', *, *, #12373, .F. ) ;
#8496 = CARTESIAN_POINT ( 'NONE',  ( -6.599999999999997868, 1.600000000000000089, -15.49999999999999645 ) ) ;
#8497 = DIRECTION ( 'NONE',  ( 2.775557561562888984E-15, 0.000000000000000000, -1.000000000000000000 ) ) ;
#8498 = AXIS2_PLACEMENT_3D ( 'NONE', #7223, #307, #12157 ) ;
#8499 = EDGE_CURVE ( 'NONE', #542, #10740, #467, .T. ) ;
#8500 = CIRCLE ( 'NONE', #7657, 0.8999999999999980238 ) ;
#8501 = FACE_OUTER_BOUND ( 'NONE', #11867, .T. ) ;
#8502 = VECTOR ( 'NONE', #7110, 1000.000000000000000 ) ;
#8503 = ORIENTED_EDGE ( 'NONE', *, *, #6767, .T. ) ;
#8504 = DIRECTION ( 'NONE',  ( 0.000000000000000000, 0.000000000000000000, 1.000000000000000000 ) ) ;
#8505 = CLOSED_SHELL ( 'NONE', ( #1918, #11543, #176, #7086 ) ) ;
#8506 = DIRECTION ( 'NONE',  ( 0.000000000000000000, 1.000000000000000000, 0.000000000000000000 ) ) ;
#8507 = VERTEX_POINT ( 'NONE', #8436 ) ;
#8508 = CARTESIAN_POINT ( 'NONE',  ( -33.64999999999999858, 8.599999999999999645, 10.07500000000000462 ) ) ;
#8509 = EDGE_CURVE ( 'NONE', #9509, #984, #10392, .T. ) ;
#8510 = LINE ( 'NONE', #7598, #8738 ) ;
#8511 = ORIENTED_EDGE ( 'NONE', *, *, #402, .T. ) ;
#8512 = VECTOR ( 'NONE', #7828, 1000.000000000000000 ) ;
#8513 = FACE_OUTER_BOUND ( 'NONE', #3199, .T. ) ;
#8514 = AXIS2_PLACEMENT_3D ( 'NONE', #10704, #10832, #8865 ) ;
#8515 = ADVANCED_FACE ( 'NONE', ( #6652, #8628 ), #5680, .T. ) ;
#8516 = CIRCLE ( 'NONE', #11656, 0.8999999999999980238 ) ;
#8517 = CARTESIAN_POINT ( 'NONE',  ( -21.83999999999999986, -6.222539674441619262, -15.99999999999999645 ) ) ;
#8518 = VECTOR ( 'NONE', #210, 1000.000000000000000 ) ;
#8519 = ADVANCED_FACE ( 'NONE', ( #10581 ), #12619, .T. ) ;
#8520 = CARTESIAN_POINT ( 'NONE',  ( -1.520000000000000462, 1.600000000000000089, -15.99999999999999645 ) ) ;
#8521 = DIRECTION ( 'NONE',  ( -0.000000000000000000, -1.000000000000000000, 0.000000000000000000 ) ) ;
#8522 = AXIS2_PLACEMENT_3D ( 'NONE', #9433, #10412, #7341 ) ;
#8523 = ADVANCED_FACE ( 'NONE', ( #1564 ), #9600, .T. ) ;
#8524 = CIRCLE ( 'NONE', #5802, 2.199999999999998845 ) ;
#8525 = ORIENTED_EDGE ( 'NONE', *, *, #3268, .T. ) ;
#8526 = SURFACE_STYLE_FILL_AREA ( #4475 ) ;
#8527 = ORIENTED_EDGE ( 'NONE', *, *, #12810, .T. ) ;
#8528 = EDGE_LOOP ( 'NONE', ( #4037, #938, #1199, #11518 ) ) ;
#8529 = CARTESIAN_POINT ( 'NONE',  ( -29.46000000000000085, -6.222539674441619262, -14.99999999999999822 ) ) ;
#8530 = FACE_OUTER_BOUND ( 'NONE', #5081, .T. ) ;
#8531 = EDGE_LOOP ( 'NONE', ( #4781, #5964, #3295, #8252 ) ) ;
#8532 = VECTOR ( 'NONE', #5470, 1000.000000000000000 ) ;
#8533 = CARTESIAN_POINT ( 'NONE',  ( 37.70000000000000284, 0.000000000000000000, -15.69999999999999929 ) ) ;
#8534 = VECTOR ( 'NONE', #9946, 1000.000000000000000 ) ;
#8535 = DIRECTION ( 'NONE',  ( 2.775557561562888984E-15, 0.000000000000000000, -1.000000000000000000 ) ) ;
#8536 = VERTEX_POINT ( 'NONE', #5550 ) ;
#8537 = CARTESIAN_POINT ( 'NONE',  ( -35.00193619753726892, 8.397979999999996892, 11.53222023238931371 ) ) ;
#8538 = AXIS2_PLACEMENT_3D ( 'NONE', #12068, #3031, #159 ) ;
#8539 = CIRCLE ( 'NONE', #2881, 0.8999999999999980238 ) ;
#8540 = CARTESIAN_POINT ( 'NONE',  ( 34.06066017177984406, 0.000000000000000000, 10.54791847198286980 ) ) ;
#8541 = PLANE ( 'NONE',  #7500 ) ;
#8542 = VECTOR ( 'NONE', #9887, 1000.000000000000000 ) ;
#8543 = ORIENTED_EDGE ( 'NONE', *, *, #2592, .T. ) ;
#8544 = CARTESIAN_POINT ( 'NONE',  ( 35.12845174216928967, 8.304477179455734159, -11.62858792438693278 ) ) ;
#8545 = AXIS2_PLACEMENT_3D ( 'NONE', #6226, #7268, #11280 ) ;
#8546 = AXIS2_PLACEMENT_3D ( 'NONE', #3687, #4016, #11083 ) ;
#8547 = EDGE_LOOP ( 'NONE', ( #4648, #2775, #4813, #5486 ) ) ;
#8548 = EDGE_CURVE ( 'NONE', #1856, #11733, #709, .T. ) ;
#8549 = CARTESIAN_POINT ( 'NONE',  ( 33.64999999999999858, 8.599999999999999645, -9.075000000000002842 ) ) ;
#8550 = DIRECTION ( 'NONE',  ( 2.775557561562888984E-15, 0.000000000000000000, -1.000000000000000000 ) ) ;
#8551 = VERTEX_POINT ( 'NONE', #9524 ) ;
#8552 = ADVANCED_FACE ( 'NONE', ( #11526 ), #4574, .T. ) ;
#8553 = VECTOR ( 'NONE', #6928, 1000.000000000000000 ) ;
#8554 = CARTESIAN_POINT ( 'NONE',  ( -35.01430964406270618, 8.558675215251147605, -11.70983863682283932 ) ) ;
#8555 = CARTESIAN_POINT ( 'NONE',  ( 0.1200000000000020495, 0.000000000000000000, -15.49999999999999645 ) ) ;
#8556 = CIRCLE ( 'NONE', #10630, 2.199999999999998845 ) ;
#8557 = CARTESIAN_POINT ( 'NONE',  ( -35.14292893218813418, 8.200000000000001066, -11.90000000000000036 ) ) ;
#8558 = AXIS2_PLACEMENT_3D ( 'NONE', #12640, #1721, #4533 ) ;
#8559 = LINE ( 'NONE', #11514, #9531 ) ;
#8560 = ORIENTED_EDGE ( 'NONE', *, *, #533, .T. ) ;
#8561 = ORIENTED_EDGE ( 'NONE', *, *, #11517, .T. ) ;
#8562 = AXIS2_PLACEMENT_3D ( 'NONE', #10338, #5368, #9356 ) ;
#8563 = DIRECTION ( 'NONE',  ( 0.000000000000000000, 1.000000000000000000, -0.000000000000000000 ) ) ;
#8565 = EDGE_LOOP ( 'NONE', ( #9330, #4466, #1440, #1147 ) ) ;
#8564 = VECTOR ( 'NONE', #12813, 1000.000000000000000 ) ;
#8566 = ORIENTED_EDGE ( 'NONE', *, *, #1731, .T. ) ;
#8567 = DIRECTION ( 'NONE',  ( 0.000000000000000000, 0.000000000000000000, 1.000000000000000000 ) ) ;
#8568 = DIRECTION ( 'NONE',  ( 1.000000000000000000, -0.000000000000000000, 0.000000000000000000 ) ) ;
#8569 = ORIENTED_EDGE ( 'NONE', *, *, #7241, .F. ) ;
#8570 = VECTOR ( 'NONE', #1881, 1000.000000000000000 ) ;
#8571 = DIRECTION ( 'NONE',  ( 0.000000000000000000, 0.000000000000000000, -1.000000000000000000 ) ) ;
#8572 = DIRECTION ( 'NONE',  ( 0.000000000000000000, 1.000000000000000000, -0.000000000000000000 ) ) ;
#8573 = VECTOR ( 'NONE', #11309, 1000.000000000000000 ) ;
#8574 = DIRECTION ( 'NONE',  ( -0.000000000000000000, 1.000000000000000000, -0.000000000000000000 ) ) ;
#8575 = ORIENTED_EDGE ( 'NONE', *, *, #8668, .F. ) ;
#8576 = CARTESIAN_POINT ( 'NONE',  ( -20.19999999999999574, 1.600000000000000089, -15.49999999999999645 ) ) ;
#8577 = CARTESIAN_POINT ( 'NONE',  ( 33.80000000000000426, 8.400000000000000355, -7.249999999999996447 ) ) ;
#8578 = ORIENTED_EDGE ( 'NONE', *, *, #8455, .T. ) ;
#8579 = LINE ( 'NONE', #1763, #8487 ) ;
#8580 = EDGE_CURVE ( 'NONE', #9509, #3338, #1698, .T. ) ;
#8581 = DIRECTION ( 'NONE',  ( 0.000000000000000000, 0.000000000000000000, -1.000000000000000000 ) ) ;
#8582 = DIRECTION ( 'NONE',  ( 1.000000000000000000, -0.000000000000000000, 0.000000000000000000 ) ) ;
#8583 = CIRCLE ( 'NONE', #7741, 0.8999999999999980238 ) ;
#8584 = CARTESIAN_POINT ( 'NONE',  ( -40.00000000000000000, 0.000000000000000000, -18.00000000000000000 ) ) ;
#8585 = EDGE_CURVE ( 'NONE', #11274, #5011, #650, .T. ) ;
#8586 = LINE ( 'NONE', #6548, #10603 ) ;
#8587 = DIRECTION ( 'NONE',  ( 1.000000000000000000, 0.000000000000000000, 2.775557561562888984E-15 ) ) ;
#8588 = EDGE_CURVE ( 'NONE', #4854, #4934, #8494, .T. ) ;
#8589 = VERTEX_POINT ( 'NONE', #6532 ) ;
#8590 = FACE_OUTER_BOUND ( 'NONE', #5982, .T. ) ;
#8591 = EDGE_LOOP ( 'NONE', ( #6522, #5577, #12804, #12301 ) ) ;
#8592 = VERTEX_POINT ( 'NONE', #6480 ) ;
#8593 = DIRECTION ( 'NONE',  ( 0.000000000000000000, 0.000000000000000000, 1.000000000000000000 ) ) ;
#8594 = CARTESIAN_POINT ( 'NONE',  ( 34.80000000000000426, 7.399999999999999467, 6.250000000000006217 ) ) ;
#8595 = VERTEX_POINT ( 'NONE', #2609 ) ;
#8596 = CARTESIAN_POINT ( 'NONE',  ( 40.00000000000002132, 6.200000000000034817, 3.749999999999999556 ) ) ;
#8597 = CARTESIAN_POINT ( 'NONE',  ( -29.46000000000000085, 1.600000000000000089, -15.49999999999999645 ) ) ;
#8598 = ORIENTED_EDGE ( 'NONE', *, *, #6427, .F. ) ;
#8599 = CIRCLE ( 'NONE', #2948, 0.5000000000000004441 ) ;
#8600 = PLANE ( 'NONE',  #5807 ) ;
#8601 = ADVANCED_FACE ( 'NONE', ( #12498, #4695 ), #11706, .T. ) ;
#8602 = DIRECTION ( 'NONE',  ( 0.000000000000000000, 0.000000000000000000, 1.000000000000000000 ) ) ;
#8603 = DIRECTION ( 'NONE',  ( 0.000000000000000000, 1.000000000000000000, 0.000000000000000000 ) ) ;
#8604 = ORIENTED_EDGE ( 'NONE', *, *, #11505, .T. ) ;
#8605 = PLANE ( 'NONE',  #12745 ) ;
#8606 = ORIENTED_EDGE ( 'NONE', *, *, #8288, .F. ) ;
#8607 = DIRECTION ( 'NONE',  ( 0.000000000000000000, 1.000000000000000000, 0.000000000000000000 ) ) ;
#8608 = DIRECTION ( 'NONE',  ( 0.000000000000000000, 0.000000000000000000, 1.000000000000000000 ) ) ;
#8609 = EDGE_CURVE ( 'NONE', #7149, #12283, #9342, .T. ) ;
#8610 = ORIENTED_EDGE ( 'NONE', *, *, #11238, .T. ) ;
#8611 = CIRCLE ( 'NONE', #2964, 0.5000000000000004441 ) ;
#8612 = DIRECTION ( 'NONE',  ( 0.000000000000000000, 1.000000000000000000, -0.000000000000000000 ) ) ;
#8613 = FILL_AREA_STYLE_COLOUR ( '', #6878 ) ;
#8614 = ADVANCED_FACE ( 'NONE', ( #11579 ), #12211, .T. ) ;
#8615 = DIRECTION ( 'NONE',  ( 0.000000000000000000, 0.000000000000000000, 1.000000000000000000 ) ) ;
#8616 = LINE ( 'NONE', #10760, #4786 ) ;
#8617 = EDGE_CURVE ( 'NONE', #2113, #5913, #10849, .T. ) ;
#8618 = LINE ( 'NONE', #2729, #11430 ) ;
#8619 = VECTOR ( 'NONE', #9482, 1000.000000000000000 ) ;
#8620 = ORIENTED_EDGE ( 'NONE', *, *, #7850, .F. ) ;
#8621 = DIRECTION ( 'NONE',  ( -0.000000000000000000, 1.000000000000000000, -0.000000000000000000 ) ) ;
#8622 = EDGE_LOOP ( 'NONE', ( #1878, #10472, #1300, #5200 ) ) ;
#8623 = LINE ( 'NONE', #10842, #11377 ) ;
#8624 = LINE ( 'NONE', #11818, #12476 ) ;
#8625 = CARTESIAN_POINT ( 'NONE',  ( -32.90000000000004121, 0.000000000000000000, -9.131584377541916332E-14 ) ) ;
#8626 = VERTEX_POINT ( 'NONE', #9854 ) ;
#8627 = DIRECTION ( 'NONE',  ( -1.000000000000000000, 0.000000000000000000, 2.566158988131371759E-17 ) ) ;
#8628 = FACE_OUTER_BOUND ( 'NONE', #5666, .T. ) ;
#8629 = FACE_OUTER_BOUND ( 'NONE', #9054, .T. ) ;
#8630 = DIRECTION ( 'NONE',  ( 0.000000000000000000, 0.000000000000000000, 1.000000000000000000 ) ) ;
#8631 = CARTESIAN_POINT ( 'NONE',  ( -4.059999999999997833, -6.222539674441619262, -15.49999999999999645 ) ) ;
#8632 = CIRCLE ( 'NONE', #315, 2.200000000000000622 ) ;
#8633 = VERTEX_POINT ( 'NONE', #1208 ) ;
#8634 = FACE_OUTER_BOUND ( 'NONE', #4621, .T. ) ;
#8635 = LINE ( 'NONE', #3664, #10180 ) ;
#8636 = VERTEX_POINT ( 'NONE', #765 ) ;
#8637 = CARTESIAN_POINT ( 'NONE',  ( -34.10000000000000142, 8.599999999999999645, 9.625000000000003553 ) ) ;
#8638 = AXIS2_PLACEMENT_3D ( 'NONE', #1068, #9040, #81 ) ;
#8639 = DIRECTION ( 'NONE',  ( 0.000000000000000000, 1.000000000000000000, -0.000000000000000000 ) ) ;
#8640 = EDGE_CURVE ( 'NONE', #7794, #8636, #10769, .T. ) ;
#8641 = DIRECTION ( 'NONE',  ( 0.000000000000000000, 1.000000000000000000, -0.000000000000000000 ) ) ;
#8642 = CARTESIAN_POINT ( 'NONE',  ( -9.139999999999998792, 1.600000000000000089, -15.99999999999999645 ) ) ;
#8643 = SURFACE_STYLE_USAGE ( .BOTH. , #5642 ) ;
#8644 = EDGE_CURVE ( 'NONE', #7429, #7259, #7242, .T. ) ;
#8645 = ORIENTED_EDGE ( 'NONE', *, *, #11242, .T. ) ;
#8646 = ORIENTED_EDGE ( 'NONE', *, *, #310, .T. ) ;
#8647 = ORIENTED_EDGE ( 'NONE', *, *, #12890, .F. ) ;
#8648 = CARTESIAN_POINT ( 'NONE',  ( 5.200000000000002842, 1.600000000000000089, -15.49999999999999645 ) ) ;
#8649 = DIRECTION ( 'NONE',  ( -0.000000000000000000, 1.000000000000000000, -0.000000000000000000 ) ) ;
#8650 = VERTEX_POINT ( 'NONE', #1146 ) ;
#8651 = CARTESIAN_POINT ( 'NONE',  ( -34.79999999999999005, 6.899999999999999467, -6.249999999999994671 ) ) ;
#8652 = CARTESIAN_POINT ( 'NONE',  ( -37.69999999999967599, -6.222539674441619262, 14.30000000000000249 ) ) ;
#8653 = ORIENTED_EDGE ( 'NONE', *, *, #1770, .T. ) ;
#8654 = CARTESIAN_POINT ( 'NONE',  ( -35.05498854351900206, 8.599999999999997868, 11.53223735510389325 ) ) ;
#8655 = EDGE_CURVE ( 'NONE', #6755, #2819, #4758, .T. ) ;
#8656 = LINE ( 'NONE', #5655, #9761 ) ;
#8657 = AXIS2_PLACEMENT_3D ( 'NONE', #872, #1778, #9749 ) ;
#8658 = CARTESIAN_POINT ( 'NONE',  ( -30.36000000000003851, 0.000000000000000000, -9.131584377541916332E-14 ) ) ;
#8659 = ORIENTED_EDGE ( 'NONE', *, *, #5131, .F. ) ;
#8660 = DIRECTION ( 'NONE',  ( 0.000000000000000000, -1.000000000000000000, 0.000000000000000000 ) ) ;
#8661 = ORIENTED_EDGE ( 'NONE', *, *, #11573, .F. ) ;
#8662 = ORIENTED_EDGE ( 'NONE', *, *, #1028, .T. ) ;
#8663 = DIRECTION ( 'NONE',  ( 0.000000000000000000, 1.000000000000000000, 0.000000000000000000 ) ) ;
#8664 = DIRECTION ( 'NONE',  ( 0.000000000000000000, 0.000000000000000000, 1.000000000000000000 ) ) ;
#8665 = ORIENTED_EDGE ( 'NONE', *, *, #6025, .F. ) ;
#8666 = CARTESIAN_POINT ( 'NONE',  ( -34.94999999999999574, 8.397980000000000445, -11.50000000000000000 ) ) ;
#8667 = PLANE ( 'NONE',  #2078 ) ;
#8668 = EDGE_CURVE ( 'NONE', #4361, #7227, #5387, .T. ) ;
#8669 = FACE_OUTER_BOUND ( 'NONE', #7922, .T. ) ;
#8670 = DIRECTION ( 'NONE',  ( 0.000000000000000000, 0.000000000000000000, -1.000000000000000000 ) ) ;
#8671 = DIRECTION ( 'NONE',  ( 0.000000000000000000, 1.000000000000000000, 0.000000000000000000 ) ) ;
#8672 = VERTEX_POINT ( 'NONE', #9198 ) ;
#8673 = EDGE_CURVE ( 'NONE', #3607, #5915, #4836, .T. ) ;
#8674 = CARTESIAN_POINT ( 'NONE',  ( 31.86862915010155106, -16.60000000000000497, -12.73994949366116991 ) ) ;
#8675 = EDGE_LOOP ( 'NONE', ( #1092, #7012 ) ) ;
#8676 = EDGE_CURVE ( 'NONE', #12212, #7501, #9715, .T. ) ;
#8677 = CARTESIAN_POINT ( 'NONE',  ( -2.419999999999998597, 1.600000000000000089, -18.00000000000000000 ) ) ;
#8678 = EDGE_CURVE ( 'NONE', #616, #9944, #3789, .T. ) ;
#8679 = DIRECTION ( 'NONE',  ( 0.000000000000000000, 0.000000000000000000, 1.000000000000000000 ) ) ;
#8680 = CARTESIAN_POINT ( 'NONE',  ( -37.70000000000000284, 0.000000000000000000, -15.69999999999999929 ) ) ;
#8681 = EDGE_LOOP ( 'NONE', ( #9257, #5580, #9088, #11382 ) ) ;
#8682 = FACE_BOUND ( 'NONE', #2337, .T. ) ;
#8683 = DIRECTION ( 'NONE',  ( 1.000000000000000000, -0.000000000000000000, 2.775557561562888984E-15 ) ) ;
#8684 = CARTESIAN_POINT ( 'NONE',  ( 34.13137084989850223, -2.399999999999999467, -10.76005050633884075 ) ) ;
#8685 = CARTESIAN_POINT ( 'NONE',  ( -35.35000000000000853, 6.200000000000242650, -4.250000000000000000 ) ) ;
#8686 = VECTOR ( 'NONE', #5939, 1000.000000000000000 ) ;
#8687 = CARTESIAN_POINT ( 'NONE',  ( -8.240000000000000213, 1.600000000000000089, -15.49999999999999645 ) ) ;
#8688 = DIRECTION ( 'NONE',  ( 1.000000000000000000, 0.000000000000000000, 0.000000000000000000 ) ) ;
#8689 = VECTOR ( 'NONE', #2396, 1000.000000000000000 ) ;
#8690 = ORIENTED_EDGE ( 'NONE', *, *, #5886, .T. ) ;
#8691 = COLOUR_RGB ( '',0.2509803921568627416, 0.2509803921568627416, 0.2509803921568627416 ) ;
#8692 = EDGE_CURVE ( 'NONE', #9441, #3122, #2121, .T. ) ;
#8693 = LINE ( 'NONE', #11462, #9241 ) ;
#8694 = VERTEX_POINT ( 'NONE', #8214 ) ;
#8695 = CARTESIAN_POINT ( 'NONE',  ( -27.82000000000003936, 0.000000000000000000, -9.131584377541916332E-14 ) ) ;
#8696 = AXIS2_PLACEMENT_3D ( 'NONE', #11755, #9970, #4746 ) ;
#8697 = CARTESIAN_POINT ( 'NONE',  ( -9.139999999999998792, 1.600000000000000089, -15.49999999999999645 ) ) ;
#8698 = ADVANCED_FACE ( 'NONE', ( #8872 ), #2180, .T. ) ;
#8699 = FACE_OUTER_BOUND ( 'NONE', #12637, .T. ) ;
#8700 = LINE ( 'NONE', #8414, #4943 ) ;
#8701 = CIRCLE ( 'NONE', #3690, 0.2000000000000005107 ) ;
#8702 = AXIS2_PLACEMENT_3D ( 'NONE', #4297, #7307, #2403 ) ;
#8703 = DIRECTION ( 'NONE',  ( 0.000000000000000000, 0.000000000000000000, 1.000000000000000000 ) ) ;
#8704 = VERTEX_POINT ( 'NONE', #3909 ) ;
#8705 = CARTESIAN_POINT ( 'NONE',  ( -34.95000000000001705, 8.199999999999999289, 11.50000000000002487 ) ) ;
#8706 = AXIS2_PLACEMENT_3D ( 'NONE', #3288, #1331, #9047 ) ;
#8707 = ORIENTED_EDGE ( 'NONE', *, *, #9451, .F. ) ;
#8708 = DIRECTION ( 'NONE',  ( 0.000000000000000000, 0.000000000000000000, -1.000000000000000000 ) ) ;
#8709 = VERTEX_POINT ( 'NONE', #2793 ) ;
#8710 = ORIENTED_EDGE ( 'NONE', *, *, #1539, .F. ) ;
#8711 = FACE_OUTER_BOUND ( 'NONE', #4480, .T. ) ;
#8712 = VECTOR ( 'NONE', #6506, 1000.000000000000000 ) ;
#8713 = CARTESIAN_POINT ( 'NONE',  ( -19.29999999999999716, 0.000000000000000000, -14.59999999999999787 ) ) ;
#8714 = ORIENTED_EDGE ( 'NONE', *, *, #2003, .T. ) ;
#8715 = CYLINDRICAL_SURFACE ( 'NONE', #10449, 0.8999999999999980238 ) ;
#8716 = ADVANCED_FACE ( 'NONE', ( #8817 ), #6115, .F. ) ;
#8717 = DIRECTION ( 'NONE',  ( 0.000000000000000000, 0.000000000000000000, 1.000000000000000000 ) ) ;
#8718 = EDGE_LOOP ( 'NONE', ( #11816, #12045 ) ) ;
#8719 = DIRECTION ( 'NONE',  ( -0.7071067811865439090, 0.000000000000000000, 0.7071067811865512365 ) ) ;
#8720 = PRESENTATION_LAYER_ASSIGNMENT (  '', '', ( #2250 ) ) ;
#8721 = VECTOR ( 'NONE', #12022, 1000.000000000000000 ) ;
#8722 = DIRECTION ( 'NONE',  ( 0.000000000000000000, 1.000000000000000000, -0.000000000000000000 ) ) ;
#8723 = AXIS2_PLACEMENT_3D ( 'NONE', #12047, #6028, #12913 ) ;
#8724 = CARTESIAN_POINT ( 'NONE',  ( -1.520000000000000462, 0.000000000000000000, -15.49999999999999645 ) ) ;
#8725 = AXIS2_PLACEMENT_3D ( 'NONE', #4802, #5579, #804 ) ;
#8726 = CARTESIAN_POINT ( 'NONE',  ( -4.059999999999997833, -6.222539674441619262, -14.99999999999999822 ) ) ;
#8727 = LINE ( 'NONE', #1008, #11287 ) ;
#8728 = ORIENTED_EDGE ( 'NONE', *, *, #10094, .T. ) ;
#8729 = CIRCLE ( 'NONE', #1652, 1.000000000000000000 ) ;
#8730 = ORIENTED_EDGE ( 'NONE', *, *, #12565, .F. ) ;
#8731 = CIRCLE ( 'NONE', #12703, 0.4999999999999987232 ) ;
#8732 = CARTESIAN_POINT ( 'NONE',  ( -40.00000000000000000, 0.000000000000000000, -18.00000000000000000 ) ) ;
#8733 = AXIS2_PLACEMENT_3D ( 'NONE', #6090, #5111, #8125 ) ;
#8734 = FACE_OUTER_BOUND ( 'NONE', #9294, .T. ) ;
#8735 = ORIENTED_EDGE ( 'NONE', *, *, #897, .T. ) ;
#8736 = PRESENTATION_LAYER_ASSIGNMENT (  '', '', ( #12923 ) ) ;
#8737 = EDGE_CURVE ( 'NONE', #7397, #5596, #11897, .T. ) ;
#8738 = VECTOR ( 'NONE', #12776, 1000.000000000000000 ) ;
#8739 = EDGE_CURVE ( 'NONE', #7680, #232, #9115, .T. ) ;
#8740 = DIRECTION ( 'NONE',  ( 0.000000000000000000, 4.336808689942006692E-15, 1.000000000000000000 ) ) ;
#8741 = DIRECTION ( 'NONE',  ( -5.930678550348046247E-16, 0.000000000000000000, 1.000000000000000000 ) ) ;
#8742 = DIRECTION ( 'NONE',  ( -0.000000000000000000, 1.000000000000000000, -0.000000000000000000 ) ) ;
#8743 = AXIS2_PLACEMENT_3D ( 'NONE', #2315, #12197, #7347 ) ;
#8744 = CIRCLE ( 'NONE', #10200, 0.5000000000000004441 ) ;
#8745 = PLANE ( 'NONE',  #9152 ) ;
#8746 = EDGE_LOOP ( 'NONE', ( #2996, #11289, #1984, #4307, #489, #4488, #4019, #9525 ) ) ;
#8747 = FACE_OUTER_BOUND ( 'NONE', #3041, .T. ) ;
#8748 = CIRCLE ( 'NONE', #8113, 0.2000000000000005107 ) ;
#8749 = CIRCLE ( 'NONE', #12102, 0.4999999999999987232 ) ;
#8750 = ORIENTED_EDGE ( 'NONE', *, *, #701, .T. ) ;
#8751 = EDGE_CURVE ( 'NONE', #3828, #11887, #3846, .T. ) ;
#8752 = LINE ( 'NONE', #11760, #12540 ) ;
#8753 = EDGE_CURVE ( 'NONE', #5777, #3416, #1612, .T. ) ;
#8754 = PLANE ( 'NONE',  #2002 ) ;
#8755 = ORIENTED_EDGE ( 'NONE', *, *, #9805, .F. ) ;
#8756 = VECTOR ( 'NONE', #7435, 1000.000000000000000 ) ;
#8757 = AXIS2_PLACEMENT_3D ( 'NONE', #10006, #8045, #1059 ) ;
#8758 = CARTESIAN_POINT ( 'NONE',  ( 34.95000000000000284, 8.399999999999998579, -11.50000000000000355 ) ) ;
#8759 = CARTESIAN_POINT ( 'NONE',  ( 35.14999999999999858, 8.400000000000000355, 11.69292893218813667 ) ) ;
#8760 = CARTESIAN_POINT ( 'NONE',  ( -7.499999999999996447, 1.600000000000000089, -18.00000000000000000 ) ) ;
#8761 = DIRECTION ( 'NONE',  ( 0.000000000000000000, 0.000000000000000000, 1.000000000000000000 ) ) ;
#8762 = EDGE_CURVE ( 'NONE', #7243, #4083, #3495, .T. ) ;
#8763 = VECTOR ( 'NONE', #3184, 1000.000000000000000 ) ;
#8764 = CARTESIAN_POINT ( 'NONE',  ( -27.81999999999999673, 1.600000000000000089, -18.00000000000000000 ) ) ;
#8765 = ORIENTED_EDGE ( 'NONE', *, *, #5638, .F. ) ;
#8766 = AXIS2_PLACEMENT_3D ( 'NONE', #8291, #9332, #7378 ) ;
#8767 = CARTESIAN_POINT ( 'NONE',  ( -34.79999999999999005, 8.400000000000000355, -6.249999999999994671 ) ) ;
#8768 = CARTESIAN_POINT ( 'NONE',  ( -1.060660171779823413, -2.399999999999999467, 10.68933982822018436 ) ) ;
#8769 = EDGE_CURVE ( 'NONE', #513, #160, #10497, .T. ) ;
#8770 = EDGE_LOOP ( 'NONE', ( #316, #2759, #1078, #1747 ) ) ;
#8771 = VECTOR ( 'NONE', #1363, 1000.000000000000000 ) ;
#8772 = LINE ( 'NONE', #1709, #10780 ) ;
#8773 = CARTESIAN_POINT ( 'NONE',  ( -10.03999999999999737, 1.600000000000000089, -15.49999999999999645 ) ) ;
#8774 = LINE ( 'NONE', #438, #6190 ) ;
#8775 = AXIS2_PLACEMENT_3D ( 'NONE', #11027, #5276, #4524 ) ;
#8776 = ADVANCED_FACE ( 'NONE', ( #1403 ), #12535, .T. ) ;
#8777 = DIRECTION ( 'NONE',  ( 0.000000000000000000, 0.000000000000000000, 1.000000000000000000 ) ) ;
#8778 = COLOUR_RGB ( '',1.000000000000000000, 0.8117647058823529438, 0.5019607843137254832 ) ;
#8779 = ORIENTED_EDGE ( 'NONE', *, *, #1886, .T. ) ;
#8780 = CARTESIAN_POINT ( 'NONE',  ( -26.91999999999999815, 0.000000000000000000, -15.49999999999999645 ) ) ;
#8781 = ADVANCED_FACE ( 'NONE', ( #6370 ), #6245, .T. ) ;
#8782 = ORIENTED_EDGE ( 'NONE', *, *, #2541, .F. ) ;
#8783 = CARTESIAN_POINT ( 'NONE',  ( 34.95000000000000284, 8.599999999999997868, 11.50000000000000178 ) ) ;
#8784 = VERTEX_POINT ( 'NONE', #546 ) ;
#8785 = ORIENTED_EDGE ( 'NONE', *, *, #4903, .F. ) ;
#8786 = FACE_OUTER_BOUND ( 'NONE', #3541, .T. ) ;
#8787 =( LENGTH_UNIT ( ) NAMED_UNIT ( * ) SI_UNIT ( .MILLI., .METRE. ) );
#8788 = ORIENTED_EDGE ( 'NONE', *, *, #8331, .F. ) ;
#8789 = VECTOR ( 'NONE', #7783, 1000.000000000000000 ) ;
#8790 = PLANE ( 'NONE',  #3128 ) ;
#8791 = CARTESIAN_POINT ( 'NONE',  ( -32.00000000000000000, -6.222539674441619262, -15.49999999999999645 ) ) ;
#8792 = VERTEX_POINT ( 'NONE', #9256 ) ;
#8793 = CARTESIAN_POINT ( 'NONE',  ( 0.1200000000000020495, 1.600000000000000089, -15.49999999999999645 ) ) ;
#8794 = DIRECTION ( 'NONE',  ( 0.000000000000000000, 1.000000000000000000, 0.000000000000000000 ) ) ;
#8795 = DIRECTION ( 'NONE',  ( 0.000000000000000000, -1.000000000000000000, 0.000000000000000000 ) ) ;
#8796 = EDGE_LOOP ( 'NONE', ( #8324, #6272, #6514, #7744 ) ) ;
#8797 = DIRECTION ( 'NONE',  ( 0.000000000000000000, 1.000000000000000000, 0.000000000000000000 ) ) ;
#8798 = ORIENTED_EDGE ( 'NONE', *, *, #10260, .T. ) ;
#8799 = ORIENTED_EDGE ( 'NONE', *, *, #9925, .F. ) ;
#8800 = ORIENTED_EDGE ( 'NONE', *, *, #234, .T. ) ;
#8801 = DIRECTION ( 'NONE',  ( 0.000000000000000000, 0.000000000000000000, -1.000000000000000000 ) ) ;
#8802 = CARTESIAN_POINT ( 'NONE',  ( 0.9899494936611643592, -2.399999999999999467, -10.61862915010153863 ) ) ;
#8803 = ORIENTED_EDGE ( 'NONE', *, *, #7972, .T. ) ;
#8804 = VERTEX_POINT ( 'NONE', #11414 ) ;
#8805 = CARTESIAN_POINT ( 'NONE',  ( -26.01999999999999957, 0.000000000000000000, -18.00000000000000000 ) ) ;
#8806 = CARTESIAN_POINT ( 'NONE',  ( -3.159999999999996145, 0.000000000000000000, -18.00000000000000000 ) ) ;
#8807 = CARTESIAN_POINT ( 'NONE',  ( -30.35999999999999943, -6.222539674441619262, -15.49999999999999645 ) ) ;
#8808 = CARTESIAN_POINT ( 'NONE',  ( -35.14999999999999858, 5.700000000000241762, -4.250000000000000000 ) ) ;
#8809 = ORIENTED_EDGE ( 'NONE', *, *, #12488, .T. ) ;
#8810 = CARTESIAN_POINT ( 'NONE',  ( -12.57999999999999119, 0.000000000000000000, -18.00000000000000000 ) ) ;
#8811 = EDGE_CURVE ( 'NONE', #3429, #626, #9498, .T. ) ;
#8812 = ORIENTED_EDGE ( 'NONE', *, *, #11749, .T. ) ;
#8813 = DIRECTION ( 'NONE',  ( 0.000000000000000000, 1.000000000000000000, -0.000000000000000000 ) ) ;
#8814 = EDGE_CURVE ( 'NONE', #12875, #9398, #10302, .T. ) ;
#8815 = PRESENTATION_STYLE_ASSIGNMENT (( #7892 ) ) ;
#8816 = ORIENTED_EDGE ( 'NONE', *, *, #12857, .F. ) ;
#8817 = FACE_OUTER_BOUND ( 'NONE', #2841, .T. ) ;
#8818 = CARTESIAN_POINT ( 'NONE',  ( -34.79999999999999005, 6.899999999999999467, -6.249999999999994671 ) ) ;
#8819 = FACE_BOUND ( 'NONE', #7338, .T. ) ;
#8820 = AXIS2_PLACEMENT_3D ( 'NONE', #7990, #6027, #869 ) ;
#8821 = DIRECTION ( 'NONE',  ( 0.000000000000000000, 0.000000000000000000, 1.000000000000000000 ) ) ;
#8822 = ADVANCED_FACE ( 'NONE', ( #4540 ), #7214, .T. ) ;
#8823 = DIRECTION ( 'NONE',  ( 0.000000000000000000, 0.000000000000000000, 1.000000000000000000 ) ) ;
#8824 = ORIENTED_EDGE ( 'NONE', *, *, #11358, .F. ) ;
#8825 = LINE ( 'NONE', #10777, #5440 ) ;
#8826 = ORIENTED_EDGE ( 'NONE', *, *, #6526, .F. ) ;
#8827 = CARTESIAN_POINT ( 'NONE',  ( -35.11069157708424626, 8.304988543519000288, 11.90000000000000036 ) ) ;
#8828 = DIRECTION ( 'NONE',  ( -0.7071067811865388020, 0.000000000000000000, -0.7071067811865561215 ) ) ;
#8829 = ORIENTED_EDGE ( 'NONE', *, *, #11181, .F. ) ;
#8830 = CARTESIAN_POINT ( 'NONE',  ( -18.39999999999999858, 0.000000000000000000, -18.00000000000000000 ) ) ;
#8831 = CARTESIAN_POINT ( 'NONE',  ( 4.459999999999957332, 0.000000000000000000, -8.631984016460597151E-14 ) ) ;
#8832 = CARTESIAN_POINT ( 'NONE',  ( 33.98994949366120011, 0.000000000000000000, -10.61862915010154396 ) ) ;
#8833 = LINE ( 'NONE', #12634, #1654 ) ;
#8834 = VERTEX_POINT ( 'NONE', #12463 ) ;
#8835 = SURFACE_STYLE_USAGE ( .BOTH. , #4855 ) ;
#8836 = EDGE_CURVE ( 'NONE', #2736, #3960, #8411, .T. ) ;
#8837 = ORIENTED_EDGE ( 'NONE', *, *, #5774, .F. ) ;
#8838 = ADVANCED_FACE ( 'NONE', ( #494 ), #9448, .T. ) ;
#8839 = VERTEX_POINT ( 'NONE', #4482 ) ;
#8840 = EDGE_CURVE ( 'NONE', #1030, #10737, #7484, .T. ) ;
#8841 = EDGE_LOOP ( 'NONE', ( #9725, #8958, #2953, #10143 ) ) ;
#8842 = DIRECTION ( 'NONE',  ( 0.000000000000000000, 1.000000000000000000, -0.000000000000000000 ) ) ;
#8843 = LINE ( 'NONE', #12846, #12696 ) ;
#8844 = VERTEX_POINT ( 'NONE', #12409 ) ;
#8845 = DIRECTION ( 'NONE',  ( 0.000000000000000000, 1.000000000000000000, -0.000000000000000000 ) ) ;
#8846 = DIRECTION ( 'NONE',  ( 0.000000000000000000, 0.000000000000000000, -1.000000000000000000 ) ) ;
#8847 = EDGE_LOOP ( 'NONE', ( #10090, #10708, #2773, #11548, #9788 ) ) ;
#8848 = CARTESIAN_POINT ( 'NONE',  ( 35.35200000000000387, 8.199999999999999289, 11.69292893218813667 ) ) ;
#8849 = DIRECTION ( 'NONE',  ( 0.000000000000000000, 1.000000000000000000, 0.000000000000000000 ) ) ;
#8850 = DIRECTION ( 'NONE',  ( -0.000000000000000000, 1.000000000000000000, -0.000000000000000000 ) ) ;
#8851 = EDGE_LOOP ( 'NONE', ( #12091, #11997, #10766, #3815 ) ) ;
#8852 =( LENGTH_UNIT ( ) NAMED_UNIT ( * ) SI_UNIT ( .MILLI., .METRE. ) );
#8853 = ORIENTED_EDGE ( 'NONE', *, *, #894, .F. ) ;
#8854 = EDGE_LOOP ( 'NONE', ( #2410, #6577, #4714, #6711 ) ) ;
#8855 = ORIENTED_EDGE ( 'NONE', *, *, #4531, .T. ) ;
#8856 = FACE_OUTER_BOUND ( 'NONE', #9895, .T. ) ;
#8857 = DIRECTION ( 'NONE',  ( 0.000000000000000000, 0.000000000000000000, 1.000000000000000000 ) ) ;
#8858 = VERTEX_POINT ( 'NONE', #2526 ) ;
#8859 = EDGE_CURVE ( 'NONE', #3475, #2047, #1412, .T. ) ;
#8860 = ORIENTED_EDGE ( 'NONE', *, *, #10536, .T. ) ;
#8861 = DIRECTION ( 'NONE',  ( -0.000000000000000000, 0.000000000000000000, 1.000000000000000000 ) ) ;
#8862 = CARTESIAN_POINT ( 'NONE',  ( -4.059999999999997833, 0.000000000000000000, -15.49999999999999645 ) ) ;
#8863 = FACE_OUTER_BOUND ( 'NONE', #899, .T. ) ;
#8864 = EDGE_CURVE ( 'NONE', #8428, #299, #8273, .T. ) ;
#8865 = DIRECTION ( 'NONE',  ( 0.000000000000000000, 0.000000000000000000, 1.000000000000000000 ) ) ;
#8866 = DIRECTION ( 'NONE',  ( -0.000000000000000000, 1.000000000000000000, -0.000000000000000000 ) ) ;
#8867 = ORIENTED_EDGE ( 'NONE', *, *, #9462, .F. ) ;
#8868 = CARTESIAN_POINT ( 'NONE',  ( -6.599999999999997868, 0.000000000000000000, -15.49999999999999645 ) ) ;
#8869 = ORIENTED_EDGE ( 'NONE', *, *, #2368, .F. ) ;
#8870 = DIRECTION ( 'NONE',  ( 0.000000000000000000, 1.000000000000000000, 0.000000000000000000 ) ) ;
#8871 = VERTEX_POINT ( 'NONE', #1536 ) ;
#8872 = FACE_OUTER_BOUND ( 'NONE', #4327, .T. ) ;
#8873 = CARTESIAN_POINT ( 'NONE',  ( 35.35000000000000142, 8.199999999999999289, -11.69292893218813667 ) ) ;
#8874 = CARTESIAN_POINT ( 'NONE',  ( 34.95000000000000284, 1.600000000000000089, 11.70000000000002416 ) ) ;
#8875 = EDGE_CURVE ( 'NONE', #10374, #3311, #7361, .T. ) ;
#8876 = DIRECTION ( 'NONE',  ( 0.000000000000000000, 0.000000000000000000, -1.000000000000000000 ) ) ;
#8877 = FACE_OUTER_BOUND ( 'NONE', #5375, .T. ) ;
#8878 = EDGE_CURVE ( 'NONE', #10103, #1200, #7289, .T. ) ;
#8879 = LINE ( 'NONE', #12885, #5797 ) ;
#8880 = VERTEX_POINT ( 'NONE', #2330 ) ;
#8881 = ORIENTED_EDGE ( 'NONE', *, *, #5631, .F. ) ;
#8882 = CARTESIAN_POINT ( 'NONE',  ( -35.14292893218813418, 8.199999999999999289, 11.70000000000000107 ) ) ;
#8883 = CIRCLE ( 'NONE', #4921, 0.5000000000000004441 ) ;
#8884 = CARTESIAN_POINT ( 'NONE',  ( -33.98994949366117879, -2.399999999999999467, -10.61862915010154040 ) ) ;
#8885 = VERTEX_POINT ( 'NONE', #5333 ) ;
#8886 = CARTESIAN_POINT ( 'NONE',  ( -6.599999999999997868, 0.000000000000000000, -15.49999999999999645 ) ) ;
#8887 = CARTESIAN_POINT ( 'NONE',  ( 6.999999999999957367, -6.222539674441619262, -8.631984016460597151E-14 ) ) ;
#8888 = EDGE_CURVE ( 'NONE', #2657, #8212, #1340, .T. ) ;
#8889 = CARTESIAN_POINT ( 'NONE',  ( -26.91999999999999815, 1.600000000000000089, -15.49999999999999645 ) ) ;
#8890 = CARTESIAN_POINT ( 'NONE',  ( 3.560000000000000497, -6.222539674441619262, -15.49999999999999645 ) ) ;
#8891 = VECTOR ( 'NONE', #10306, 1000.000000000000000 ) ;
#8892 = ORIENTED_EDGE ( 'NONE', *, *, #3032, .F. ) ;
#8893 = DIRECTION ( 'NONE',  ( 0.000000000000000000, 1.000000000000000000, 0.000000000000000000 ) ) ;
#8894 = ADVANCED_FACE ( 'NONE', ( #12350 ), #10552, .T. ) ;
#8895 = VERTEX_POINT ( 'NONE', #7670 ) ;
#8896 = ADVANCED_FACE ( 'NONE', ( #3760 ), #10742, .T. ) ;
#8897 = ORIENTED_EDGE ( 'NONE', *, *, #11478, .T. ) ;
#8898 = DIRECTION ( 'NONE',  ( 0.000000000000000000, 0.000000000000000000, 1.000000000000000000 ) ) ;
#8899 = LINE ( 'NONE', #3944, #1422 ) ;
#8900 = ORIENTED_EDGE ( 'NONE', *, *, #6601, .T. ) ;
#8901 = DIRECTION ( 'NONE',  ( 0.000000000000000000, 0.000000000000000000, 1.000000000000000000 ) ) ;
#8902 = CARTESIAN_POINT ( 'NONE',  ( -34.95000000000001705, 8.199999999999999289, 11.50000000000002487 ) ) ;
#8903 = ORIENTED_EDGE ( 'NONE', *, *, #1559, .F. ) ;
#8904 = AXIS2_PLACEMENT_3D ( 'NONE', #3143, #916, #6086 ) ;
#8905 = CARTESIAN_POINT ( 'NONE',  ( 35.30689076144392402, 8.408794663505309686, 11.62861928812542622 ) ) ;
#8906 = EDGE_CURVE ( 'NONE', #5056, #8491, #1594, .T. ) ;
#8907 = CARTESIAN_POINT ( 'NONE',  ( -33.79999999999999005, 7.399999999999999467, 6.250000000000006217 ) ) ;
#8908 = ADVANCED_FACE ( 'NONE', ( #9627 ), #6799, .T. ) ;
#8909 = VECTOR ( 'NONE', #1347, 1000.000000000000000 ) ;
#8910 = CARTESIAN_POINT ( 'NONE',  ( -16.76000000000000156, 1.600000000000000089, -15.49999999999999645 ) ) ;
#8911 = ORIENTED_EDGE ( 'NONE', *, *, #7716, .F. ) ;
#8912 = SURFACE_SIDE_STYLE ('',( #4925 ) ) ;
#8913 = VECTOR ( 'NONE', #1482, 1000.000000000000000 ) ;
#8914 = EDGE_LOOP ( 'NONE', ( #11421, #6395, #2367, #2954 ) ) ;
#8915 = ORIENTED_EDGE ( 'NONE', *, *, #1864, .F. ) ;
#8916 = VERTEX_POINT ( 'NONE', #4607 ) ;
#8917 = CARTESIAN_POINT ( 'NONE',  ( -9.139999999999998792, 1.600000000000000089, -14.99999999999999822 ) ) ;
#8918 = CARTESIAN_POINT ( 'NONE',  ( 34.95000000000001705, 8.199999999999999289, -11.70000000000002416 ) ) ;
#8919 = VERTEX_POINT ( 'NONE', #11736 ) ;
#8920 = DIRECTION ( 'NONE',  ( 0.000000000000000000, 0.000000000000000000, -1.000000000000000000 ) ) ;
#8921 = CLOSED_SHELL ( 'NONE', ( #8838, #2924, #2555, #4900, #1312, #11426, #3175, #9307, #2419 ) ) ;
#8922 = EDGE_LOOP ( 'NONE', ( #3369, #4550, #12456, #12192 ) ) ;
#8923 = EDGE_CURVE ( 'NONE', #6353, #8987, #2818, .T. ) ;
#8924 = CARTESIAN_POINT ( 'NONE',  ( 0.1200000000000020495, 0.000000000000000000, -15.49999999999999645 ) ) ;
#8925 = CARTESIAN_POINT ( 'NONE',  ( 17.78000000000000114, 0.000000000000000000, 0.000000000000000000 ) ) ;
#8926 = COLOUR_RGB ( '',1.000000000000000000, 0.8117647058823529438, 0.5019607843137254832 ) ;
#8927 = DIRECTION ( 'NONE',  ( -0.000000000000000000, 1.000000000000000000, -0.000000000000000000 ) ) ;
#8928 = VECTOR ( 'NONE', #5710, 999.9999999999998863 ) ;
#8929 = CARTESIAN_POINT ( 'NONE',  ( 35.14292893218813418, 8.200000000000002842, -11.70000000000000284 ) ) ;
#8930 = DIRECTION ( 'NONE',  ( 0.000000000000000000, 0.000000000000000000, 1.000000000000000000 ) ) ;
#8931 = VECTOR ( 'NONE', #11677, 1000.000000000000114 ) ;
#8932 = ORIENTED_EDGE ( 'NONE', *, *, #8064, .T. ) ;
#8933 = FACE_OUTER_BOUND ( 'NONE', #997, .T. ) ;
#8934 = EDGE_CURVE ( 'NONE', #10394, #8916, #675, .T. ) ;
#8935 = PRESENTATION_LAYER_ASSIGNMENT (  '', '', ( #1207 ) ) ;
#8936 = CIRCLE ( 'NONE', #1431, 0.4999999999999987232 ) ;
#8937 = ORIENTED_EDGE ( 'NONE', *, *, #5480, .T. ) ;
#8938 = CIRCLE ( 'NONE', #2258, 0.5000000000000004441 ) ;
#8939 = FACE_OUTER_BOUND ( 'NONE', #1310, .T. ) ;
#8940 = EDGE_CURVE ( 'NONE', #5056, #6724, #6220, .T. ) ;
#8941 = VECTOR ( 'NONE', #873, 1000.000000000000000 ) ;
#8942 = CARTESIAN_POINT ( 'NONE',  ( -22.73999999999999488, -6.222539674441619262, -15.49999999999999645 ) ) ;
#8943 = ORIENTED_EDGE ( 'NONE', *, *, #7456, .F. ) ;
#8944 = FACE_OUTER_BOUND ( 'NONE', #3028, .T. ) ;
#8945 = DIRECTION ( 'NONE',  ( 0.000000000000000000, 0.000000000000000000, 1.000000000000000000 ) ) ;
#8946 = CARTESIAN_POINT ( 'NONE',  ( -2.419999999999998597, 0.000000000000000000, -15.49999999999999645 ) ) ;
#8947 = AXIS2_PLACEMENT_3D ( 'NONE', #11420, #10556, #10503 ) ;
#8948 = CIRCLE ( 'NONE', #5202, 2.200000000000000622 ) ;
#8949 = DIRECTION ( 'NONE',  ( 0.000000000000000000, -0.000000000000000000, -1.000000000000000000 ) ) ;
#8950 = VECTOR ( 'NONE', #3408, 1000.000000000000000 ) ;
#8951 = ORIENTED_EDGE ( 'NONE', *, *, #11388, .F. ) ;
#8952 = VECTOR ( 'NONE', #8849, 1000.000000000000000 ) ;
#8954 = ORIENTED_EDGE ( 'NONE', *, *, #12831, .F. ) ;
#8953 = TOROIDAL_SURFACE ( 'NONE', #8757, 2.147727943148359131, 6.000000000000000000 ) ;
#8955 = CARTESIAN_POINT ( 'NONE',  ( -34.95000000000000284, 8.397979999999998668, 11.50000000000000000 ) ) ;
#8956 = MECHANICAL_DESIGN_GEOMETRIC_PRESENTATION_REPRESENTATION (  '', ( #987 ), #574 ) ;
#8957 = FACE_BOUND ( 'NONE', #3420, .T. ) ;
#8958 = ORIENTED_EDGE ( 'NONE', *, *, #3004, .T. ) ;
#8959 = FACE_OUTER_BOUND ( 'NONE', #2765, .T. ) ;
#8960 = DIRECTION ( 'NONE',  ( 2.775557561562888984E-15, 0.000000000000000000, -1.000000000000000000 ) ) ;
#8961 = DIRECTION ( 'NONE',  ( -0.000000000000000000, 1.000000000000000000, -0.000000000000000000 ) ) ;
#8962 = VECTOR ( 'NONE', #6064, 1000.000000000000000 ) ;
#8963 = VECTOR ( 'NONE', #3619, 1000.000000000000000 ) ;
#8964 = CARTESIAN_POINT ( 'NONE',  ( 1.060660171779830296, 0.000000000000000000, 12.81066017177981564 ) ) ;
#8965 = AXIS2_PLACEMENT_3D ( 'NONE', #11371, #7115, #12293 ) ;
#8966 = ORIENTED_EDGE ( 'NONE', *, *, #10761, .T. ) ;
#8967 = DIRECTION ( 'NONE',  ( 1.000000000000000000, 0.000000000000000000, 0.000000000000000000 ) ) ;
#8968 = EDGE_CURVE ( 'NONE', #6493, #5678, #10813, .T. ) ;
#8969 = ORIENTED_EDGE ( 'NONE', *, *, #8751, .F. ) ;
#8970 = VECTOR ( 'NONE', #2365, 1000.000000000000000 ) ;
#8971 = EDGE_CURVE ( 'NONE', #1316, #9323, #3291, .T. ) ;
#8972 = ORIENTED_EDGE ( 'NONE', *, *, #6157, .F. ) ;
#8973 = ORIENTED_EDGE ( 'NONE', *, *, #6777, .T. ) ;
#8974 = CARTESIAN_POINT ( 'NONE',  ( 35.11070852858863844, 8.252466668475191724, 11.70000000000000107 ) ) ;
#8975 = AXIS2_PLACEMENT_3D ( 'NONE', #2824, #4810, #5912 ) ;
#8976 = DIRECTION ( 'NONE',  ( 0.000000000000000000, 1.000000000000000000, -0.000000000000000000 ) ) ;
#8977 = VERTEX_POINT ( 'NONE', #4863 ) ;
#8978 = FILL_AREA_STYLE ('',( #3084 ) ) ;
#8979 = CARTESIAN_POINT ( 'NONE',  ( -27.82000000000003936, 0.000000000000000000, -9.131584377541916332E-14 ) ) ;
#8980 = DIRECTION ( 'NONE',  ( -0.000000000000000000, 1.000000000000000000, -0.000000000000000000 ) ) ;
#8981 = ORIENTED_EDGE ( 'NONE', *, *, #9329, .F. ) ;
#8982 = AXIS2_PLACEMENT_3D ( 'NONE', #8158, #1088, #5076 ) ;
#8983 = LINE ( 'NONE', #2033, #6842 ) ;
#8984 = LINE ( 'NONE', #6881, #1227 ) ;
#8985 = ADVANCED_FACE ( 'NONE', ( #2767 ), #5846, .T. ) ;
#8986 = DIRECTION ( 'NONE',  ( -0.000000000000000000, 1.000000000000000000, -0.000000000000000000 ) ) ;
#8987 = VERTEX_POINT ( 'NONE', #2635 ) ;
#8988 = CARTESIAN_POINT ( 'NONE',  ( 10.16000000000000014, 1.600000000000000089, -18.00000000000000000 ) ) ;
#8989 = ORIENTED_EDGE ( 'NONE', *, *, #7975, .F. ) ;
#8990 = CIRCLE ( 'NONE', #3368, 0.8999999999999980238 ) ;
#8991 = ORIENTED_EDGE ( 'NONE', *, *, #4749, .F. ) ;
#8992 = ORIENTED_EDGE ( 'NONE', *, *, #6922, .F. ) ;
#8993 = CARTESIAN_POINT ( 'NONE',  ( -33.98994949366117879, -16.60000000000000497, -10.61862915010154040 ) ) ;
#8994 = DIRECTION ( 'NONE',  ( 0.000000000000000000, 1.000000000000000000, -0.000000000000000000 ) ) ;
#8995 = ORIENTED_EDGE ( 'NONE', *, *, #9319, .F. ) ;
#8996 = LINE ( 'NONE', #6054, #10929 ) ;
#8997 = ADVANCED_FACE ( 'NONE', ( #6613 ), #12789, .T. ) ;
#8998 = EDGE_LOOP ( 'NONE', ( #5518, #4217 ) ) ;
#8999 = DIRECTION ( 'NONE',  ( 2.074128996939938879E-32, 3.491481338843133355E-15, -1.000000000000000000 ) ) ;
#9000 = DIRECTION ( 'NONE',  ( -0.000000000000000000, -0.000000000000000000, 1.000000000000000000 ) ) ;
#9001 = CARTESIAN_POINT ( 'NONE',  ( -34.06066017177982275, -16.60000000000000497, 10.68933982822018969 ) ) ;
#9002 = CARTESIAN_POINT ( 'NONE',  ( 1.020000000000000018, -6.222539674441619262, -15.49999999999999645 ) ) ;
#9003 = AXIS2_PLACEMENT_3D ( 'NONE', #2930, #6840, #5877 ) ;
#9004 = FACE_OUTER_BOUND ( 'NONE', #6686, .T. ) ;
#9005 = ORIENTED_EDGE ( 'NONE', *, *, #4214, .F. ) ;
#9006 = DIRECTION ( 'NONE',  ( 2.775557561562888984E-15, 0.000000000000000000, -1.000000000000000000 ) ) ;
#9007 = ORIENTED_EDGE ( 'NONE', *, *, #4725, .T. ) ;
#9008 = EDGE_CURVE ( 'NONE', #1773, #9168, #6690, .T. ) ;
#9009 = FACE_OUTER_BOUND ( 'NONE', #2825, .T. ) ;
#9010 = DIRECTION ( 'NONE',  ( 0.000000000000000000, 1.000000000000000000, 0.000000000000000000 ) ) ;
#9011 = ORIENTED_EDGE ( 'NONE', *, *, #10340, .F. ) ;
#9012 = EDGE_CURVE ( 'NONE', #8804, #5523, #5652, .T. ) ;
#9013 = CARTESIAN_POINT ( 'NONE',  ( -16.76000000000000156, 1.600000000000000089, -14.99999999999999822 ) ) ;
#9014 = CARTESIAN_POINT ( 'NONE',  ( 3.560000000000000497, 1.600000000000000089, -15.99999999999999645 ) ) ;
#9015 = EDGE_CURVE ( 'NONE', #984, #3827, #9826, .T. ) ;
#9016 = LINE ( 'NONE', #3791, #8686 ) ;
#9017 = CARTESIAN_POINT ( 'NONE',  ( 27.94000000000000128, 0.000000000000000000, 0.000000000000000000 ) ) ;
#9018 = CARTESIAN_POINT ( 'NONE',  ( 35.11069157708424626, 8.304988543519005617, -11.89999999999999858 ) ) ;
#9019 = EDGE_CURVE ( 'NONE', #7154, #3675, #11553, .T. ) ;
#9020 = VERTEX_POINT ( 'NONE', #11671 ) ;
#9021 = ORIENTED_EDGE ( 'NONE', *, *, #12724, .T. ) ;
#9022 = PLANE ( 'NONE',  #3601 ) ;
#9023 = VECTOR ( 'NONE', #1319, 1000.000000000000000 ) ;
#9024 = LINE ( 'NONE', #10922, #5176 ) ;
#9025 = EDGE_LOOP ( 'NONE', ( #3976, #482, #940, #6108 ) ) ;
#9026 = DIRECTION ( 'NONE',  ( 0.000000000000000000, -1.000000000000000000, 6.123233995736767268E-17 ) ) ;
#9027 = EDGE_CURVE ( 'NONE', #11922, #601, #2709, .T. ) ;
#9028 = DIRECTION ( 'NONE',  ( 0.000000000000000000, 0.000000000000000000, 1.000000000000000000 ) ) ;
#9029 = DIRECTION ( 'NONE',  ( 0.000000000000000000, 0.000000000000000000, 1.000000000000000000 ) ) ;
#9030 = FACE_OUTER_BOUND ( 'NONE', #11393, .T. ) ;
#9031 = AXIS2_PLACEMENT_3D ( 'NONE', #4777, #7912, #4052 ) ;
#9032 = EDGE_CURVE ( 'NONE', #1474, #9760, #734, .T. ) ;
#9033 = DIRECTION ( 'NONE',  ( 0.000000000000000000, 0.000000000000000000, 1.000000000000000000 ) ) ;
#9034 = VERTEX_POINT ( 'NONE', #12130 ) ;
#9035 = DIRECTION ( 'NONE',  ( 1.000000000000000000, -0.000000000000000000, 0.000000000000000000 ) ) ;
#9036 = VERTEX_POINT ( 'NONE', #2890 ) ;
#9037 = LINE ( 'NONE', #1185, #474 ) ;
#9038 = CARTESIAN_POINT ( 'NONE',  ( 2.660000000000002807, 0.000000000000000000, -18.00000000000000000 ) ) ;
#9039 = ORIENTED_EDGE ( 'NONE', *, *, #4468, .T. ) ;
#9040 = DIRECTION ( 'NONE',  ( -1.000000000000000000, -2.569960705150817904E-15, 0.000000000000000000 ) ) ;
#9041 = CARTESIAN_POINT ( 'NONE',  ( -14.22000000000000064, 1.600000000000000089, -15.49999999999999645 ) ) ;
#9042 = CARTESIAN_POINT ( 'NONE',  ( 0.000000000000000000, 1.600000000000062261, -11.70000000000002416 ) ) ;
#9043 = ORIENTED_EDGE ( 'NONE', *, *, #7334, .F. ) ;
#9044 = CARTESIAN_POINT ( 'NONE',  ( 0.000000000000000000, 8.400000000000000355, -11.50000000000002487 ) ) ;
#9045 = LINE ( 'NONE', #5969, #3528 ) ;
#9046 = CARTESIAN_POINT ( 'NONE',  ( -26.02000000000000313, 0.000000000000000000, -15.49999999999999645 ) ) ;
#9047 = DIRECTION ( 'NONE',  ( 0.000000000000000000, 0.000000000000000000, 1.000000000000000000 ) ) ;
#9048 = LINE ( 'NONE', #3165, #211 ) ;
#9049 = ORIENTED_EDGE ( 'NONE', *, *, #5009, .T. ) ;
#9050 = ORIENTED_EDGE ( 'NONE', *, *, #7493, .F. ) ;
#9051 = ORIENTED_EDGE ( 'NONE', *, *, #8940, .T. ) ;
#9052 = DIRECTION ( 'NONE',  ( -0.000000000000000000, 1.000000000000000000, -0.000000000000000000 ) ) ;
#9053 = DIRECTION ( 'NONE',  ( 0.000000000000000000, 0.000000000000000000, 1.000000000000000000 ) ) ;
#9054 = EDGE_LOOP ( 'NONE', ( #1860, #1509, #10426, #12402 ) ) ;
#9055 = CARTESIAN_POINT ( 'NONE',  ( -16.76000000000000156, 0.000000000000000000, -15.49999999999999645 ) ) ;
#9056 = EDGE_CURVE ( 'NONE', #4477, #3957, #1189, .T. ) ;
#9057 = ORIENTED_EDGE ( 'NONE', *, *, #679, .F. ) ;
#9058 = DIRECTION ( 'NONE',  ( 1.000000000000000000, 0.000000000000000000, 0.000000000000000000 ) ) ;
#9059 = CARTESIAN_POINT ( 'NONE',  ( -22.73999999999999488, 0.000000000000000000, -18.00000000000000000 ) ) ;
#9060 = VECTOR ( 'NONE', #11321, 1000.000000000000000 ) ;
#9061 = CARTESIAN_POINT ( 'NONE',  ( -10.03999999999999027, 1.600000000000000089, -18.00000000000000000 ) ) ;
#9062 = SURFACE_STYLE_FILL_AREA ( #12009 ) ;
#9063 = DIRECTION ( 'NONE',  ( 0.000000000000000000, 0.000000000000000000, 1.000000000000000000 ) ) ;
#9064 = ORIENTED_EDGE ( 'NONE', *, *, #6186, .T. ) ;
#9065 = DIRECTION ( 'NONE',  ( -1.000000000000000000, -0.000000000000000000, -0.000000000000000000 ) ) ;
#9066 = VERTEX_POINT ( 'NONE', #9097 ) ;
#9067 = PLANE ( 'NONE',  #767 ) ;
#9068 = LINE ( 'NONE', #8090, #565 ) ;
#9069 = ORIENTED_EDGE ( 'NONE', *, *, #9840, .T. ) ;
#9070 = B_SPLINE_SURFACE_WITH_KNOTS ( 'NONE', 1, 3, ( 
 ( #12891, #9922, #7779, #10781, #3856, #2940 ),
 ( #6918, #8827, #1822, #1949, #5822, #10983 ),
 ( #8882, #852, #11833, #12829, #4964, #65 ),
 ( #7838, #2864, #6854, #10861, #10921, #8955 ) ),
 .UNSPECIFIED., .F., .F., .F.,
 ( 2, 1, 1, 2 ),
 ( 4, 2, 4 ),
 ( -0.01000000000000000021, 0.000000000000000000, 1.000000000000000000, 1.010099999999999998 ),
 ( 0.000000000000000000, 0.5000000000000000000, 1.000000000000000000 ),
 .UNSPECIFIED. ) ;
#9071 = EDGE_CURVE ( 'NONE', #10986, #2884, #11031, .T. ) ;
#9072 = FACE_OUTER_BOUND ( 'NONE', #4294, .T. ) ;
#9073 = DIRECTION ( 'NONE',  ( 0.000000000000000000, 0.000000000000000000, 1.000000000000000000 ) ) ;
#9074 =( LENGTH_UNIT ( ) NAMED_UNIT ( * ) SI_UNIT ( .MILLI., .METRE. ) );
#9075 = ADVANCED_FACE ( 'NONE', ( #4917 ), #6939, .T. ) ;
#9076 = CARTESIAN_POINT ( 'NONE',  ( -26.91999999999999815, -6.222539674441619262, -15.99999999999999645 ) ) ;
#9077 = EDGE_CURVE ( 'NONE', #881, #4483, #9757, .T. ) ;
#9078 = ORIENTED_EDGE ( 'NONE', *, *, #7398, .T. ) ;
#9079 = DIRECTION ( 'NONE',  ( -0.000000000000000000, 1.000000000000000000, -0.000000000000000000 ) ) ;
#9080 = CARTESIAN_POINT ( 'NONE',  ( -20.94000000000004036, 1.600000000000000089, -8.631984016460597151E-14 ) ) ;
#9081 = ORIENTED_EDGE ( 'NONE', *, *, #10104, .T. ) ;
#9082 = DIRECTION ( 'NONE',  ( 0.000000000000000000, -1.000000000000000000, 0.000000000000000000 ) ) ;
#9083 = DIRECTION ( 'NONE',  ( 0.000000000000000000, 0.000000000000000000, 1.000000000000000000 ) ) ;
#9084 = DIRECTION ( 'NONE',  ( 0.000000000000000000, 0.000000000000000000, 1.000000000000000000 ) ) ;
#9085 = LINE ( 'NONE', #1176, #2901 ) ;
#9086 = DIRECTION ( 'NONE',  ( 0.000000000000000000, 1.000000000000000000, -0.000000000000000000 ) ) ;
#9087 = EDGE_CURVE ( 'NONE', #4856, #9036, #1968, .T. ) ;
#9088 = ORIENTED_EDGE ( 'NONE', *, *, #3668, .T. ) ;
#9089 = DIRECTION ( 'NONE',  ( 0.000000000000000000, 0.000000000000000000, 1.000000000000000000 ) ) ;
#9090 =( LENGTH_UNIT ( ) NAMED_UNIT ( * ) SI_UNIT ( .MILLI., .METRE. ) );
#9091 = VERTEX_POINT ( 'NONE', #2164 ) ;
#9092 = CARTESIAN_POINT ( 'NONE',  ( 34.94999999999999574, 8.400000000000000355, 11.50000000000000000 ) ) ;
#9093 = EDGE_CURVE ( 'NONE', #11923, #4585, #143, .T. ) ;
#9094 = LINE ( 'NONE', #4133, #11028 ) ;
#9095 = VERTEX_POINT ( 'NONE', #9883 ) ;
#9096 = PLANE ( 'NONE',  #1795 ) ;
#9097 = CARTESIAN_POINT ( 'NONE',  ( -34.79999999999999005, 6.899999999999999467, 6.250000000000006217 ) ) ;
#9098 = ORIENTED_EDGE ( 'NONE', *, *, #47, .F. ) ;
#9099 = DIRECTION ( 'NONE',  ( -1.000000000000000000, 0.000000000000000000, -0.000000000000000000 ) ) ;
#9100 = LINE ( 'NONE', #1972, #5815 ) ;
#9101 = CIRCLE ( 'NONE', #10138, 0.8999999999999980238 ) ;
#9102 = DIRECTION ( 'NONE',  ( -0.000000000000000000, 1.000000000000000000, -0.000000000000000000 ) ) ;
#9103 = LINE ( 'NONE', #12061, #2021 ) ;
#9104 = CARTESIAN_POINT ( 'NONE',  ( -25.27999999999999048, 0.000000000000000000, -18.00000000000000000 ) ) ;
#9105 = ORIENTED_EDGE ( 'NONE', *, *, #4526, .F. ) ;
#9106 = EDGE_LOOP ( 'NONE', ( #6894, #3522, #4388, #8258 ) ) ;
#9107 = EDGE_CURVE ( 'NONE', #7974, #5847, #9943, .T. ) ;
#9108 = ORIENTED_EDGE ( 'NONE', *, *, #12890, .T. ) ;
#9109 = CYLINDRICAL_SURFACE ( 'NONE', #6072, 0.8999999999999980238 ) ;
#9110 = AXIS2_PLACEMENT_3D ( 'NONE', #3700, #5600, #8615 ) ;
#9111 = DIRECTION ( 'NONE',  ( 0.000000000000000000, 1.000000000000000000, 0.000000000000000000 ) ) ;
#9112 = ORIENTED_EDGE ( 'NONE', *, *, #5131, .T. ) ;
#9113 = CARTESIAN_POINT ( 'NONE',  ( -37.70000000000000284, 0.000000000000000000, -15.69999999999999929 ) ) ;
#9114 = VECTOR ( 'NONE', #10577, 1000.000000000000000 ) ;
#9115 = LINE ( 'NONE', #12818, #3701 ) ;
#9116 = ORIENTED_EDGE ( 'NONE', *, *, #3881, .T. ) ;
#9117 = CARTESIAN_POINT ( 'NONE',  ( -29.46000000000000085, 0.000000000000000000, -14.59999999999999787 ) ) ;
#9118 = DIRECTION ( 'NONE',  ( 0.000000000000000000, 0.000000000000000000, 1.000000000000000000 ) ) ;
#9119 = VECTOR ( 'NONE', #9409, 1000.000000000000000 ) ;
#9120 = DIRECTION ( 'NONE',  ( 2.775557561562888984E-15, 0.000000000000000000, -1.000000000000000000 ) ) ;
#9121 = CYLINDRICAL_SURFACE ( 'NONE', #5805, 0.8999999999999980238 ) ;
#9122 = DIRECTION ( 'NONE',  ( 2.775557561562888984E-15, 0.000000000000000000, -1.000000000000000000 ) ) ;
#9123 = AXIS2_PLACEMENT_3D ( 'NONE', #1118, #10003, #1056 ) ;
#9124 = ORIENTED_EDGE ( 'NONE', *, *, #6273, .T. ) ;
#9125 = DIRECTION ( 'NONE',  ( 0.000000000000000000, -1.000000000000000000, 0.000000000000000000 ) ) ;
#9126 = VECTOR ( 'NONE', #6906, 1000.000000000000000 ) ;
#9127 = VERTEX_POINT ( 'NONE', #4136 ) ;
#9128 = ADVANCED_FACE ( 'NONE', ( #8135 ), #7001, .F. ) ;
#9129 = DIRECTION ( 'NONE',  ( 6.492709255430804803E-32, -6.982962677686266711E-15, 1.000000000000000000 ) ) ;
#9130 = CLOSED_SHELL ( 'NONE', ( #10116, #5713, #5730, #9935 ) ) ;
#9131 = DIRECTION ( 'NONE',  ( 0.000000000000000000, 1.000000000000000000, -0.000000000000000000 ) ) ;
#9132 = EDGE_CURVE ( 'NONE', #4449, #7988, #1212, .T. ) ;
#9133 = EDGE_LOOP ( 'NONE', ( #11007, #1497, #2433, #12375 ) ) ;
#9134 = AXIS2_PLACEMENT_3D ( 'NONE', #6400, #7124, #8181 ) ;
#9135 = CARTESIAN_POINT ( 'NONE',  ( -13.32000000000000206, 1.600000000000000089, -15.49999999999999645 ) ) ;
#9136 = CARTESIAN_POINT ( 'NONE',  ( -34.95000000000000284, 8.399999999999998579, -11.50000000000000178 ) ) ;
#9137 = DIRECTION ( 'NONE',  ( 0.000000000000000000, 1.000000000000000000, 0.000000000000000000 ) ) ;
#9138 = CARTESIAN_POINT ( 'NONE',  ( 34.80000000000000426, 6.899999999999999467, -6.249999999999995559 ) ) ;
#9139 =( GEOMETRIC_REPRESENTATION_CONTEXT ( 3 ) GLOBAL_UNCERTAINTY_ASSIGNED_CONTEXT ( ( #10183 ) ) GLOBAL_UNIT_ASSIGNED_CONTEXT ( ( #4498, #12485, #3518 ) ) REPRESENTATION_CONTEXT ( 'NONE', 'WORKASPACE' ) );
#9140 = DIRECTION ( 'NONE',  ( -3.491481338843133355E-15, -1.000000000000000000, 0.000000000000000000 ) ) ;
#9141 = AXIS2_PLACEMENT_3D ( 'NONE', #12965, #3990, #9337 ) ;
#9142 = ADVANCED_FACE ( 'NONE', ( #996 ), #11990, .T. ) ;
#9143 = ORIENTED_EDGE ( 'NONE', *, *, #9339, .T. ) ;
#9144 =( GEOMETRIC_REPRESENTATION_CONTEXT ( 3 ) GLOBAL_UNCERTAINTY_ASSIGNED_CONTEXT ( ( #10324 ) ) GLOBAL_UNIT_ASSIGNED_CONTEXT ( ( #1520, #11587, #6489 ) ) REPRESENTATION_CONTEXT ( 'NONE', 'WORKASPACE' ) );
#9145 = EDGE_CURVE ( 'NONE', #5838, #2486, #10403, .T. ) ;
#9146 = VECTOR ( 'NONE', #7556, 1000.000000000000000 ) ;
#9147 = UNCERTAINTY_MEASURE_WITH_UNIT (LENGTH_MEASURE( 1.000000000000000082E-05 ), #351, 'distance_accuracy_value', 'NONE');
#9148 = ORIENTED_EDGE ( 'NONE', *, *, #12100, .T. ) ;
#9149 = CIRCLE ( 'NONE', #10818, 0.8999999999999980238 ) ;
#9150 = VECTOR ( 'NONE', #3305, 1000.000000000000000 ) ;
#9151 = DIRECTION ( 'NONE',  ( -0.7071067811865517916, 0.000000000000000000, 0.7071067811865431318 ) ) ;
#9152 = AXIS2_PLACEMENT_3D ( 'NONE', #3975, #4942, #6961 ) ;
#9153 = CARTESIAN_POINT ( 'NONE',  ( -35.30674511696196305, 8.408981756223806059, 11.62854716866213423 ) ) ;
#9154 = ORIENTED_EDGE ( 'NONE', *, *, #1567, .T. ) ;
#9155 = CARTESIAN_POINT ( 'NONE',  ( 35.35200000000000387, 8.305513762269438161, -11.66069140756920497 ) ) ;
#9156 = AXIS2_PLACEMENT_3D ( 'NONE', #10032, #8994, #35 ) ;
#9157 = ADVANCED_FACE ( 'NONE', ( #11136, #10019 ), #6876, .T. ) ;
#9158 = LINE ( 'NONE', #12314, #5609 ) ;
#9159 = AXIS2_PLACEMENT_3D ( 'NONE', #11329, #1372, #201 ) ;
#9160 = CARTESIAN_POINT ( 'NONE',  ( 35.56000000000000227, 1.600000000000000089, 0.000000000000000000 ) ) ;
#9161 = VECTOR ( 'NONE', #3421, 1000.000000000000000 ) ;
#9162 = LINE ( 'NONE', #7984, #2280 ) ;
#9163 = VECTOR ( 'NONE', #9102, 1000.000000000000000 ) ;
#9164 = VECTOR ( 'NONE', #12208, 1000.000000000000000 ) ;
#9165 = EDGE_LOOP ( 'NONE', ( #5341, #12205 ) ) ;
#9166 = LINE ( 'NONE', #3149, #8518 ) ;
#9167 = EDGE_CURVE ( 'NONE', #6319, #2008, #931, .T. ) ;
#9168 = VERTEX_POINT ( 'NONE', #3947 ) ;
#9169 = DIRECTION ( 'NONE',  ( 0.000000000000000000, 1.000000000000000000, 0.000000000000000000 ) ) ;
#9170 = FACE_OUTER_BOUND ( 'NONE', #9683, .T. ) ;
#9171 = ORIENTED_EDGE ( 'NONE', *, *, #7950, .F. ) ;
#9172 = COLOUR_RGB ( '',1.000000000000000000, 0.8117647058823529438, 0.5019607843137254832 ) ;
#9173 = LINE ( 'NONE', #414, #5932 ) ;
#9174 = CIRCLE ( 'NONE', #581, 1.000000000000000000 ) ;
#9175 = EDGE_CURVE ( 'NONE', #1493, #3332, #6098, .T. ) ;
#9176 = DIRECTION ( 'NONE',  ( 0.000000000000000000, 1.000000000000000000, -0.000000000000000000 ) ) ;
#9177 = EDGE_LOOP ( 'NONE', ( #11204, #7224, #7463, #1722, #9933, #33, #10070, #3595 ) ) ;
#9178 = VECTOR ( 'NONE', #6785, 1000.000000000000000 ) ;
#9179 = CARTESIAN_POINT ( 'NONE',  ( 35.05439733175265360, 8.378445380721959879, 11.56430964406271400 ) ) ;
#9180 = EDGE_CURVE ( 'NONE', #3761, #6390, #11929, .T. ) ;
#9181 = DIRECTION ( 'NONE',  ( 0.000000000000000000, 0.000000000000000000, 1.000000000000000000 ) ) ;
#9182 = CARTESIAN_POINT ( 'NONE',  ( 33.64999999999999858, 8.500000000000000000, -9.625000000000003553 ) ) ;
#9183 = ADVANCED_FACE ( 'NONE', ( #5377 ), #11341, .T. ) ;
#9184 = VECTOR ( 'NONE', #3465, 1000.000000000000000 ) ;
#9185 = CARTESIAN_POINT ( 'NONE',  ( 4.459999999999957332, 0.000000000000000000, -8.631984016460597151E-14 ) ) ;
#9186 = PRESENTATION_STYLE_ASSIGNMENT (( #7276 ) ) ;
#9187 = VECTOR ( 'NONE', #7887, 1000.000000000000000 ) ;
#9188 = EDGE_LOOP ( 'NONE', ( #173, #4403, #9154, #11225, #10924 ) ) ;
#9189 = CARTESIAN_POINT ( 'NONE',  ( 0.000000000000000000, -2.399999999999999467, 0.000000000000000000 ) ) ;
#9190 = ORIENTED_EDGE ( 'NONE', *, *, #11166, .T. ) ;
#9191 = ORIENTED_EDGE ( 'NONE', *, *, #7330, .T. ) ;
#9192 = PLANE ( 'NONE',  #6654 ) ;
#9193 = AXIS2_PLACEMENT_3D ( 'NONE', #5578, #10741, #9626 ) ;
#9194 = DIRECTION ( 'NONE',  ( -0.000000000000000000, 1.000000000000000000, -0.000000000000000000 ) ) ;
#9195 = ORIENTED_EDGE ( 'NONE', *, *, #372, .F. ) ;
#9196 = CIRCLE ( 'NONE', #3553, 0.4500000000000007327 ) ;
#9197 = CARTESIAN_POINT ( 'NONE',  ( 2.540000000000000036, -6.222539674441619262, -18.00000000000000000 ) ) ;
#9198 = CARTESIAN_POINT ( 'NONE',  ( -23.47999999999999332, 0.000000000000000000, -18.00000000000000000 ) ) ;
#9199 = ORIENTED_EDGE ( 'NONE', *, *, #8184, .T. ) ;
#9200 = VECTOR ( 'NONE', #812, 1000.000000000000000 ) ;
#9201 = CARTESIAN_POINT ( 'NONE',  ( 0.000000000000000000, 1.600000000000000089, 0.000000000000000000 ) ) ;
#9202 = DIRECTION ( 'NONE',  ( 0.000000000000000000, 0.000000000000000000, 1.000000000000000000 ) ) ;
#9203 = CARTESIAN_POINT ( 'NONE',  ( 0.1199999999999604161, 1.600000000000000089, -9.131584377541916332E-14 ) ) ;
#9204 = DIRECTION ( 'NONE',  ( 0.000000000000000000, 1.000000000000000000, 3.571489509364048017E-15 ) ) ;
#9205 = FACE_OUTER_BOUND ( 'NONE', #1524, .T. ) ;
#9206 = AXIS2_PLACEMENT_3D ( 'NONE', #2470, #1294, #4370 ) ;
#9207 = ORIENTED_EDGE ( 'NONE', *, *, #3581, .T. ) ;
#9208 = CARTESIAN_POINT ( 'NONE',  ( 34.95000000000000284, 82.49217232609667860, 11.70000000000002416 ) ) ;
#9209 = ORIENTED_EDGE ( 'NONE', *, *, #10080, .F. ) ;
#9210 = AXIS2_PLACEMENT_3D ( 'NONE', #4471, #8403, #6498 ) ;
#9211 = CARTESIAN_POINT ( 'NONE',  ( -40.00000000000000000, 1.600000000000000089, -18.00000000000000000 ) ) ;
#9212 = PLANE ( 'NONE',  #3908 ) ;
#9213 = EDGE_LOOP ( 'NONE', ( #12796, #12344, #8659, #2717, #6204, #9298, #1603, #3103, #12639, #11762, #12940, #8255, #4991, #12148, #7167, #12103, #6734, #111, #576, #3119, #8578, #2425, #7200, #5125, #5025, #8395, #1903, #1508, #6555, #11597, #6932, #11342, #4556, #12784, #5320, #10036, #7515, #12237, #5217, #8561, #1018, #1607, #6768, #5296, #816, #5974, #12753, #2482, #12042, #296, #144, #5775, #11086, #1181, #4508, #7576, #7958, #8853, #12347, #12630, #5331, #611, #10965, #12304, #2490, #74, #2312, #12855, #4984, #11153, #2921, #11297, #1825, #729, #5001, #719, #12323, #2887, #2823, #1774, #275, #12152, #10872, #2616 ) ) ;
#9214 = AXIS2_PLACEMENT_3D ( 'NONE', #1173, #4194, #3406 ) ;
#9215 = CARTESIAN_POINT ( 'NONE',  ( -34.95000000000000284, 8.601999999999998536, -11.50000000000000178 ) ) ;
#9216 = DIRECTION ( 'NONE',  ( 0.7071067811865501263, -0.000000000000000000, 0.7071067811865449082 ) ) ;
#9217 = EDGE_CURVE ( 'NONE', #1962, #3014, #8450, .T. ) ;
#9218 = DIRECTION ( 'NONE',  ( 0.000000000000000000, 0.000000000000000000, 1.000000000000000000 ) ) ;
#9219 = EDGE_LOOP ( 'NONE', ( #11088, #5746 ) ) ;
#9220 = EDGE_CURVE ( 'NONE', #10413, #5868, #10284, .T. ) ;
#9221 = ORIENTED_EDGE ( 'NONE', *, *, #3650, .T. ) ;
#9222 = DIRECTION ( 'NONE',  ( 1.000000000000000000, 0.000000000000000000, 0.000000000000000000 ) ) ;
#9223 = ORIENTED_EDGE ( 'NONE', *, *, #10565, .T. ) ;
#9224 = EDGE_LOOP ( 'NONE', ( #3168, #1543, #3751, #12781 ) ) ;
#9225 = LINE ( 'NONE', #5100, #7570 ) ;
#9226 = CARTESIAN_POINT ( 'NONE',  ( 32.08076118445750069, -2.399999999999999467, 12.81066017177981209 ) ) ;
#9227 = ORIENTED_EDGE ( 'NONE', *, *, #6025, .T. ) ;
#9228 = CARTESIAN_POINT ( 'NONE',  ( 35.15983863682283328, 8.558675215251144053, -11.56430964406271400 ) ) ;
#9229 = EDGE_CURVE ( 'NONE', #8672, #6199, #6492, .T. ) ;
#9230 = DIRECTION ( 'NONE',  ( -1.000000000000000000, -0.000000000000000000, -0.000000000000000000 ) ) ;
#9231 = DIRECTION ( 'NONE',  ( 1.000000000000000000, 0.000000000000000000, 1.224646799147353207E-16 ) ) ;
#9232 = EDGE_LOOP ( 'NONE', ( #12586, #11357 ) ) ;
#9233 = DIRECTION ( 'NONE',  ( -2.453639994309486675E-17, 1.000000000000000000, -3.571489509364004629E-15 ) ) ;
#9234 = ORIENTED_EDGE ( 'NONE', *, *, #12397, .T. ) ;
#9235 = CARTESIAN_POINT ( 'NONE',  ( 37.70000000000000284, 0.000000000000000000, -14.30000000000000426 ) ) ;
#9236 = EDGE_LOOP ( 'NONE', ( #8809, #11443, #2451, #9921 ) ) ;
#9237 = FACE_OUTER_BOUND ( 'NONE', #9239, .T. ) ;
#9238 = DIRECTION ( 'NONE',  ( 1.000000000000000000, -0.000000000000000000, 2.775557561562888984E-15 ) ) ;
#9239 = EDGE_LOOP ( 'NONE', ( #12011, #9849, #8265, #6643 ) ) ;
#9240 = CYLINDRICAL_SURFACE ( 'NONE', #4773, 0.4500000000000007327 ) ;
#9241 = VECTOR ( 'NONE', #5558, 1000.000000000000000 ) ;
#9242 = DIRECTION ( 'NONE',  ( -0.7071067811865403563, 0.000000000000000000, -0.7071067811865546782 ) ) ;
#9243 = ADVANCED_FACE ( 'NONE', ( #2230 ), #12393, .F. ) ;
#9244 = DIRECTION ( 'NONE',  ( 0.000000000000000000, 1.000000000000000000, -0.000000000000000000 ) ) ;
#9245 = ADVANCED_FACE ( 'NONE', ( #10345 ), #4409, .F. ) ;
#9246 = LINE ( 'NONE', #4275, #12490 ) ;
#9247 = EDGE_CURVE ( 'NONE', #1557, #881, #3219, .T. ) ;
#9248 = ORIENTED_EDGE ( 'NONE', *, *, #9267, .T. ) ;
#9249 = SURFACE_SIDE_STYLE ('',( #11205 ) ) ;
#9250 = VERTEX_POINT ( 'NONE', #415 ) ;
#9251 = ORIENTED_EDGE ( 'NONE', *, *, #2170, .T. ) ;
#9252 = CARTESIAN_POINT ( 'NONE',  ( -20.94000000000004036, 0.000000000000000000, -8.631984016460597151E-14 ) ) ;
#9253 = CARTESIAN_POINT ( 'NONE',  ( -2.011984795333768658E-16, 8.200000000000001066, 11.90000000000000036 ) ) ;
#9254 = ORIENTED_EDGE ( 'NONE', *, *, #6586, .F. ) ;
#9255 = FACE_OUTER_BOUND ( 'NONE', #8922, .T. ) ;
#9256 = CARTESIAN_POINT ( 'NONE',  ( 35.14292893218813418, 8.200000000000002842, -11.90000000000000036 ) ) ;
#9257 = ORIENTED_EDGE ( 'NONE', *, *, #8655, .T. ) ;
#9258 = CARTESIAN_POINT ( 'NONE',  ( -8.239999999999996660, 1.600000000000000089, -18.00000000000000000 ) ) ;
#9259 = CARTESIAN_POINT ( 'NONE',  ( -9.139999999999998792, -6.222539674441619262, -15.49999999999999645 ) ) ;
#9260 = EDGE_CURVE ( 'NONE', #9323, #1316, #3715, .T. ) ;
#9261 = DIRECTION ( 'NONE',  ( -0.7071067811865439090, 0.000000000000000000, 0.7071067811865512365 ) ) ;
#9262 = DIRECTION ( 'NONE',  ( 0.000000000000000000, 1.000000000000000000, -0.000000000000000000 ) ) ;
#9263 = DIRECTION ( 'NONE',  ( -1.000000000000000000, 0.000000000000000000, -0.000000000000000000 ) ) ;
#9264 = ORIENTED_EDGE ( 'NONE', *, *, #9835, .F. ) ;
#9265 = LINE ( 'NONE', #6377, #8763 ) ;
#9266 = VERTEX_POINT ( 'NONE', #8326 ) ;
#9267 = EDGE_CURVE ( 'NONE', #6530, #11624, #12079, .T. ) ;
#9268 = FACE_OUTER_BOUND ( 'NONE', #11105, .T. ) ;
#9269 = LINE ( 'NONE', #1353, #1266 ) ;
#9270 = ORIENTED_EDGE ( 'NONE', *, *, #240, .F. ) ;
#9271 = EDGE_CURVE ( 'NONE', #10355, #569, #8257, .T. ) ;
#9272 = FACE_OUTER_BOUND ( 'NONE', #1893, .T. ) ;
#9273 = DIRECTION ( 'NONE',  ( -0.000000000000000000, 1.000000000000000000, -0.000000000000000000 ) ) ;
#9274 = DIRECTION ( 'NONE',  ( 0.000000000000000000, -1.000000000000000000, 0.000000000000000000 ) ) ;
#9275 = AXIS2_PLACEMENT_3D ( 'NONE', #3218, #3358, #4408 ) ;
#9276 = ORIENTED_EDGE ( 'NONE', *, *, #12810, .F. ) ;
#9277 = COLOUR_RGB ( '',1.000000000000000000, 0.8117647058823529438, 0.5019607843137254832 ) ;
#9278 = VERTEX_POINT ( 'NONE', #12254 ) ;
#9279 = UNCERTAINTY_MEASURE_WITH_UNIT (LENGTH_MEASURE( 1.000000000000000082E-05 ), #8852, 'distance_accuracy_value', 'NONE');
#9280 = DIRECTION ( 'NONE',  ( 0.000000000000000000, 0.000000000000000000, -1.000000000000000000 ) ) ;
#9281 = EDGE_LOOP ( 'NONE', ( #12266, #5659, #11247, #2175 ) ) ;
#9282 = VERTEX_POINT ( 'NONE', #2373 ) ;
#9283 = EDGE_CURVE ( 'NONE', #7639, #4452, #4208, .T. ) ;
#9284 = CARTESIAN_POINT ( 'NONE',  ( 33.64999999999999858, 8.500000000000000000, -9.075000000000002842 ) ) ;
#9285 = FACE_OUTER_BOUND ( 'NONE', #7405, .T. ) ;
#9286 = ORIENTED_EDGE ( 'NONE', *, *, #10052, .T. ) ;
#9287 = CARTESIAN_POINT ( 'NONE',  ( 35.05439733175265360, 8.378445380721959879, -11.56430964406271400 ) ) ;
#9288 = DIRECTION ( 'NONE',  ( 0.000000000000000000, 0.000000000000000000, 1.000000000000000000 ) ) ;
#9289 = CIRCLE ( 'NONE', #12629, 0.8999999999999980238 ) ;
#9290 = DIRECTION ( 'NONE',  ( 0.000000000000000000, 0.000000000000000000, -1.000000000000000000 ) ) ;
#9291 = CARTESIAN_POINT ( 'NONE',  ( -34.95000000000000284, 8.199999999999999289, -11.69292893218813667 ) ) ;
#9292 = CARTESIAN_POINT ( 'NONE',  ( -31.09999999999999432, -6.222539674441619262, -18.00000000000000000 ) ) ;
#9293 = VERTEX_POINT ( 'NONE', #12194 ) ;
#9294 = EDGE_LOOP ( 'NONE', ( #216, #6490, #7924, #5300 ) ) ;
#9295 = CARTESIAN_POINT ( 'NONE',  ( 6.999999999999999112, 1.600000000000000089, -15.49999999999999645 ) ) ;
#9296 = CARTESIAN_POINT ( 'NONE',  ( 37.70000000000032969, 1.600000000000000089, 17.89999999999999858 ) ) ;
#9297 = EDGE_CURVE ( 'NONE', #3304, #4961, #8524, .T. ) ;
#9298 = ORIENTED_EDGE ( 'NONE', *, *, #3032, .T. ) ;
#9299 = DIRECTION ( 'NONE',  ( 2.775557561562888984E-15, 0.000000000000000000, -1.000000000000000000 ) ) ;
#9300 = CARTESIAN_POINT ( 'NONE',  ( -29.46000000000000085, 1.600000000000000089, -15.49999999999999645 ) ) ;
#9301 = ORIENTED_EDGE ( 'NONE', *, *, #7837, .F. ) ;
#9302 = DIRECTION ( 'NONE',  ( -1.000000000000000000, 3.491481338843133750E-15, 5.176137173774959723E-32 ) ) ;
#9303 = LINE ( 'NONE', #6602, #7059 ) ;
#9304 = ADVANCED_FACE ( 'NONE', ( #10415 ), #7344, .F. ) ;
#9305 = DIRECTION ( 'NONE',  ( 2.775557561562888984E-15, 0.000000000000000000, -1.000000000000000000 ) ) ;
#9306 = DIRECTION ( 'NONE',  ( 0.000000000000000000, 1.000000000000000000, -0.000000000000000000 ) ) ;
#9307 = ADVANCED_FACE ( 'NONE', ( #10214 ), #12330, .F. ) ;
#9308 = ORIENTED_EDGE ( 'NONE', *, *, #9283, .T. ) ;
#9309 = EDGE_LOOP ( 'NONE', ( #12255, #8003, #4325, #1664 ) ) ;
#9310 = DIRECTION ( 'NONE',  ( 0.000000000000000000, 0.000000000000000000, 1.000000000000000000 ) ) ;
#9311 = CARTESIAN_POINT ( 'NONE',  ( 3.560000000000000497, 0.000000000000000000, -15.49999999999999645 ) ) ;
#9312 = VERTEX_POINT ( 'NONE', #11400 ) ;
#9313 = EDGE_CURVE ( 'NONE', #12131, #9293, #2432, .T. ) ;
#9314 = DIRECTION ( 'NONE',  ( 0.000000000000000000, 1.000000000000000000, -0.000000000000000000 ) ) ;
#9315 = CARTESIAN_POINT ( 'NONE',  ( 40.00000000000000000, 1.600000000000000089, 18.00000000000000000 ) ) ;
#9316 = ORIENTED_EDGE ( 'NONE', *, *, #2728, .T. ) ;
#9317 = DIRECTION ( 'NONE',  ( -0.000000000000000000, 1.000000000000000000, -0.000000000000000000 ) ) ;
#9318 = EDGE_CURVE ( 'NONE', #3665, #4803, #6417, .T. ) ;
#9319 = EDGE_CURVE ( 'NONE', #10653, #4934, #6233, .T. ) ;
#9320 = FACE_OUTER_BOUND ( 'NONE', #1283, .T. ) ;
#9321 = LINE ( 'NONE', #5406, #12507 ) ;
#9322 = DIRECTION ( 'NONE',  ( -1.000000000000000000, 0.000000000000000000, 0.000000000000000000 ) ) ;
#9323 = VERTEX_POINT ( 'NONE', #4707 ) ;
#9324 = DIRECTION ( 'NONE',  ( 0.000000000000000000, 0.000000000000000000, 1.000000000000000000 ) ) ;
#9325 = AXIS2_PLACEMENT_3D ( 'NONE', #5468, #12467, #12699 ) ;
#9326 = ORIENTED_EDGE ( 'NONE', *, *, #1301, .T. ) ;
#9327 = DIRECTION ( 'NONE',  ( 0.000000000000000000, -0.000000000000000000, -1.000000000000000000 ) ) ;
#9328 = CARTESIAN_POINT ( 'NONE',  ( -34.10000000000000142, 8.500000000000000000, 9.525000000000002132 ) ) ;
#9329 = EDGE_CURVE ( 'NONE', #9894, #12186, #7693, .T. ) ;
#9330 = ORIENTED_EDGE ( 'NONE', *, *, #5898, .F. ) ;
#9331 = DIRECTION ( 'NONE',  ( 0.000000000000000000, -1.000000000000000000, 0.000000000000000000 ) ) ;
#9332 = DIRECTION ( 'NONE',  ( -1.000000000000000000, -2.569960705150817904E-15, 0.000000000000000000 ) ) ;
#9333 = CARTESIAN_POINT ( 'NONE',  ( 5.200000000000002842, 0.000000000000000000, -18.00000000000000000 ) ) ;
#9334 = SURFACE_SIDE_STYLE ('',( #10514 ) ) ;
#9335 = VECTOR ( 'NONE', #7964, 1000.000000000000000 ) ;
#9336 = EDGE_CURVE ( 'NONE', #1265, #1839, #8322, .T. ) ;
#9337 = DIRECTION ( 'NONE',  ( 0.000000000000000000, 0.000000000000000000, -1.000000000000000000 ) ) ;
#9338 = ORIENTED_EDGE ( 'NONE', *, *, #11328, .F. ) ;
#9339 = EDGE_CURVE ( 'NONE', #4418, #1366, #6730, .T. ) ;
#9340 = DIRECTION ( 'NONE',  ( 2.569960705150817904E-15, -1.000000000000000000, 6.123233995736766036E-17 ) ) ;
#9341 = PRESENTATION_STYLE_ASSIGNMENT (( #8126 ) ) ;
#9342 = CIRCLE ( 'NONE', #12282, 0.8999999999999980238 ) ;
#9343 = VERTEX_POINT ( 'NONE', #9732 ) ;
#9344 = EDGE_LOOP ( 'NONE', ( #8495, #5646 ) ) ;
#9345 = DIRECTION ( 'NONE',  ( -2.569960705151068762E-15, -1.000000000000000000, 0.000000000000000000 ) ) ;
#9346 = LINE ( 'NONE', #5358, #575 ) ;
#9347 = VERTEX_POINT ( 'NONE', #12581 ) ;
#9348 = CARTESIAN_POINT ( 'NONE',  ( 35.14999999999999858, 8.199999999999999289, -11.69292893218813667 ) ) ;
#9349 = MECHANICAL_DESIGN_GEOMETRIC_PRESENTATION_REPRESENTATION (  '', ( #1821 ), #4750 ) ;
#9350 = DIRECTION ( 'NONE',  ( 0.7071067811865513475, -0.000000000000000000, 0.7071067811865437980 ) ) ;
#9351 = LINE ( 'NONE', #8187, #1398 ) ;
#9352 = VECTOR ( 'NONE', #7991, 1000.000000000000000 ) ;
#9353 = VECTOR ( 'NONE', #6154, 1000.000000000000000 ) ;
#9354 = FACE_OUTER_BOUND ( 'NONE', #2042, .T. ) ;
#9355 = VECTOR ( 'NONE', #5987, 1000.000000000000000 ) ;
#9356 = DIRECTION ( 'NONE',  ( 1.000000000000000000, 3.491481338843133355E-15, 0.000000000000000000 ) ) ;
#9357 = VECTOR ( 'NONE', #8276, 1000.000000000000000 ) ;
#9358 = VECTOR ( 'NONE', #1108, 1000.000000000000000 ) ;
#9359 = EDGE_LOOP ( 'NONE', ( #12365, #4929, #1902, #5126 ) ) ;
#9360 = ADVANCED_FACE ( 'NONE', ( #10597 ), #2622, .F. ) ;
#9361 = AXIS2_PLACEMENT_3D ( 'NONE', #4588, #1707, #7594 ) ;
#9362 = CARTESIAN_POINT ( 'NONE',  ( 1.919999999999998153, 1.600000000000000089, -18.00000000000000000 ) ) ;
#9363 = VECTOR ( 'NONE', #9350, 1000.000000000000000 ) ;
#9364 = ORIENTED_EDGE ( 'NONE', *, *, #11068, .F. ) ;
#9365 = FACE_OUTER_BOUND ( 'NONE', #12694, .T. ) ;
#9366 = DIRECTION ( 'NONE',  ( 0.000000000000000000, -0.000000000000000000, 1.000000000000000000 ) ) ;
#9367 = ORIENTED_EDGE ( 'NONE', *, *, #3797, .F. ) ;
#9368 = CARTESIAN_POINT ( 'NONE',  ( 35.14798000000000400, 8.199999999999999289, 11.69292893218813667 ) ) ;
#9369 = CIRCLE ( 'NONE', #2889, 2.199999999999998845 ) ;
#9370 = VECTOR ( 'NONE', #223, 1000.000000000000000 ) ;
#9371 = EDGE_CURVE ( 'NONE', #5266, #8170, #3740, .T. ) ;
#9372 = LINE ( 'NONE', #11474, #11049 ) ;
#9373 = AXIS2_PLACEMENT_3D ( 'NONE', #8685, #5621, #4578 ) ;
#9374 = PLANE ( 'NONE',  #3923 ) ;
#9375 = EDGE_CURVE ( 'NONE', #8361, #3148, #2691, .T. ) ;
#9376 = ORIENTED_EDGE ( 'NONE', *, *, #12120, .T. ) ;
#9377 = CARTESIAN_POINT ( 'NONE',  ( -12.57999999999999829, 0.000000000000000000, -18.00000000000000000 ) ) ;
#9378 = ORIENTED_EDGE ( 'NONE', *, *, #1236, .F. ) ;
#9379 = VECTOR ( 'NONE', #9216, 1000.000000000000000 ) ;
#9380 = EDGE_LOOP ( 'NONE', ( #6874, #104, #1762, #12847 ) ) ;
#9381 = CARTESIAN_POINT ( 'NONE',  ( 6.100000000000001421, 0.000000000000000000, -14.59999999999999787 ) ) ;
#9382 = VECTOR ( 'NONE', #3612, 1000.000000000000000 ) ;
#9383 = DIRECTION ( 'NONE',  ( 0.000000000000000000, -0.000000000000000000, -1.000000000000000000 ) ) ;
#9384 = EDGE_LOOP ( 'NONE', ( #8082, #5723, #1717, #6849, #8413, #10875, #11160, #12902, #8900, #7870, #974, #6481, #1919, #4541, #10678, #12206, #7778, #2443, #12717, #8019, #10534, #4874, #7522, #8145, #982, #4389, #2149, #3428, #10162, #12410, #7740, #7303, #5371, #8002, #5, #666, #11306, #11748, #11781, #3402, #7421, #5946, #12240, #12158, #9039, #5979, #577, #4476, #5488, #6614, #1237, #3691, #12252, #1245, #9636, #10179, #2951, #8234, #258, #7550, #11783, #2703, #4792, #5739, #6138, #5571, #2630, #2604, #9191, #1733, #8707, #8755, #10665, #12651, #5907, #3907, #8826, #4915, #10146, #2536, #7814, #1909, #12560, #6821 ) ) ;
#9385 = CARTESIAN_POINT ( 'NONE',  ( -37.70000000000000284, 0.000000000000000000, -17.89999999999999858 ) ) ;
#9386 = VECTOR ( 'NONE', #10031, 1000.000000000000000 ) ;
#9387 = CARTESIAN_POINT ( 'NONE',  ( -5.700000000000041922, -6.222539674441619262, -8.631984016460597151E-14 ) ) ;
#9388 = APPLICATION_CONTEXT ( 'automotive_design' ) ;
#9389 = ORIENTED_EDGE ( 'NONE', *, *, #2690, .T. ) ;
#9390 = CARTESIAN_POINT ( 'NONE',  ( -22.74000000000003752, -6.222539674441619262, -9.131584377541916332E-14 ) ) ;
#9391 = EDGE_CURVE ( 'NONE', #7999, #3200, #4971, .T. ) ;
#9392 = DIRECTION ( 'NONE',  ( -1.000000000000000000, -0.000000000000000000, -0.000000000000000000 ) ) ;
#9393 = CYLINDRICAL_SURFACE ( 'NONE', #2873, 0.3999999999999975797 ) ;
#9394 = FACE_OUTER_BOUND ( 'NONE', #10743, .T. ) ;
#9395 = CIRCLE ( 'NONE', #6045, 0.8999999999999980238 ) ;
#9396 = ORIENTED_EDGE ( 'NONE', *, *, #2743, .T. ) ;
#9397 = CARTESIAN_POINT ( 'NONE',  ( -40.00000000000000000, 0.000000000000000000, -18.00000000000000000 ) ) ;
#9398 = VERTEX_POINT ( 'NONE', #8773 ) ;
#9399 = PRESENTATION_LAYER_ASSIGNMENT (  '', '', ( #10007 ) ) ;
#9400 = EDGE_CURVE ( 'NONE', #5194, #2402, #8510, .T. ) ;
#9401 = CARTESIAN_POINT ( 'NONE',  ( 37.70000000000032969, 1.600000000000000089, 14.30000000000000249 ) ) ;
#9402 = CARTESIAN_POINT ( 'NONE',  ( 33.02000000000000313, 0.000000000000000000, 0.000000000000000000 ) ) ;
#9403 = ORIENTED_EDGE ( 'NONE', *, *, #3068, .F. ) ;
#9404 = VECTOR ( 'NONE', #4513, 1000.000000000000000 ) ;
#9405 = FACE_OUTER_BOUND ( 'NONE', #547, .T. ) ;
#9406 = SURFACE_STYLE_FILL_AREA ( #2542 ) ;
#9407 = FACE_OUTER_BOUND ( 'NONE', #10692, .T. ) ;
#9408 = SURFACE_STYLE_USAGE ( .BOTH. , #5423 ) ;
#9409 = DIRECTION ( 'NONE',  ( 2.775557561562888984E-15, 0.000000000000000000, -1.000000000000000000 ) ) ;
#9410 = EDGE_CURVE ( 'NONE', #4910, #7662, #1650, .T. ) ;
#9411 =( GEOMETRIC_REPRESENTATION_CONTEXT ( 3 ) GLOBAL_UNCERTAINTY_ASSIGNED_CONTEXT ( ( #10575 ) ) GLOBAL_UNIT_ASSIGNED_CONTEXT ( ( #4276, #6043, #6360 ) ) REPRESENTATION_CONTEXT ( 'NONE', 'WORKASPACE' ) );
#9412 = ORIENTED_EDGE ( 'NONE', *, *, #7903, .F. ) ;
#9413 = EDGE_CURVE ( 'NONE', #9343, #11960, #8539, .T. ) ;
#9414 = CARTESIAN_POINT ( 'NONE',  ( -19.29999999999999716, 0.000000000000000000, -15.49999999999999645 ) ) ;
#9415 = EDGE_CURVE ( 'NONE', #4491, #929, #12632, .T. ) ;
#9416 = CARTESIAN_POINT ( 'NONE',  ( -4.059999999999997833, 1.600000000000000089, -15.49999999999999645 ) ) ;
#9417 = CIRCLE ( 'NONE', #5026, 1.000000000000000000 ) ;
#9418 = ORIENTED_EDGE ( 'NONE', *, *, #11517, .F. ) ;
#9419 = VECTOR ( 'NONE', #7187, 1000.000000000000000 ) ;
#9420 = EDGE_LOOP ( 'NONE', ( #6698, #823, #10506, #7538 ) ) ;
#9421 = ADVANCED_FACE ( 'NONE', ( #9613 ), #5563, .T. ) ;
#9422 = DIRECTION ( 'NONE',  ( 0.000000000000000000, 1.000000000000000000, 0.000000000000000000 ) ) ;
#9423 = DIRECTION ( 'NONE',  ( 0.000000000000000000, 0.000000000000000000, 1.000000000000000000 ) ) ;
#9424 = ORIENTED_EDGE ( 'NONE', *, *, #274, .T. ) ;
#9425 = CARTESIAN_POINT ( 'NONE',  ( -28.56000000000000227, 0.000000000000000000, -15.49999999999999645 ) ) ;
#9426 = CARTESIAN_POINT ( 'NONE',  ( 1.920000000000005036, 0.000000000000000000, -18.00000000000000000 ) ) ;
#9427 = EDGE_CURVE ( 'NONE', #9456, #3607, #7785, .T. ) ;
#9428 = CARTESIAN_POINT ( 'NONE',  ( 12.50000000000000355, 4.599999999999999645, -2.147727943148364016 ) ) ;
#9429 = CARTESIAN_POINT ( 'NONE',  ( 38.10000000000000142, 1.600000000000000089, 0.000000000000000000 ) ) ;
#9430 = ORIENTED_EDGE ( 'NONE', *, *, #11492, .F. ) ;
#9431 = EDGE_CURVE ( 'NONE', #11544, #1696, #10672, .T. ) ;
#9432 = CARTESIAN_POINT ( 'NONE',  ( -37.69999999999967599, -6.222539674441619262, 15.69999999999999929 ) ) ;
#9433 = CARTESIAN_POINT ( 'NONE',  ( -21.83999999999999986, 0.000000000000000000, -15.49999999999999645 ) ) ;
#9434 = ORIENTED_EDGE ( 'NONE', *, *, #12353, .T. ) ;
#9435 = CARTESIAN_POINT ( 'NONE',  ( -35.15000000000000568, 8.199999999999999289, -11.50000000000002487 ) ) ;
#9436 = DIRECTION ( 'NONE',  ( 0.000000000000000000, 1.000000000000000000, 0.000000000000000000 ) ) ;
#9437 = VERTEX_POINT ( 'NONE', #11777 ) ;
#9438 = EDGE_CURVE ( 'NONE', #8507, #4371, #3094, .T. ) ;
#9439 = DIRECTION ( 'NONE',  ( 0.000000000000000000, 1.000000000000000000, -0.000000000000000000 ) ) ;
#9440 = CARTESIAN_POINT ( 'NONE',  ( 0.1200000000000089884, -6.222539674441619262, -18.00000000000000000 ) ) ;
#9441 = VERTEX_POINT ( 'NONE', #7727 ) ;
#9442 = ORIENTED_EDGE ( 'NONE', *, *, #7963, .T. ) ;
#9443 = ORIENTED_EDGE ( 'NONE', *, *, #3244, .F. ) ;
#9444 = FACE_OUTER_BOUND ( 'NONE', #6288, .T. ) ;
#9445 = DIRECTION ( 'NONE',  ( 0.000000000000000000, 0.000000000000000000, 1.000000000000000000 ) ) ;
#9446 = ORIENTED_EDGE ( 'NONE', *, *, #10390, .F. ) ;
#9447 = CARTESIAN_POINT ( 'NONE',  ( 3.560000000000000497, 0.000000000000000000, -15.99999999999999645 ) ) ;
#9448 = CYLINDRICAL_SURFACE ( 'NONE', #7667, 0.8999999999999980238 ) ;
#9449 = ORIENTED_EDGE ( 'NONE', *, *, #8248, .T. ) ;
#9450 = CARTESIAN_POINT ( 'NONE',  ( -22.73999999999998778, 0.000000000000000000, -18.00000000000000000 ) ) ;
#9451 = EDGE_CURVE ( 'NONE', #10103, #377, #6783, .T. ) ;
#9452 = DIRECTION ( 'NONE',  ( -0.000000000000000000, 1.000000000000000000, -0.000000000000000000 ) ) ;
#9453 = SPHERICAL_SURFACE ( 'NONE', #6436, 0.2000000000000000111 ) ;
#9454 = CIRCLE ( 'NONE', #4658, 0.8999999999999980238 ) ;
#9455 = DIRECTION ( 'NONE',  ( -0.000000000000000000, -0.000000000000000000, 1.000000000000000000 ) ) ;
#9456 = VERTEX_POINT ( 'NONE', #11591 ) ;
#9457 = CARTESIAN_POINT ( 'NONE',  ( -17.66000000000000014, 0.000000000000000000, -15.49999999999999645 ) ) ;
#9458 = EDGE_LOOP ( 'NONE', ( #4878, #12108, #3057, #5254 ) ) ;
#9459 = CARTESIAN_POINT ( 'NONE',  ( -40.00000000000000000, 0.000000000000000000, -18.00000000000000000 ) ) ;
#9460 = DIRECTION ( 'NONE',  ( 0.000000000000000000, 1.000000000000000000, 0.000000000000000000 ) ) ;
#9461 = ORIENTED_EDGE ( 'NONE', *, *, #9755, .T. ) ;
#9462 = EDGE_CURVE ( 'NONE', #5560, #2464, #3548, .T. ) ;
#9463 = DIRECTION ( 'NONE',  ( 2.775557561562888984E-15, 0.000000000000000000, -1.000000000000000000 ) ) ;
#9464 = CYLINDRICAL_SURFACE ( 'NONE', #6399, 0.4999999999999987232 ) ;
#9465 = DIRECTION ( 'NONE',  ( 2.775557561562888984E-15, 0.000000000000000000, -1.000000000000000000 ) ) ;
#9466 = VECTOR ( 'NONE', #11971, 1000.000000000000000 ) ;
#9467 = LINE ( 'NONE', #5604, #137 ) ;
#9468 = EDGE_LOOP ( 'NONE', ( #8209, #7402, #2534, #11687 ) ) ;
#9469 = EDGE_LOOP ( 'NONE', ( #11869, #5824, #10435, #9533, #225 ) ) ;
#9470 = EDGE_CURVE ( 'NONE', #3191, #9908, #8041, .T. ) ;
#9471 = ORIENTED_EDGE ( 'NONE', *, *, #4976, .T. ) ;
#9472 = ORIENTED_EDGE ( 'NONE', *, *, #5582, .T. ) ;
#9473 = CARTESIAN_POINT ( 'NONE',  ( -9.139999999999998792, 1.600000000000000089, -15.49999999999999645 ) ) ;
#9474 = CARTESIAN_POINT ( 'NONE',  ( 0.1199999999999604161, 0.000000000000000000, -9.131584377541916332E-14 ) ) ;
#9475 = VERTEX_POINT ( 'NONE', #7980 ) ;
#9477 = EDGE_CURVE ( 'NONE', #5266, #609, #8115, .T. ) ;
#9476 = LINE ( 'NONE', #8759, #647 ) ;
#9478 = CARTESIAN_POINT ( 'NONE',  ( -3.159999999999999698, 0.000000000000000000, -15.49999999999999645 ) ) ;
#9479 = EDGE_CURVE ( 'NONE', #2813, #5193, #10411, .T. ) ;
#9480 = EDGE_CURVE ( 'NONE', #6504, #10393, #3142, .T. ) ;
#9481 = VERTEX_POINT ( 'NONE', #3927 ) ;
#9482 = DIRECTION ( 'NONE',  ( 2.775557561562888984E-15, 0.000000000000000000, -1.000000000000000000 ) ) ;
#9483 = ORIENTED_EDGE ( 'NONE', *, *, #9371, .F. ) ;
#9484 = DIRECTION ( 'NONE',  ( 0.000000000000000000, 1.000000000000000000, -0.000000000000000000 ) ) ;
#9485 = DIRECTION ( 'NONE',  ( -1.000000000000000000, 0.000000000000000000, -0.000000000000000000 ) ) ;
#9486 = EDGE_LOOP ( 'NONE', ( #6714, #1771, #12527, #12666 ) ) ;
#9487 = ADVANCED_FACE ( 'NONE', ( #7054 ), #10002, .F. ) ;
#9488 = CARTESIAN_POINT ( 'NONE',  ( -12.58000000000003915, 0.000000000000000000, -9.131584377541916332E-14 ) ) ;
#9489 = DIRECTION ( 'NONE',  ( 1.000000000000000000, 0.000000000000000000, 2.775557561562888984E-15 ) ) ;
#9490 = CARTESIAN_POINT ( 'NONE',  ( -6.599999999999997868, 0.000000000000000000, -15.99999999999999645 ) ) ;
#9491 = ADVANCED_FACE ( 'NONE', ( #12034 ), #7128, .T. ) ;
#9492 = EDGE_LOOP ( 'NONE', ( #7386, #8274 ) ) ;
#9493 = VERTEX_POINT ( 'NONE', #7 ) ;
#9494 = ORIENTED_EDGE ( 'NONE', *, *, #3076, .T. ) ;
#9495 = DIRECTION ( 'NONE',  ( -5.930678550348046247E-16, 0.000000000000000000, 1.000000000000000000 ) ) ;
#9496 = ORIENTED_EDGE ( 'NONE', *, *, #10642, .F. ) ;
#9497 = DIRECTION ( 'NONE',  ( 0.000000000000000000, 0.000000000000000000, 1.000000000000000000 ) ) ;
#9498 = LINE ( 'NONE', #11356, #12685 ) ;
#9499 = ORIENTED_EDGE ( 'NONE', *, *, #4338, .F. ) ;
#9500 = CARTESIAN_POINT ( 'NONE',  ( -35.05439733175265360, 8.378445380721959879, 11.56430964406271400 ) ) ;
#9501 = DIRECTION ( 'NONE',  ( 0.000000000000000000, 1.000000000000000000, -0.000000000000000000 ) ) ;
#9502 = DIRECTION ( 'NONE',  ( 1.000000000000000000, 0.000000000000000000, 2.775557561562888984E-15 ) ) ;
#9503 = ORIENTED_EDGE ( 'NONE', *, *, #7044, .F. ) ;
#9504 = DIRECTION ( 'NONE',  ( 1.000000000000000000, 0.000000000000000000, 2.775557561562888984E-15 ) ) ;
#9505 = VERTEX_POINT ( 'NONE', #6923 ) ;
#9506 = FACE_OUTER_BOUND ( 'NONE', #6815, .T. ) ;
#9507 = AXIS2_PLACEMENT_3D ( 'NONE', #8426, #3517, #12423 ) ;
#9508 = CARTESIAN_POINT ( 'NONE',  ( 3.560000000000000497, 0.000000000000000000, -15.49999999999999645 ) ) ;
#9509 = VERTEX_POINT ( 'NONE', #12897 ) ;
#9510 = DIRECTION ( 'NONE',  ( 0.000000000000000000, 1.000000000000000000, -0.000000000000000000 ) ) ;
#9511 = DIRECTION ( 'NONE',  ( 0.000000000000000000, 1.000000000000000000, -0.000000000000000000 ) ) ;
#9512 = DIRECTION ( 'NONE',  ( -0.000000000000000000, 1.000000000000000000, -0.000000000000000000 ) ) ;
#9513 = CARTESIAN_POINT ( 'NONE',  ( -35.07854716866210509, 8.408981756223800730, -11.85674511696196909 ) ) ;
#9514 = DIRECTION ( 'NONE',  ( -1.000000000000000000, -0.000000000000000000, -0.000000000000000000 ) ) ;
#9515 = VECTOR ( 'NONE', #4241, 1000.000000000000000 ) ;
#9516 = ORIENTED_EDGE ( 'NONE', *, *, #1617, .T. ) ;
#9517 = EDGE_CURVE ( 'NONE', #5532, #6691, #10827, .T. ) ;
#9518 = ORIENTED_EDGE ( 'NONE', *, *, #4458, .F. ) ;
#9519 = DIRECTION ( 'NONE',  ( 0.000000000000000000, 1.000000000000000000, -0.000000000000000000 ) ) ;
#9520 = DIRECTION ( 'NONE',  ( 0.000000000000000000, 0.000000000000000000, 1.000000000000000000 ) ) ;
#9521 = ORIENTED_EDGE ( 'NONE', *, *, #12104, .T. ) ;
#9522 = ORIENTED_EDGE ( 'NONE', *, *, #2153, .T. ) ;
#9523 = CARTESIAN_POINT ( 'NONE',  ( 37.70000000000000284, 0.000000000000000000, -15.69999999999999929 ) ) ;
#9524 = CARTESIAN_POINT ( 'NONE',  ( -32.00000000000000000, 1.600000000000000089, -14.59999999999999787 ) ) ;
#9525 = ORIENTED_EDGE ( 'NONE', *, *, #4630, .T. ) ;
#9526 = LINE ( 'NONE', #582, #12366 ) ;
#9527 = VECTOR ( 'NONE', #1623, 1000.000000000000000 ) ;
#9528 = DIRECTION ( 'NONE',  ( 0.000000000000000000, 1.000000000000000000, -0.000000000000000000 ) ) ;
#9529 = ADVANCED_FACE ( 'NONE', ( #915, #2092 ), #2944, .T. ) ;
#9530 = EDGE_CURVE ( 'NONE', #12875, #80, #6085, .T. ) ;
#9531 = VECTOR ( 'NONE', #8671, 1000.000000000000000 ) ;
#9532 = AXIS2_PLACEMENT_3D ( 'NONE', #2152, #2946, #6145 ) ;
#9533 = ORIENTED_EDGE ( 'NONE', *, *, #3979, .F. ) ;
#9534 = ADVANCED_FACE ( 'NONE', ( #2015 ), #10062, .F. ) ;
#9535 = EDGE_CURVE ( 'NONE', #10571, #3014, #9978, .T. ) ;
#9536 = DIRECTION ( 'NONE',  ( -0.000000000000000000, 1.000000000000000000, -0.000000000000000000 ) ) ;
#9537 = CLOSED_SHELL ( 'NONE', ( #1292, #313, #4503, #5956, #8698, #8776, #11715, #4586, #4051 ) ) ;
#9538 = DIRECTION ( 'NONE',  ( 0.000000000000000000, 1.000000000000000000, 0.000000000000000000 ) ) ;
#9539 = EDGE_LOOP ( 'NONE', ( #10352, #12952, #1966, #1457 ) ) ;
#9540 = DIRECTION ( 'NONE',  ( -0.000000000000000000, 1.000000000000000000, -0.000000000000000000 ) ) ;
#9541 = PRESENTATION_LAYER_ASSIGNMENT (  '', '', ( #987 ) ) ;
#9542 = CARTESIAN_POINT ( 'NONE',  ( 34.95000000000000284, 8.399999999999998579, 11.69292893218813667 ) ) ;
#9543 = ORIENTED_EDGE ( 'NONE', *, *, #10761, .F. ) ;
#9544 = AXIS2_PLACEMENT_3D ( 'NONE', #5619, #5496, #7445 ) ;
#9545 = PRESENTATION_STYLE_ASSIGNMENT (( #11538 ) ) ;
#9546 = VECTOR ( 'NONE', #9465, 1000.000000000000000 ) ;
#9547 =( GEOMETRIC_REPRESENTATION_CONTEXT ( 3 ) GLOBAL_UNCERTAINTY_ASSIGNED_CONTEXT ( ( #3647 ) ) GLOBAL_UNIT_ASSIGNED_CONTEXT ( ( #11110, #2137, #1102 ) ) REPRESENTATION_CONTEXT ( 'NONE', 'WORKASPACE' ) );
#9548 = DIRECTION ( 'NONE',  ( -1.000000000000000000, 0.000000000000000000, 5.132317976262744134E-17 ) ) ;
#9549 = VECTOR ( 'NONE', #10113, 1000.000000000000000 ) ;
#9550 = EDGE_CURVE ( 'NONE', #6321, #1476, #7055, .T. ) ;
#9551 = PLANE ( 'NONE',  #4125 ) ;
#9552 = DIRECTION ( 'NONE',  ( 0.000000000000000000, 0.000000000000000000, -1.000000000000000000 ) ) ;
#9553 = VECTOR ( 'NONE', #9924, 1000.000000000000000 ) ;
#9554 = AXIS2_PLACEMENT_3D ( 'NONE', #10076, #2959, #4071 ) ;
#9555 = ORIENTED_EDGE ( 'NONE', *, *, #12859, .F. ) ;
#9556 = DIRECTION ( 'NONE',  ( 0.000000000000000000, 1.000000000000000000, 0.000000000000000000 ) ) ;
#9557 = EDGE_LOOP ( 'NONE', ( #9862, #7851, #1007, #1334 ) ) ;
#9558 = DIRECTION ( 'NONE',  ( 0.000000000000000000, 1.000000000000000000, 0.000000000000000000 ) ) ;
#9559 = LINE ( 'NONE', #9686, #2664 ) ;
#9560 = EDGE_LOOP ( 'NONE', ( #2802, #12164, #2159, #7793 ) ) ;
#9561 = AXIS2_PLACEMENT_3D ( 'NONE', #6562, #3573, #7559 ) ;
#9562 = CARTESIAN_POINT ( 'NONE',  ( 1.919999999999956408, 0.000000000000000000, -8.631984016460597151E-14 ) ) ;
#9563 = ADVANCED_FACE ( 'NONE', ( #8114 ), #12114, .F. ) ;
#9564 = VECTOR ( 'NONE', #8999, 1000.000000000000000 ) ;
#9565 = DIRECTION ( 'NONE',  ( 0.000000000000000000, 0.000000000000000000, 1.000000000000000000 ) ) ;
#9566 = VERTEX_POINT ( 'NONE', #857 ) ;
#9567 = CIRCLE ( 'NONE', #4975, 0.8999999999999980238 ) ;
#9568 = CARTESIAN_POINT ( 'NONE',  ( 35.14292893218813418, 8.200000000000001066, -11.50000000000000000 ) ) ;
#9569 = CIRCLE ( 'NONE', #3935, 0.8999999999999980238 ) ;
#9570 = ADVANCED_FACE ( 'NONE', ( #1895, #2870 ), #4851, .T. ) ;
#9571 = AXIS2_PLACEMENT_3D ( 'NONE', #1710, #8639, #2805 ) ;
#9572 = CARTESIAN_POINT ( 'NONE',  ( -4.059999999999997833, -6.222539674441619262, -15.49999999999999645 ) ) ;
#9573 = CARTESIAN_POINT ( 'NONE',  ( 35.15000000000000568, 6.200000000000048139, 4.250000000000000000 ) ) ;
#9574 = ORIENTED_EDGE ( 'NONE', *, *, #10642, .T. ) ;
#9575 = DIRECTION ( 'NONE',  ( 0.000000000000000000, 1.000000000000000000, 0.000000000000000000 ) ) ;
#9576 = AXIS2_PLACEMENT_3D ( 'NONE', #6674, #4652, #7658 ) ;
#9577 = ORIENTED_EDGE ( 'NONE', *, *, #8288, .T. ) ;
#9578 = VECTOR ( 'NONE', #8649, 1000.000000000000000 ) ;
#9579 = CARTESIAN_POINT ( 'NONE',  ( -17.66000000000003922, 1.600000000000000089, -9.131584377541916332E-14 ) ) ;
#9580 = CARTESIAN_POINT ( 'NONE',  ( 20.32000000000000028, 0.000000000000000000, -18.00000000000000000 ) ) ;
#9581 = ORIENTED_EDGE ( 'NONE', *, *, #11765, .T. ) ;
#9582 = CIRCLE ( 'NONE', #7080, 0.4500000000000007327 ) ;
#9583 = FILL_AREA_STYLE_COLOUR ( '', #7467 ) ;
#9584 = CARTESIAN_POINT ( 'NONE',  ( -10.78000000000004377, 0.000000000000000000, -8.631984016460597151E-14 ) ) ;
#9585 = CIRCLE ( 'NONE', #3124, 1.000000000000000000 ) ;
#9586 = DIRECTION ( 'NONE',  ( 0.000000000000000000, 0.000000000000000000, -1.000000000000000000 ) ) ;
#9587 = VECTOR ( 'NONE', #2704, 1000.000000000000000 ) ;
#9588 = LINE ( 'NONE', #12425, #3904 ) ;
#9589 = MECHANICAL_DESIGN_GEOMETRIC_PRESENTATION_REPRESENTATION (  '', ( #11502 ), #11910 ) ;
#9590 = ORIENTED_EDGE ( 'NONE', *, *, #9145, .F. ) ;
#9591 = LINE ( 'NONE', #3644, #4593 ) ;
#9592 = EDGE_LOOP ( 'NONE', ( #12030, #799, #5022, #6870 ) ) ;
#9593 = VECTOR ( 'NONE', #6590, 999.9999999999998863 ) ;
#9594 = DIRECTION ( 'NONE',  ( -0.000000000000000000, 1.000000000000000000, -0.000000000000000000 ) ) ;
#9595 = LINE ( 'NONE', #12756, #9527 ) ;
#9596 = DIRECTION ( 'NONE',  ( 0.000000000000000000, 1.000000000000000000, 0.000000000000000000 ) ) ;
#9597 = CIRCLE ( 'NONE', #2284, 0.4999999999999987232 ) ;
#9598 = EDGE_LOOP ( 'NONE', ( #1792, #2831, #6677, #4515 ) ) ;
#9599 = LINE ( 'NONE', #2669, #668 ) ;
#9600 = PLANE ( 'NONE',  #12494 ) ;
#9601 = VECTOR ( 'NONE', #6910, 1000.000000000000000 ) ;
#9602 = LINE ( 'NONE', #3655, #5650 ) ;
#9603 = EDGE_CURVE ( 'NONE', #3636, #2188, #7843, .T. ) ;
#9604 = DIRECTION ( 'NONE',  ( 0.000000000000000000, 1.000000000000000000, -0.000000000000000000 ) ) ;
#9605 = CYLINDRICAL_SURFACE ( 'NONE', #12947, 0.8999999999999980238 ) ;
#9606 = ADVANCED_FACE ( 'NONE', ( #2360 ), #3205, .F. ) ;
#9607 = AXIS2_PLACEMENT_3D ( 'NONE', #7728, #1651, #12582 ) ;
#9608 = ORIENTED_EDGE ( 'NONE', *, *, #9087, .T. ) ;
#9609 = EDGE_CURVE ( 'NONE', #5056, #5560, #4317, .T. ) ;
#9610 = CARTESIAN_POINT ( 'NONE',  ( -10.77999999999999403, 0.000000000000000000, -18.00000000000000000 ) ) ;
#9611 = VERTEX_POINT ( 'NONE', #7188 ) ;
#9612 = DIRECTION ( 'NONE',  ( 0.000000000000000000, 0.000000000000000000, 1.000000000000000000 ) ) ;
#9613 = FACE_OUTER_BOUND ( 'NONE', #2687, .T. ) ;
#9614 = CARTESIAN_POINT ( 'NONE',  ( -1.131370849898481135, -2.399999999999999467, -12.73994949366116813 ) ) ;
#9615 = AXIS2_PLACEMENT_3D ( 'NONE', #1953, #3926, #5888 ) ;
#9616 = CARTESIAN_POINT ( 'NONE',  ( 1.131370849898470698, 0.000000000000000000, -10.76005050633884785 ) ) ;
#9617 = DIRECTION ( 'NONE',  ( -1.000000000000000000, 0.000000000000000000, 0.000000000000000000 ) ) ;
#9618 = CARTESIAN_POINT ( 'NONE',  ( -35.35000000000000853, 5.700000000000255973, -11.90000000000000213 ) ) ;
#9619 = ORIENTED_EDGE ( 'NONE', *, *, #10977, .F. ) ;
#9620 = LINE ( 'NONE', #7475, #3629 ) ;
#9621 = ORIENTED_EDGE ( 'NONE', *, *, #5009, .F. ) ;
#9622 = ORIENTED_EDGE ( 'NONE', *, *, #7907, .T. ) ;
#9623 = PLANE ( 'NONE',  #12961 ) ;
#9624 = LINE ( 'NONE', #10494, #3917 ) ;
#9625 = ORIENTED_EDGE ( 'NONE', *, *, #3384, .T. ) ;
#9626 = DIRECTION ( 'NONE',  ( 2.453639994309486367E-17, -1.000000000000000000, 0.000000000000000000 ) ) ;
#9627 = FACE_OUTER_BOUND ( 'NONE', #487, .T. ) ;
#9628 = ORIENTED_EDGE ( 'NONE', *, *, #1121, .F. ) ;
#9629 = CARTESIAN_POINT ( 'NONE',  ( -35.35200000000000387, 8.305513762269438161, 11.66069140756920497 ) ) ;
#9630 = EDGE_CURVE ( 'NONE', #3122, #2244, #10194, .T. ) ;
#9631 = DIRECTION ( 'NONE',  ( 2.775557561562888984E-15, 0.000000000000000000, -1.000000000000000000 ) ) ;
#9632 = ADVANCED_FACE ( 'NONE', ( #403 ), #1248, .F. ) ;
#9633 = DIRECTION ( 'NONE',  ( -0.000000000000000000, 1.000000000000000000, -0.000000000000000000 ) ) ;
#9634 = VERTEX_POINT ( 'NONE', #7331 ) ;
#9635 = CARTESIAN_POINT ( 'NONE',  ( -3.160000000000041442, 0.000000000000000000, -8.631984016460597151E-14 ) ) ;
#9636 = ORIENTED_EDGE ( 'NONE', *, *, #12599, .T. ) ;
#9637 = ORIENTED_EDGE ( 'NONE', *, *, #4146, .F. ) ;
#9638 = CARTESIAN_POINT ( 'NONE',  ( -11.67999999999999972, 0.000000000000000000, -15.99999999999999645 ) ) ;
#9639 = CYLINDRICAL_SURFACE ( 'NONE', #3734, 1.000000000000001776 ) ;
#9640 = ORIENTED_EDGE ( 'NONE', *, *, #10830, .T. ) ;
#9641 = AXIS2_PLACEMENT_3D ( 'NONE', #2608, #649, #8435 ) ;
#9642 = CARTESIAN_POINT ( 'NONE',  ( -35.01430964406270618, 8.556890761443925797, -11.70879466350531217 ) ) ;
#9643 = DIRECTION ( 'NONE',  ( 2.775557561562888984E-15, 0.000000000000000000, -1.000000000000000000 ) ) ;
#9644 = FACE_OUTER_BOUND ( 'NONE', #4247, .T. ) ;
#9645 = PLANE ( 'NONE',  #3921 ) ;
#9646 = AXIS2_PLACEMENT_3D ( 'NONE', #8396, #4268, #10484 ) ;
#9647 = DIRECTION ( 'NONE',  ( 0.000000000000000000, -1.000000000000000000, 0.000000000000000000 ) ) ;
#9648 = VECTOR ( 'NONE', #8050, 1000.000000000000000 ) ;
#9649 = ORIENTED_EDGE ( 'NONE', *, *, #3508, .F. ) ;
#9650 = CARTESIAN_POINT ( 'NONE',  ( 35.15000000000001990, 9.084811092708146394E-14, 0.000000000000000000 ) ) ;
#9651 = EDGE_CURVE ( 'NONE', #10694, #4877, #9158, .T. ) ;
#9652 = VERTEX_POINT ( 'NONE', #11122 ) ;
#9653 = UNCERTAINTY_MEASURE_WITH_UNIT (LENGTH_MEASURE( 1.000000000000000082E-05 ), #7314, 'distance_accuracy_value', 'NONE');
#9654 = PLANE ( 'NONE',  #3002 ) ;
#9655 = DIRECTION ( 'NONE',  ( -0.000000000000000000, 0.000000000000000000, 1.000000000000000000 ) ) ;
#9656 = EDGE_CURVE ( 'NONE', #10791, #2792, #7274, .T. ) ;
#9657 = LINE ( 'NONE', #8625, #5923 ) ;
#9658 = VERTEX_POINT ( 'NONE', #9426 ) ;
#9659 = FACE_OUTER_BOUND ( 'NONE', #1155, .T. ) ;
#9660 = CARTESIAN_POINT ( 'NONE',  ( -40.00000000000000000, 0.000000000000000000, 18.00000000000000000 ) ) ;
#9661 = DIRECTION ( 'NONE',  ( 0.000000000000000000, 1.000000000000000000, -0.000000000000000000 ) ) ;
#9662 = DIRECTION ( 'NONE',  ( 0.000000000000000000, -1.000000000000000000, 0.000000000000000000 ) ) ;
#9663 = DIRECTION ( 'NONE',  ( 0.7071067811865486830, 0.000000000000000000, -0.7071067811865464625 ) ) ;
#9664 = VECTOR ( 'NONE', #12461, 999.9999999999998863 ) ;
#9665 = PLANE ( 'NONE',  #2909 ) ;
#9666 = EDGE_CURVE ( 'NONE', #12638, #7671, #11389, .T. ) ;
#9667 = VERTEX_POINT ( 'NONE', #11182 ) ;
#9668 = CARTESIAN_POINT ( 'NONE',  ( -34.79999999999999005, -0.0009999999999992653654, -6.249999999999994671 ) ) ;
#9669 = CARTESIAN_POINT ( 'NONE',  ( -30.35999999999999233, 0.000000000000000000, -18.00000000000000000 ) ) ;
#9670 = ORIENTED_EDGE ( 'NONE', *, *, #12362, .T. ) ;
#9671 = LINE ( 'NONE', #8695, #3362 ) ;
#9672 = CIRCLE ( 'NONE', #12272, 0.4999999999999987232 ) ;
#9673 = DIRECTION ( 'NONE',  ( -0.000000000000000000, 1.000000000000000000, -0.000000000000000000 ) ) ;
#9674 = CARTESIAN_POINT ( 'NONE',  ( -32.89999999999999858, 1.600000000000000089, -15.49999999999999645 ) ) ;
#9675 = DIRECTION ( 'NONE',  ( 0.000000000000000000, 0.000000000000000000, -1.000000000000000000 ) ) ;
#9676 = CARTESIAN_POINT ( 'NONE',  ( -37.69999999999967599, 0.000000000000000000, 15.69999999999999929 ) ) ;
#9677 = ORIENTED_EDGE ( 'NONE', *, *, #2595, .F. ) ;
#9678 = CARTESIAN_POINT ( 'NONE',  ( -18.39999999999999858, -6.222539674441619262, -15.49999999999999645 ) ) ;
#9679 = AXIS2_PLACEMENT_3D ( 'NONE', #6965, #5390, #6236 ) ;
#9680 = ORIENTED_EDGE ( 'NONE', *, *, #5085, .T. ) ;
#9681 = CYLINDRICAL_SURFACE ( 'NONE', #11156, 0.5000000000000004441 ) ;
#9682 = ADVANCED_FACE ( 'NONE', ( #10334 ), #8185, .T. ) ;
#9683 = EDGE_LOOP ( 'NONE', ( #8837, #557, #1348, #3560 ) ) ;
#9684 = ORIENTED_EDGE ( 'NONE', *, *, #6258, .F. ) ;
#9685 = DIRECTION ( 'NONE',  ( 1.000000000000000000, -0.000000000000000000, 2.775557561562888984E-15 ) ) ;
#9686 = CARTESIAN_POINT ( 'NONE',  ( -15.86000000000004384, 1.600000000000000089, -8.631984016460597151E-14 ) ) ;
#9687 = ORIENTED_EDGE ( 'NONE', *, *, #8940, .F. ) ;
#9688 = LINE ( 'NONE', #11601, #1870 ) ;
#9689 = CARTESIAN_POINT ( 'NONE',  ( 37.70000000000000284, 0.000000000000000000, -13.50000000000000000 ) ) ;
#9690 = ORIENTED_EDGE ( 'NONE', *, *, #6703, .F. ) ;
#9691 = DIRECTION ( 'NONE',  ( -1.000000000000000000, 2.775557561563175735E-15, -0.000000000000000000 ) ) ;
#9692 = CYLINDRICAL_SURFACE ( 'NONE', #12919, 1.000000000000000000 ) ;
#9693 = EDGE_CURVE ( 'NONE', #10030, #7595, #2040, .T. ) ;
#9694 = EDGE_CURVE ( 'NONE', #11569, #8592, #5363, .T. ) ;
#9695 = CARTESIAN_POINT ( 'NONE',  ( -33.79999999999999005, 6.899999999999999467, 6.250000000000006217 ) ) ;
#9696 = ORIENTED_EDGE ( 'NONE', *, *, #4814, .F. ) ;
#9697 = CARTESIAN_POINT ( 'NONE',  ( -2.420000000000040341, 1.600000000000000089, -9.131584377541916332E-14 ) ) ;
#9698 = ORIENTED_EDGE ( 'NONE', *, *, #1971, .F. ) ;
#9699 = ORIENTED_EDGE ( 'NONE', *, *, #8673, .F. ) ;
#9700 = CARTESIAN_POINT ( 'NONE',  ( -28.56000000000000227, 1.600000000000000089, -15.49999999999999645 ) ) ;
#9701 = CARTESIAN_POINT ( 'NONE',  ( 33.80000000000000426, -0.0009999999999992653654, -6.249999999999994671 ) ) ;
#9702 = EDGE_LOOP ( 'NONE', ( #7720, #5699, #11147, #3241 ) ) ;
#9703 = ADVANCED_FACE ( 'NONE', ( #330 ), #266, .F. ) ;
#9704 = EDGE_CURVE ( 'NONE', #5847, #4631, #470, .T. ) ;
#9705 = CYLINDRICAL_SURFACE ( 'NONE', #420, 0.4000000000000010214 ) ;
#9706 = DIRECTION ( 'NONE',  ( 0.000000000000000000, 0.000000000000000000, -1.000000000000000000 ) ) ;
#9707 = DIRECTION ( 'NONE',  ( -0.000000000000000000, 0.000000000000000000, 1.000000000000000000 ) ) ;
#9708 = ORIENTED_EDGE ( 'NONE', *, *, #6065, .F. ) ;
#9709 = CYLINDRICAL_SURFACE ( 'NONE', #3949, 0.4500000000000007327 ) ;
#9710 = ORIENTED_EDGE ( 'NONE', *, *, #6703, .T. ) ;
#9711 = ADVANCED_FACE ( 'NONE', ( #10400 ), #3266, .F. ) ;
#9712 = CARTESIAN_POINT ( 'NONE',  ( -20.94000000000000128, -6.222539674441619262, -15.49999999999999645 ) ) ;
#9713 = CARTESIAN_POINT ( 'NONE',  ( -9.139999999999998792, 1.600000000000000089, -15.49999999999999645 ) ) ;
#9714 = VERTEX_POINT ( 'NONE', #2294 ) ;
#9715 = LINE ( 'NONE', #5876, #1818 ) ;
#9716 = CARTESIAN_POINT ( 'NONE',  ( -33.64999999999999858, 8.500000000000000000, 10.07500000000000462 ) ) ;
#9717 = ADVANCED_FACE ( 'NONE', ( #10123 ), #1450, .F. ) ;
#9718 = DIRECTION ( 'NONE',  ( 0.000000000000000000, 1.000000000000000000, -0.000000000000000000 ) ) ;
#9719 = CIRCLE ( 'NONE', #4093, 2.199999999999998845 ) ;
#9720 = CARTESIAN_POINT ( 'NONE',  ( 1.020000000000000018, 0.000000000000000000, -15.49999999999999645 ) ) ;
#9721 = EDGE_CURVE ( 'NONE', #10883, #9652, #1451, .T. ) ;
#9722 = VECTOR ( 'NONE', #9299, 1000.000000000000000 ) ;
#9723 = PLANE ( 'NONE',  #4175 ) ;
#9724 = AXIS2_PLACEMENT_3D ( 'NONE', #2753, #4485, #1408 ) ;
#9725 = ORIENTED_EDGE ( 'NONE', *, *, #8678, .T. ) ;
#9726 = AXIS2_PLACEMENT_3D ( 'NONE', #10069, #1124, #6331 ) ;
#9727 = CARTESIAN_POINT ( 'NONE',  ( -0.6200000000000440714, 1.600000000000000089, -8.631984016460597151E-14 ) ) ;
#9728 = CARTESIAN_POINT ( 'NONE',  ( -40.00000000000000000, 1.600000000000000089, -18.00000000000000000 ) ) ;
#9729 = VERTEX_POINT ( 'NONE', #3723 ) ;
#9730 = DIRECTION ( 'NONE',  ( 0.000000000000000000, 1.000000000000000000, 0.000000000000000000 ) ) ;
#9731 = AXIS2_PLACEMENT_3D ( 'NONE', #9905, #1743, #3781 ) ;
#9732 = CARTESIAN_POINT ( 'NONE',  ( -9.139999999999998792, 1.600000000000000089, -14.59999999999999787 ) ) ;
#9733 = LINE ( 'NONE', #785, #3683 ) ;
#9734 = VECTOR ( 'NONE', #12384, 1000.000000000000000 ) ;
#9735 = AXIS2_PLACEMENT_3D ( 'NONE', #5345, #4368, #9327 ) ;
#9736 = CARTESIAN_POINT ( 'NONE',  ( -4.059999999999997833, -6.222539674441619262, -14.59999999999999787 ) ) ;
#9737 = ORIENTED_EDGE ( 'NONE', *, *, #9271, .T. ) ;
#9738 = DIRECTION ( 'NONE',  ( 0.000000000000000000, 1.000000000000000000, 0.000000000000000000 ) ) ;
#9739 = CLOSED_SHELL ( 'NONE', ( #926, #7781, #4894, #4302, #4235, #7648 ) ) ;
#9740 = ORIENTED_EDGE ( 'NONE', *, *, #3333, .T. ) ;
#9741 = CARTESIAN_POINT ( 'NONE',  ( 34.98243834242075678, 8.599999999999999645, 11.60564310607841243 ) ) ;
#9742 = ORIENTED_EDGE ( 'NONE', *, *, #1165, .T. ) ;
#9743 = ORIENTED_EDGE ( 'NONE', *, *, #39, .T. ) ;
#9744 = CARTESIAN_POINT ( 'NONE',  ( 2.659999999999961062, 1.600000000000000089, -9.131584377541916332E-14 ) ) ;
#9745 = B_SPLINE_CURVE_WITH_KNOTS ( 'NONE', 3,
 ( #198, #11385, #10189, #9153, #1369, #1244 ),
 .UNSPECIFIED., .F., .F.,
 ( 4, 2, 4 ),
 ( 0.000000000000000000, 0.0003268290260693020965, 0.0006536580521386041931 ),
 .UNSPECIFIED. ) ;
#9746 = AXIS2_PLACEMENT_3D ( 'NONE', #10655, #3460, #6716 ) ;
#9747 = DIRECTION ( 'NONE',  ( 0.000000000000000000, 1.000000000000000000, 0.000000000000000000 ) ) ;
#9748 = VERTEX_POINT ( 'NONE', #524 ) ;
#9749 = DIRECTION ( 'NONE',  ( 0.000000000000000000, -0.000000000000000000, -1.000000000000000000 ) ) ;
#9750 = DIRECTION ( 'NONE',  ( 0.000000000000000000, 1.000000000000000000, 0.000000000000000000 ) ) ;
#9751 = ORIENTED_EDGE ( 'NONE', *, *, #10843, .T. ) ;
#9752 = DIRECTION ( 'NONE',  ( 0.000000000000000000, 1.000000000000000000, -0.000000000000000000 ) ) ;
#9753 = VECTOR ( 'NONE', #3914, 1000.000000000000000 ) ;
#9754 = CARTESIAN_POINT ( 'NONE',  ( 1.020000000000000018, -6.222539674441619262, -15.99999999999999645 ) ) ;
#9755 = EDGE_CURVE ( 'NONE', #11102, #3960, #8749, .T. ) ;
#9756 = DIRECTION ( 'NONE',  ( 0.000000000000000000, 1.000000000000000000, 0.000000000000000000 ) ) ;
#9757 = CIRCLE ( 'NONE', #3081, 0.8999999999999980238 ) ;
#9758 = ORIENTED_EDGE ( 'NONE', *, *, #406, .T. ) ;
#9759 = DIRECTION ( 'NONE',  ( -1.000000000000000000, -0.000000000000000000, -0.000000000000000000 ) ) ;
#9760 = VERTEX_POINT ( 'NONE', #1514 ) ;
#9761 = VECTOR ( 'NONE', #9631, 1000.000000000000000 ) ;
#9762 = ORIENTED_EDGE ( 'NONE', *, *, #2126, .F. ) ;
#9763 = STYLED_ITEM ( 'NONE', ( #2255 ), #11506 ) ;
#9764 = VERTEX_POINT ( 'NONE', #9478 ) ;
#9765 = DIRECTION ( 'NONE',  ( 2.775557561562888984E-15, 0.000000000000000000, -1.000000000000000000 ) ) ;
#9766 = CIRCLE ( 'NONE', #10407, 0.8999999999999980238 ) ;
#9767 = CARTESIAN_POINT ( 'NONE',  ( -15.86000000000000298, 0.000000000000000000, -15.49999999999999645 ) ) ;
#9768 = ORIENTED_EDGE ( 'NONE', *, *, #8193, .T. ) ;
#9769 = AXIS2_PLACEMENT_3D ( 'NONE', #1922, #1143, #8857 ) ;
#9770 = ADVANCED_FACE ( 'NONE', ( #3657 ), #5682, .F. ) ;
#9771 = ORIENTED_EDGE ( 'NONE', *, *, #6024, .F. ) ;
#9772 = VECTOR ( 'NONE', #4522, 1000.000000000000000 ) ;
#9773 = CARTESIAN_POINT ( 'NONE',  ( -34.98223752461893099, 8.602000000000002089, -11.60551376226944775 ) ) ;
#9774 = LINE ( 'NONE', #4823, #629 ) ;
#9775 = FACE_BOUND ( 'NONE', #11469, .T. ) ;
#9776 = SURFACE_STYLE_USAGE ( .BOTH. , #1799 ) ;
#9777 = AXIS2_PLACEMENT_3D ( 'NONE', #10347, #8332, #9181 ) ;
#9778 = CIRCLE ( 'NONE', #3731, 0.8999999999999980238 ) ;
#9779 = CARTESIAN_POINT ( 'NONE',  ( 34.06066017177984406, -2.399999999999999467, 10.54791847198286980 ) ) ;
#9780 = VECTOR ( 'NONE', #8986, 1000.000000000000000 ) ;
#9781 = ORIENTED_EDGE ( 'NONE', *, *, #6127, .T. ) ;
#9782 = LINE ( 'NONE', #10966, #1868 ) ;
#9783 = AXIS2_PLACEMENT_3D ( 'NONE', #1279, #10298, #7479 ) ;
#9784 = EDGE_CURVE ( 'NONE', #7705, #465, #2674, .T. ) ;
#9785 = VERTEX_POINT ( 'NONE', #8760 ) ;
#9786 = FACE_OUTER_BOUND ( 'NONE', #4022, .T. ) ;
#9787 = DIRECTION ( 'NONE',  ( 2.775557561562888984E-15, 0.000000000000000000, -1.000000000000000000 ) ) ;
#9788 = ORIENTED_EDGE ( 'NONE', *, *, #9517, .F. ) ;
#9789 = VECTOR ( 'NONE', #9904, 1000.000000000000000 ) ;
#9790 = DIRECTION ( 'NONE',  ( 2.775557561562888984E-15, 0.000000000000000000, -1.000000000000000000 ) ) ;
#9791 = PLANE ( 'NONE',  #1467 ) ;
#9792 = AXIS2_PLACEMENT_3D ( 'NONE', #2647, #10822, #6626 ) ;
#9793 = DIRECTION ( 'NONE',  ( 0.000000000000000000, -0.000000000000000000, -1.000000000000000000 ) ) ;
#9794 = FACE_OUTER_BOUND ( 'NONE', #8047, .T. ) ;
#9795 = EDGE_CURVE ( 'NONE', #9095, #11188, #3109, .T. ) ;
#9796 = CARTESIAN_POINT ( 'NONE',  ( 35.14292893218813418, 8.200000000000002842, -11.70000000000000107 ) ) ;
#9797 = EDGE_CURVE ( 'NONE', #4436, #5705, #6587, .T. ) ;
#9798 = ORIENTED_EDGE ( 'NONE', *, *, #10509, .T. ) ;
#9799 = EDGE_CURVE ( 'NONE', #11600, #5048, #4369, .T. ) ;
#9800 = DIRECTION ( 'NONE',  ( 0.000000000000000000, 0.000000000000000000, 1.000000000000000000 ) ) ;
#9801 = AXIS2_PLACEMENT_3D ( 'NONE', #5054, #5117, #7993 ) ;
#9802 = ORIENTED_EDGE ( 'NONE', *, *, #4106, .T. ) ;
#9803 = VECTOR ( 'NONE', #12166, 1000.000000000000000 ) ;
#9804 = FACE_OUTER_BOUND ( 'NONE', #3334, .T. ) ;
#9805 = EDGE_CURVE ( 'NONE', #11349, #10103, #768, .T. ) ;
#9806 = DIRECTION ( 'NONE',  ( -2.965339275174023124E-16, -0.000000000000000000, 1.000000000000000000 ) ) ;
#9807 = ORIENTED_EDGE ( 'NONE', *, *, #6689, .T. ) ;
#9808 = AXIS2_PLACEMENT_3D ( 'NONE', #12856, #2774, #937 ) ;
#9809 = CARTESIAN_POINT ( 'NONE',  ( -34.79999999999999005, 7.399999999999999467, -6.249999999999994671 ) ) ;
#9810 = DIRECTION ( 'NONE',  ( 0.000000000000000000, 0.000000000000000000, 1.000000000000000000 ) ) ;
#9811 = CARTESIAN_POINT ( 'NONE',  ( 35.15000000000000568, 5.699999999999991296, 0.000000000000000000 ) ) ;
#9812 = CARTESIAN_POINT ( 'NONE',  ( -16.76000000000000156, 0.000000000000000000, -15.49999999999999645 ) ) ;
#9813 = ORIENTED_EDGE ( 'NONE', *, *, #9410, .F. ) ;
#9814 = DIRECTION ( 'NONE',  ( 2.775557561562888984E-15, 0.000000000000000000, -1.000000000000000000 ) ) ;
#9815 = EDGE_CURVE ( 'NONE', #919, #10136, #1019, .T. ) ;
#9816 = EDGE_LOOP ( 'NONE', ( #8765, #1923, #7150, #2088 ) ) ;
#9817 = CARTESIAN_POINT ( 'NONE',  ( 35.07854716866212641, 8.408981756223807835, 11.85674511696196376 ) ) ;
#9818 = ORIENTED_EDGE ( 'NONE', *, *, #1505, .T. ) ;
#9819 = ORIENTED_EDGE ( 'NONE', *, *, #2659, .T. ) ;
#9820 = DIRECTION ( 'NONE',  ( 0.000000000000000000, 1.000000000000000000, -0.000000000000000000 ) ) ;
#9821 = EDGE_CURVE ( 'NONE', #4080, #7700, #9990, .T. ) ;
#9822 = CARTESIAN_POINT ( 'NONE',  ( -34.79999999999999005, 7.399999999999999467, 6.250000000000006217 ) ) ;
#9823 = ORIENTED_EDGE ( 'NONE', *, *, #607, .F. ) ;
#9824 = VECTOR ( 'NONE', #6921, 1000.000000000000000 ) ;
#9825 = CARTESIAN_POINT ( 'NONE',  ( 35.56000000000000227, 0.000000000000000000, 0.000000000000000000 ) ) ;
#9826 = LINE ( 'NONE', #8652, #8941 ) ;
#9827 = ORIENTED_EDGE ( 'NONE', *, *, #1805, .T. ) ;
#9828 = CARTESIAN_POINT ( 'NONE',  ( 33.98994949366120011, 0.000000000000000000, -10.61862915010154396 ) ) ;
#9829 = CARTESIAN_POINT ( 'NONE',  ( 17.78000000000000114, 1.600000000000000089, -18.00000000000000000 ) ) ;
#9830 = CARTESIAN_POINT ( 'NONE',  ( -14.22000000000000064, -6.222539674441619262, -14.59999999999999787 ) ) ;
#9831 = DIRECTION ( 'NONE',  ( 0.000000000000000000, 1.000000000000000000, 0.000000000000000000 ) ) ;
#9832 = CARTESIAN_POINT ( 'NONE',  ( -14.22000000000000064, 1.600000000000000089, -14.99999999999999822 ) ) ;
#9833 = VERTEX_POINT ( 'NONE', #10658 ) ;
#9834 = ORIENTED_EDGE ( 'NONE', *, *, #5863, .F. ) ;
#9835 = EDGE_CURVE ( 'NONE', #11624, #6530, #10423, .T. ) ;
#9836 = EDGE_LOOP ( 'NONE', ( #5543, #11211, #4442, #11354 ) ) ;
#9837 = LINE ( 'NONE', #6700, #1193 ) ;
#9838 = CARTESIAN_POINT ( 'NONE',  ( -18.40000000000004121, 1.600000000000000089, -8.631984016460597151E-14 ) ) ;
#9839 = ORIENTED_EDGE ( 'NONE', *, *, #11140, .T. ) ;
#9840 = EDGE_CURVE ( 'NONE', #8166, #5678, #12680, .T. ) ;
#9841 = EDGE_LOOP ( 'NONE', ( #7607, #6034, #11015, #2274 ) ) ;
#9842 = PLANE ( 'NONE',  #1429 ) ;
#9843 = CARTESIAN_POINT ( 'NONE',  ( 33.02000000000000313, -6.222539674441619262, -18.00000000000000000 ) ) ;
#9844 = CARTESIAN_POINT ( 'NONE',  ( -34.10000000000000142, 8.500000000000000000, 0.000000000000000000 ) ) ;
#9845 = DIRECTION ( 'NONE',  ( -0.7071067811865517916, 0.000000000000000000, 0.7071067811865431318 ) ) ;
#9846 = CARTESIAN_POINT ( 'NONE',  ( -16.76000000000000156, 1.600000000000000089, -15.49999999999999645 ) ) ;
#9847 = ORIENTED_EDGE ( 'NONE', *, *, #8308, .F. ) ;
#9848 = CARTESIAN_POINT ( 'NONE',  ( 5.200000000000002842, 1.600000000000000089, -15.49999999999999645 ) ) ;
#9849 = ORIENTED_EDGE ( 'NONE', *, *, #6675, .T. ) ;
#9850 = DIRECTION ( 'NONE',  ( -0.000000000000000000, 1.000000000000000000, -0.000000000000000000 ) ) ;
#9851 = DIRECTION ( 'NONE',  ( 0.000000000000000000, 0.000000000000000000, 1.000000000000000000 ) ) ;
#9852 = ADVANCED_FACE ( 'NONE', ( #7449 ), #11451, .T. ) ;
#9853 = ORIENTED_EDGE ( 'NONE', *, *, #860, .T. ) ;
#9854 = CARTESIAN_POINT ( 'NONE',  ( 37.70000000000032969, 1.600000000000000089, 17.89999999999999858 ) ) ;
#9855 = DIRECTION ( 'NONE',  ( 0.000000000000000000, 0.000000000000000000, 1.000000000000000000 ) ) ;
#9856 = FACE_OUTER_BOUND ( 'NONE', #7105, .T. ) ;
#9857 = CIRCLE ( 'NONE', #7362, 2.200000000000000622 ) ;
#9858 = CARTESIAN_POINT ( 'NONE',  ( -33.79999999999999005, 8.400000000000000355, 6.250000000000006217 ) ) ;
#9859 = LINE ( 'NONE', #905, #387 ) ;
#9860 = EDGE_LOOP ( 'NONE', ( #11117, #3589, #960, #8475 ) ) ;
#9861 = EDGE_CURVE ( 'NONE', #9900, #425, #6719, .T. ) ;
#9862 = ORIENTED_EDGE ( 'NONE', *, *, #10969, .F. ) ;
#9863 = EDGE_CURVE ( 'NONE', #4520, #2657, #11529, .T. ) ;
#9864 = CARTESIAN_POINT ( 'NONE',  ( -40.00000000000000000, 1.600000000000000089, 18.00000000000000000 ) ) ;
#9865 = PLANE ( 'NONE',  #2869 ) ;
#9866 = VERTEX_POINT ( 'NONE', #10528 ) ;
#9867 = EDGE_CURVE ( 'NONE', #8196, #5007, #2829, .T. ) ;
#9868 = CARTESIAN_POINT ( 'NONE',  ( -34.95000000000000995, 82.49217232609667860, -11.70000000000002416 ) ) ;
#9869 = EDGE_CURVE ( 'NONE', #6552, #196, #12874, .T. ) ;
#9870 = CARTESIAN_POINT ( 'NONE',  ( -10.04000000000003823, 0.000000000000000000, -9.131584377541916332E-14 ) ) ;
#9871 = CARTESIAN_POINT ( 'NONE',  ( 34.95000000000000284, 8.199999999999999289, 11.50000000000002487 ) ) ;
#9872 = DIRECTION ( 'NONE',  ( -0.000000000000000000, 1.000000000000000000, -0.000000000000000000 ) ) ;
#9873 = VERTEX_POINT ( 'NONE', #4639 ) ;
#9874 = ORIENTED_EDGE ( 'NONE', *, *, #5941, .T. ) ;
#9875 = EDGE_CURVE ( 'NONE', #6217, #12536, #8483, .T. ) ;
#9876 = AXIS2_PLACEMENT_3D ( 'NONE', #7792, #4793, #6931 ) ;
#9877 = ORIENTED_EDGE ( 'NONE', *, *, #2123, .F. ) ;
#9878 = ORIENTED_EDGE ( 'NONE', *, *, #2716, .F. ) ;
#9879 = DIRECTION ( 'NONE',  ( 0.000000000000000000, 0.000000000000000000, -1.000000000000000000 ) ) ;
#9880 = DIRECTION ( 'NONE',  ( 0.000000000000000000, 0.000000000000000000, 1.000000000000000000 ) ) ;
#9881 = ORIENTED_EDGE ( 'NONE', *, *, #6127, .F. ) ;
#9882 = CARTESIAN_POINT ( 'NONE',  ( 31.86862915010155106, 0.000000000000000000, -12.73994949366116991 ) ) ;
#9883 = CARTESIAN_POINT ( 'NONE',  ( -16.76000000000000156, 1.600000000000000089, -15.99999999999999645 ) ) ;
#9884 = EDGE_LOOP ( 'NONE', ( #9963, #6418 ) ) ;
#9885 = CARTESIAN_POINT ( 'NONE',  ( 34.95000000000000284, 8.601999999999998536, 11.50000000000000178 ) ) ;
#9886 = EDGE_CURVE ( 'NONE', #3682, #4418, #10562, .T. ) ;
#9887 = DIRECTION ( 'NONE',  ( 0.000000000000000000, 1.000000000000000000, 0.000000000000000000 ) ) ;
#9888 = PRESENTATION_LAYER_ASSIGNMENT (  '', '', ( #12216 ) ) ;
#9889 = LINE ( 'NONE', #10747, #8120 ) ;
#9890 = EDGE_CURVE ( 'NONE', #6552, #6141, #8027, .T. ) ;
#9891 = ORIENTED_EDGE ( 'NONE', *, *, #8216, .T. ) ;
#9892 = DIRECTION ( 'NONE',  ( 1.000000000000000000, -0.000000000000000000, 0.000000000000000000 ) ) ;
#9893 = ORIENTED_EDGE ( 'NONE', *, *, #4969, .F. ) ;
#9894 = VERTEX_POINT ( 'NONE', #902 ) ;
#9895 = EDGE_LOOP ( 'NONE', ( #12209, #8467, #5814, #9430, #293 ) ) ;
#9896 = CARTESIAN_POINT ( 'NONE',  ( -35.14292893218813418, 8.400000000000000355, -11.70000000000000107 ) ) ;
#9897 = DIRECTION ( 'NONE',  ( 1.000000000000000000, -0.000000000000000000, 2.775557561562888984E-15 ) ) ;
#9898 = VERTEX_POINT ( 'NONE', #8946 ) ;
#9899 = PLANE ( 'NONE',  #7982 ) ;
#9900 = VERTEX_POINT ( 'NONE', #1105 ) ;
#9901 = DIRECTION ( 'NONE',  ( 0.000000000000000000, 0.000000000000000000, 1.000000000000000000 ) ) ;
#9902 = PLANE ( 'NONE',  #11512 ) ;
#9903 = CARTESIAN_POINT ( 'NONE',  ( -15.12000000000004007, 0.000000000000000000, -9.131584377541916332E-14 ) ) ;
#9904 = DIRECTION ( 'NONE',  ( 6.492709255430804803E-32, -6.982962677686266711E-15, 1.000000000000000000 ) ) ;
#9905 = CARTESIAN_POINT ( 'NONE',  ( -37.69999999999967599, -6.222539674441619262, 15.69999999999999929 ) ) ;
#9906 = ORIENTED_EDGE ( 'NONE', *, *, #5880, .F. ) ;
#9907 = DIRECTION ( 'NONE',  ( -0.000000000000000000, 1.000000000000000000, -0.000000000000000000 ) ) ;
#9908 = VERTEX_POINT ( 'NONE', #4954 ) ;
#9909 = EDGE_CURVE ( 'NONE', #12602, #77, #7969, .T. ) ;
#9910 = CARTESIAN_POINT ( 'NONE',  ( -4.059999999999997833, 0.000000000000000000, -14.99999999999999822 ) ) ;
#9911 = LINE ( 'NONE', #6070, #7868 ) ;
#9912 = ORIENTED_EDGE ( 'NONE', *, *, #4195, .F. ) ;
#9913 = DIRECTION ( 'NONE',  ( 0.000000000000000000, 1.000000000000000000, -0.000000000000000000 ) ) ;
#9914 = DIRECTION ( 'NONE',  ( -0.000000000000000000, 1.000000000000000000, -0.000000000000000000 ) ) ;
#9915 = LINE ( 'NONE', #1882, #3254 ) ;
#9916 = DIRECTION ( 'NONE',  ( 0.000000000000000000, 1.000000000000000000, -0.000000000000000000 ) ) ;
#9917 = ADVANCED_FACE ( 'NONE', ( #8819, #4838, #5808, #3912, #3052 ), #7900, .T. ) ;
#9918 = LINE ( 'NONE', #8030, #8721 ) ;
#9919 = ORIENTED_EDGE ( 'NONE', *, *, #11735, .F. ) ;
#9920 = EDGE_CURVE ( 'NONE', #4912, #1366, #964, .T. ) ;
#9921 = ORIENTED_EDGE ( 'NONE', *, *, #1864, .T. ) ;
#9922 = CARTESIAN_POINT ( 'NONE',  ( -35.11069140756920604, 8.305513762269438161, 11.90200000000000102 ) ) ;
#9923 = AXIS2_PLACEMENT_3D ( 'NONE', #12882, #10050, #9073 ) ;
#9924 = DIRECTION ( 'NONE',  ( 2.775557561562888984E-15, 0.000000000000000000, -1.000000000000000000 ) ) ;
#9925 = EDGE_CURVE ( 'NONE', #410, #2083, #1790, .T. ) ;
#9926 = EDGE_LOOP ( 'NONE', ( #6169, #773, #12653, #7382, #5041, #10230, #1166, #10618 ) ) ;
#9927 = DIRECTION ( 'NONE',  ( 0.000000000000000000, 1.000000000000000000, 3.571489509364048017E-15 ) ) ;
#9928 = EDGE_CURVE ( 'NONE', #1996, #4270, #1999, .T. ) ;
#9929 = DIRECTION ( 'NONE',  ( 1.000000000000000000, -0.000000000000000000, 2.775557561562888984E-15 ) ) ;
#9930 = CARTESIAN_POINT ( 'NONE',  ( -21.83999999999999986, 1.600000000000000089, -15.99999999999999645 ) ) ;
#9931 = CARTESIAN_POINT ( 'NONE',  ( -33.79999999999999005, 6.899999999999999467, 7.250000000000006217 ) ) ;
#9932 = VECTOR ( 'NONE', #8278, 1000.000000000000000 ) ;
#9933 = ORIENTED_EDGE ( 'NONE', *, *, #10260, .F. ) ;
#9934 = LINE ( 'NONE', #7733, #5427 ) ;
#9935 = ADVANCED_FACE ( 'NONE', ( #11901 ), #6588, .T. ) ;
#9936 = ORIENTED_EDGE ( 'NONE', *, *, #3659, .F. ) ;
#9937 = ORIENTED_EDGE ( 'NONE', *, *, #8875, .F. ) ;
#9938 = EDGE_LOOP ( 'NONE', ( #3049, #3800, #8124, #5119 ) ) ;
#9939 = CARTESIAN_POINT ( 'NONE',  ( 12.50000000000000355, 4.599999999999999645, 2.147727943148354246 ) ) ;
#9940 = CARTESIAN_POINT ( 'NONE',  ( -34.79999999999999005, 8.400000000000000355, -6.249999999999994671 ) ) ;
#9941 = ORIENTED_EDGE ( 'NONE', *, *, #3627, .F. ) ;
#9942 = CARTESIAN_POINT ( 'NONE',  ( -26.91999999999999815, 1.600000000000000089, -15.49999999999999645 ) ) ;
#9943 = LINE ( 'NONE', #3157, #3928 ) ;
#9944 = VERTEX_POINT ( 'NONE', #7038 ) ;
#9945 = AXIS2_PLACEMENT_3D ( 'NONE', #497, #11417, #11493 ) ;
#9946 = DIRECTION ( 'NONE',  ( -1.000000000000000000, -0.000000000000000000, -0.000000000000000000 ) ) ;
#9947 = AXIS2_PLACEMENT_3D ( 'NONE', #8377, #136, #6091 ) ;
#9948 = DIRECTION ( 'NONE',  ( 2.775557561562888984E-15, 0.000000000000000000, -1.000000000000000000 ) ) ;
#9949 = EDGE_CURVE ( 'NONE', #6055, #8977, #10851, .T. ) ;
#9950 = DIRECTION ( 'NONE',  ( 0.000000000000000000, 1.000000000000000000, 0.000000000000000000 ) ) ;
#9951 = ORIENTED_EDGE ( 'NONE', *, *, #1367, .T. ) ;
#9952 = CARTESIAN_POINT ( 'NONE',  ( 35.05564305317661677, 8.599999999999999645, 11.53243832617696363 ) ) ;
#9953 = VECTOR ( 'NONE', #11821, 1000.000000000000000 ) ;
#9954 = EDGE_LOOP ( 'NONE', ( #2022, #6771 ) ) ;
#9955 = EDGE_CURVE ( 'NONE', #12832, #89, #6972, .T. ) ;
#9956 = EDGE_LOOP ( 'NONE', ( #8437, #10060, #3370, #3616, #1413 ) ) ;
#9957 = VERTEX_POINT ( 'NONE', #3849 ) ;
#9958 = CARTESIAN_POINT ( 'NONE',  ( -4.959999999999995524, 0.000000000000000000, -15.49999999999999645 ) ) ;
#9959 = DIRECTION ( 'NONE',  ( -0.000000000000000000, 1.000000000000000000, -0.000000000000000000 ) ) ;
#9960 = ORIENTED_EDGE ( 'NONE', *, *, #1468, .T. ) ;
#9961 = PLANE ( 'NONE',  #6317 ) ;
#9962 = CLOSED_SHELL ( 'NONE', ( #7877, #9360, #2834, #3023, #5135, #9491, #10907, #10220, #9570 ) ) ;
#9963 = ORIENTED_EDGE ( 'NONE', *, *, #7809, .F. ) ;
#9964 = DIRECTION ( 'NONE',  ( 0.000000000000000000, 1.000000000000000000, -0.000000000000000000 ) ) ;
#9965 = SURFACE_SIDE_STYLE ('',( #3835 ) ) ;
#9966 = AXIS2_PLACEMENT_3D ( 'NONE', #3564, #11668, #1591 ) ;
#9967 = CARTESIAN_POINT ( 'NONE',  ( 5.200000000000009948, 0.000000000000000000, -18.00000000000000000 ) ) ;
#9968 = VECTOR ( 'NONE', #1463, 1000.000000000000000 ) ;
#9969 = CARTESIAN_POINT ( 'NONE',  ( 33.98994949366120011, -2.399999999999999467, -10.61862915010154396 ) ) ;
#9970 = DIRECTION ( 'NONE',  ( 0.000000000000000000, 0.000000000000000000, 1.000000000000000000 ) ) ;
#9971 = ORIENTED_EDGE ( 'NONE', *, *, #8046, .T. ) ;
#9972 = FACE_OUTER_BOUND ( 'NONE', #9309, .T. ) ;
#9973 = PRESENTATION_LAYER_ASSIGNMENT (  '', '', ( #2466 ) ) ;
#9974 = CIRCLE ( 'NONE', #7469, 0.8999999999999980238 ) ;
#9975 = ORIENTED_EDGE ( 'NONE', *, *, #10124, .T. ) ;
#9976 = AXIS2_PLACEMENT_3D ( 'NONE', #5690, #10667, #3606 ) ;
#9977 = DIRECTION ( 'NONE',  ( 2.775557561562888984E-15, 0.000000000000000000, -1.000000000000000000 ) ) ;
#9978 = CIRCLE ( 'NONE', #181, 0.8999999999999980238 ) ;
#9979 = CARTESIAN_POINT ( 'NONE',  ( 35.35000000000000142, 7.949999999999795897, -1.838806884535346889E-15 ) ) ;
#9980 = ORIENTED_EDGE ( 'NONE', *, *, #11749, .F. ) ;
#9981 = FACE_OUTER_BOUND ( 'NONE', #7034, .T. ) ;
#9982 = LINE ( 'NONE', #1811, #9601 ) ;
#9983 = VECTOR ( 'NONE', #4030, 1000.000000000000000 ) ;
#9984 = DIRECTION ( 'NONE',  ( 0.000000000000000000, 1.000000000000000000, 0.000000000000000000 ) ) ;
#9985 = VECTOR ( 'NONE', #12451, 1000.000000000000000 ) ;
#9986 = FACE_BOUND ( 'NONE', #9954, .T. ) ;
#9987 = EDGE_CURVE ( 'NONE', #6724, #4910, #335, .T. ) ;
#9988 = CIRCLE ( 'NONE', #9156, 0.8999999999999980238 ) ;
#9989 = CARTESIAN_POINT ( 'NONE',  ( 34.98223752461893099, 8.602000000000002089, -11.60551376226944420 ) ) ;
#9990 = CIRCLE ( 'NONE', #9373, 0.5000000000000004441 ) ;
#9991 = VERTEX_POINT ( 'NONE', #6911 ) ;
#9992 = DIRECTION ( 'NONE',  ( -0.000000000000000000, 0.000000000000000000, 1.000000000000000000 ) ) ;
#9994 = ORIENTED_EDGE ( 'NONE', *, *, #5501, .T. ) ;
#9993 = AXIS2_PLACEMENT_3D ( 'NONE', #663, #11917, #8777 ) ;
#9995 = VECTOR ( 'NONE', #7089, 1000.000000000000000 ) ;
#9996 = EDGE_CURVE ( 'NONE', #1931, #9282, #7830, .T. ) ;
#9997 = FACE_OUTER_BOUND ( 'NONE', #338, .T. ) ;
#9998 = CARTESIAN_POINT ( 'NONE',  ( 40.00000000000000000, 1.600000000000000089, -18.00000000000000000 ) ) ;
#9999 = ORIENTED_EDGE ( 'NONE', *, *, #3150, .F. ) ;
#10000 = CARTESIAN_POINT ( 'NONE',  ( -26.91999999999999815, 0.000000000000000000, -14.99999999999999822 ) ) ;
#10001 = EDGE_CURVE ( 'NONE', #6504, #9566, #9915, .T. ) ;
#10002 = CYLINDRICAL_SURFACE ( 'NONE', #7905, 0.4999999999999987232 ) ;
#10003 = DIRECTION ( 'NONE',  ( -0.000000000000000000, 1.000000000000000000, -0.000000000000000000 ) ) ;
#10004 = B_SPLINE_SURFACE_WITH_KNOTS ( 'NONE', 1, 3, ( 
 ( #12046, #3870, #3080, #2025, #6871, #6094 ),
 ( #12911, #1126, #7928, #2955, #10799, #5113 ),
 ( #9092, #6934, #5840, #139, #8974, #11001 ),
 ( #10938, #6795, #1964, #991, #1064, #18 ) ),
 .UNSPECIFIED., .F., .F., .F.,
 ( 2, 1, 1, 2 ),
 ( 4, 2, 4 ),
 ( -0.01000000000000000021, 0.000000000000000000, 1.000000000000000000, 1.010099999999999998 ),
 ( 0.000000000000000000, 0.5000000000000000000, 1.000000000000000000 ),
 .UNSPECIFIED. ) ;
#10005 = VECTOR ( 'NONE', #4549, 1000.000000000000000 ) ;
#10006 = CARTESIAN_POINT ( 'NONE',  ( 12.50000000000000355, 4.599999999999999645, -4.898587196589413026E-15 ) ) ;
#10007 = STYLED_ITEM ( 'NONE', ( #948 ), #6994 ) ;
#10008 =( NAMED_UNIT ( * ) PLANE_ANGLE_UNIT ( ) SI_UNIT ( $, .RADIAN. ) );
#10009 = EDGE_CURVE ( 'NONE', #7429, #919, #9016, .T. ) ;
#10010 = ORIENTED_EDGE ( 'NONE', *, *, #1617, .F. ) ;
#10011 = DIRECTION ( 'NONE',  ( 1.000000000000000000, 0.000000000000000000, 0.000000000000000000 ) ) ;
#10012 = AXIS2_PLACEMENT_3D ( 'NONE', #9414, #4445, #9280 ) ;
#10013 = EDGE_LOOP ( 'NONE', ( #3693, #9823, #4718, #8111 ) ) ;
#10014 = PLANE ( 'NONE',  #1040 ) ;
#10015 = LINE ( 'NONE', #9038, #9352 ) ;
#10016 = ORIENTED_EDGE ( 'NONE', *, *, #10533, .T. ) ;
#10017 = LINE ( 'NONE', #8053, #11776 ) ;
#10018 = DIRECTION ( 'NONE',  ( 0.000000000000000000, 1.000000000000000000, -0.000000000000000000 ) ) ;
#10019 = FACE_BOUND ( 'NONE', #7767, .T. ) ;
#10020 = ORIENTED_EDGE ( 'NONE', *, *, #6328, .F. ) ;
#10021 = FACE_OUTER_BOUND ( 'NONE', #1914, .T. ) ;
#10022 = DIRECTION ( 'NONE',  ( 0.000000000000000000, 1.000000000000000000, 0.000000000000000000 ) ) ;
#10023 = LINE ( 'NONE', #10081, #9163 ) ;
#10024 = LINE ( 'NONE', #88, #10794 ) ;
#10025 = ADVANCED_FACE ( 'NONE', ( #9856 ), #6774, .T. ) ;
#10026 = CIRCLE ( 'NONE', #8347, 0.8999999999999980238 ) ;
#10027 = ORIENTED_EDGE ( 'NONE', *, *, #3984, .F. ) ;
#10028 = AXIS2_PLACEMENT_3D ( 'NONE', #8886, #7841, #4055 ) ;
#10029 = ORIENTED_EDGE ( 'NONE', *, *, #4778, .T. ) ;
#10030 = VERTEX_POINT ( 'NONE', #10914 ) ;
#10031 = DIRECTION ( 'NONE',  ( 2.775557561562888984E-15, 0.000000000000000000, -1.000000000000000000 ) ) ;
#10032 = CARTESIAN_POINT ( 'NONE',  ( -21.83999999999999986, 0.000000000000000000, -15.49999999999999645 ) ) ;
#10033 = EDGE_LOOP ( 'NONE', ( #5589, #3983, #5156, #11820 ) ) ;
#10034 = EDGE_CURVE ( 'NONE', #7259, #10136, #1941, .T. ) ;
#10035 = CARTESIAN_POINT ( 'NONE',  ( 35.05447717945575192, 8.378451742169291450, 11.56434100780120389 ) ) ;
#10036 = ORIENTED_EDGE ( 'NONE', *, *, #8864, .T. ) ;
#10037 = ADVANCED_FACE ( 'NONE', ( #10383 ), #1161, .T. ) ;
#10038 = CARTESIAN_POINT ( 'NONE',  ( -6.599999999999997868, 0.000000000000000000, -15.49999999999999645 ) ) ;
#10039 = CYLINDRICAL_SURFACE ( 'NONE', #8982, 0.8999999999999980238 ) ;
#10040 = LINE ( 'NONE', #12155, #9932 ) ;
#10041 = CARTESIAN_POINT ( 'NONE',  ( -10.78000000000000114, 0.000000000000000000, -15.49999999999999645 ) ) ;
#10042 = VERTEX_POINT ( 'NONE', #1358 ) ;
#10043 = LINE ( 'NONE', #4036, #3959 ) ;
#10044 = ORIENTED_EDGE ( 'NONE', *, *, #8029, .T. ) ;
#10045 = CARTESIAN_POINT ( 'NONE',  ( 34.06066017177984406, -16.60000000000000497, 10.54791847198286980 ) ) ;
#10046 = CARTESIAN_POINT ( 'NONE',  ( 0.1200000000000089884, 1.600000000000000089, -18.00000000000000000 ) ) ;
#10047 = ORIENTED_EDGE ( 'NONE', *, *, #10923, .T. ) ;
#10048 = FACE_OUTER_BOUND ( 'NONE', #8528, .T. ) ;
#10049 = CARTESIAN_POINT ( 'NONE',  ( 35.14999999999999858, 1.600000000000000089, 11.70000000000002416 ) ) ;
#10050 = DIRECTION ( 'NONE',  ( -0.000000000000000000, 1.000000000000000000, -0.000000000000000000 ) ) ;
#10051 = DIRECTION ( 'NONE',  ( 1.000000000000000000, -0.000000000000000000, -0.000000000000000000 ) ) ;
#10052 = EDGE_CURVE ( 'NONE', #8536, #6182, #8292, .T. ) ;
#10053 = CARTESIAN_POINT ( 'NONE',  ( -33.98994949366117879, 0.000000000000000000, -10.61862915010154040 ) ) ;
#10054 = ORIENTED_EDGE ( 'NONE', *, *, #9909, .T. ) ;
#10055 = EDGE_CURVE ( 'NONE', #7243, #815, #12294, .T. ) ;
#10056 = VERTEX_POINT ( 'NONE', #10111 ) ;
#10057 = DIRECTION ( 'NONE',  ( 0.000000000000000000, -1.000000000000000000, 0.000000000000000000 ) ) ;
#10058 = CIRCLE ( 'NONE', #5058, 1.000000000000000000 ) ;
#10059 = CARTESIAN_POINT ( 'NONE',  ( -37.70000000000000284, 1.600000000000000089, -15.69999999999999929 ) ) ;
#10060 = ORIENTED_EDGE ( 'NONE', *, *, #11070, .T. ) ;
#10061 = DIRECTION ( 'NONE',  ( 0.000000000000000000, 3.571489509364048017E-15, -1.000000000000000000 ) ) ;
#10062 = PLANE ( 'NONE',  #12709 ) ;
#10063 = CARTESIAN_POINT ( 'NONE',  ( -15.86000000000000298, 0.000000000000000000, -15.49999999999999645 ) ) ;
#10064 = EDGE_CURVE ( 'NONE', #7139, #10740, #6267, .T. ) ;
#10065 = DIRECTION ( 'NONE',  ( -0.000000000000000000, 1.000000000000000000, -0.000000000000000000 ) ) ;
#10066 = PLANE ( 'NONE',  #11895 ) ;
#10067 = ORIENTED_EDGE ( 'NONE', *, *, #2296, .F. ) ;
#10068 = CARTESIAN_POINT ( 'NONE',  ( -17.65999999999999304, -6.222539674441619262, -18.00000000000000000 ) ) ;
#10069 = CARTESIAN_POINT ( 'NONE',  ( -24.37999999999999901, 0.000000000000000000, -15.49999999999999645 ) ) ;
#10070 = ORIENTED_EDGE ( 'NONE', *, *, #5656, .F. ) ;
#10071 = CARTESIAN_POINT ( 'NONE',  ( -34.79999999999999005, 6.899999999999999467, -6.249999999999994671 ) ) ;
#10072 = LINE ( 'NONE', #9940, #4754 ) ;
#10073 = VERTEX_POINT ( 'NONE', #6386 ) ;
#10074 = LINE ( 'NONE', #11004, #2994 ) ;
#10075 = DIRECTION ( 'NONE',  ( 0.000000000000000000, 0.000000000000000000, -1.000000000000000000 ) ) ;
#10076 = CARTESIAN_POINT ( 'NONE',  ( -16.76000000000000156, 0.000000000000000000, -15.49999999999999645 ) ) ;
#10077 = ORIENTED_EDGE ( 'NONE', *, *, #3329, .T. ) ;
#10078 = LINE ( 'NONE', #7936, #6228 ) ;
#10079 = PLANE ( 'NONE',  #2492 ) ;
#10080 = EDGE_CURVE ( 'NONE', #7342, #2781, #9719, .T. ) ;
#10081 = CARTESIAN_POINT ( 'NONE',  ( -18.39999999999999858, 0.000000000000000000, -15.49999999999999645 ) ) ;
#10082 = ADVANCED_FACE ( 'NONE', ( #11235 ), #5350, .F. ) ;
#10083 = DIRECTION ( 'NONE',  ( 0.000000000000000000, 0.000000000000000000, 1.000000000000000000 ) ) ;
#10084 = CARTESIAN_POINT ( 'NONE',  ( -33.79999999999999005, 6.899999999999999467, -6.249999999999994671 ) ) ;
#10085 = EDGE_LOOP ( 'NONE', ( #8527, #5719, #427, #11179 ) ) ;
#10086 = ORIENTED_EDGE ( 'NONE', *, *, #5929, .F. ) ;
#10087 = ORIENTED_EDGE ( 'NONE', *, *, #2102, .T. ) ;
#10088 = FACE_BOUND ( 'NONE', #6011, .T. ) ;
#10089 = LINE ( 'NONE', #93, #12099 ) ;
#10090 = ORIENTED_EDGE ( 'NONE', *, *, #7625, .F. ) ;
#10091 = CARTESIAN_POINT ( 'NONE',  ( -1.520000000000000462, 0.000000000000000000, -14.59999999999999787 ) ) ;
#10092 = DIRECTION ( 'NONE',  ( -1.000000000000000000, 0.000000000000000000, 0.000000000000000000 ) ) ;
#10093 = ORIENTED_EDGE ( 'NONE', *, *, #11062, .F. ) ;
#10094 = EDGE_CURVE ( 'NONE', #10466, #2883, #745, .T. ) ;
#10095 = FILL_AREA_STYLE_COLOUR ( '', #1832 ) ;
#10096 =( GEOMETRIC_REPRESENTATION_CONTEXT ( 3 ) GLOBAL_UNCERTAINTY_ASSIGNED_CONTEXT ( ( #4308 ) ) GLOBAL_UNIT_ASSIGNED_CONTEXT ( ( #3486, #11545, #7412 ) ) REPRESENTATION_CONTEXT ( 'NONE', 'WORKASPACE' ) );
#10097 = EDGE_CURVE ( 'NONE', #134, #1777, #7116, .T. ) ;
#10098 = DIRECTION ( 'NONE',  ( -0.000000000000000000, 1.000000000000000000, -0.000000000000000000 ) ) ;
#10099 = CARTESIAN_POINT ( 'NONE',  ( -26.91999999999999815, 1.600000000000000089, -15.49999999999999645 ) ) ;
#10100 = CARTESIAN_POINT ( 'NONE',  ( 6.100000000000001421, 0.000000000000000000, -15.49999999999999645 ) ) ;
#10101 = EDGE_LOOP ( 'NONE', ( #2987, #6787, #6378, #2628 ) ) ;
#10102 = DIRECTION ( 'NONE',  ( 0.000000000000000000, -1.000000000000000000, 0.000000000000000000 ) ) ;
#10103 = VERTEX_POINT ( 'NONE', #9333 ) ;
#10104 = EDGE_CURVE ( 'NONE', #609, #6477, #3671, .T. ) ;
#10105 = EDGE_CURVE ( 'NONE', #6141, #6147, #10984, .T. ) ;
#10106 = CARTESIAN_POINT ( 'NONE',  ( 37.70000000000032969, -6.222539674441619262, 15.69999999999999929 ) ) ;
#10107 = DIRECTION ( 'NONE',  ( 0.000000000000000000, 1.000000000000000000, -0.000000000000000000 ) ) ;
#10108 = ORIENTED_EDGE ( 'NONE', *, *, #4869, .F. ) ;
#10109 = CARTESIAN_POINT ( 'NONE',  ( -4.059999999999997833, 1.600000000000000089, -15.49999999999999645 ) ) ;
#10110 = CARTESIAN_POINT ( 'NONE',  ( -35.00193619753724050, 8.397979999999996892, -11.53222023238929594 ) ) ;
#10111 = CARTESIAN_POINT ( 'NONE',  ( -4.059999999999997833, 0.000000000000000000, -14.59999999999999787 ) ) ;
#10112 = CARTESIAN_POINT ( 'NONE',  ( 1.131370849898470698, 0.000000000000000000, -10.76005050633884785 ) ) ;
#10113 = DIRECTION ( 'NONE',  ( -0.000000000000000000, -0.000000000000000000, 1.000000000000000000 ) ) ;
#10114 = EDGE_CURVE ( 'NONE', #2960, #12083, #5149, .T. ) ;
#10115 = DIRECTION ( 'NONE',  ( 0.000000000000000000, 0.000000000000000000, 1.000000000000000000 ) ) ;
#10116 = ADVANCED_FACE ( 'NONE', ( #6326 ), #10772, .T. ) ;
#10117 = ORIENTED_EDGE ( 'NONE', *, *, #5506, .F. ) ;
#10118 = ADVANCED_FACE ( 'NONE', ( #10255 ), #11112, .F. ) ;
#10119 = CARTESIAN_POINT ( 'NONE',  ( -22.73999999999999488, 0.000000000000000000, -18.00000000000000000 ) ) ;
#10120 = CYLINDRICAL_SURFACE ( 'NONE', #8102, 0.8999999999999980238 ) ;
#10121 = ORIENTED_EDGE ( 'NONE', *, *, #6361, .T. ) ;
#10122 = DIRECTION ( 'NONE',  ( 0.000000000000000000, 1.000000000000000000, 0.000000000000000000 ) ) ;
#10123 = FACE_OUTER_BOUND ( 'NONE', #11648, .T. ) ;
#10124 = EDGE_CURVE ( 'NONE', #5556, #5007, #6132, .T. ) ;
#10125 = FACE_BOUND ( 'NONE', #11944, .T. ) ;
#10126 = FACE_OUTER_BOUND ( 'NONE', #6648, .T. ) ;
#10127 = CARTESIAN_POINT ( 'NONE',  ( -33.79999999999999005, 8.400000000000000355, 6.250000000000006217 ) ) ;
#10128 = ORIENTED_EDGE ( 'NONE', *, *, #8216, .F. ) ;
#10129 = CARTESIAN_POINT ( 'NONE',  ( -29.46000000000000085, 1.600000000000000089, -14.59999999999999787 ) ) ;
#10130 = ORIENTED_EDGE ( 'NONE', *, *, #3004, .F. ) ;
#10131 = CARTESIAN_POINT ( 'NONE',  ( -11.67999999999999972, 0.000000000000000000, -15.49999999999999645 ) ) ;
#10132 = CARTESIAN_POINT ( 'NONE',  ( -18.39999999999999858, 1.600000000000000089, -18.00000000000000000 ) ) ;
#10133 = ORIENTED_EDGE ( 'NONE', *, *, #3953, .F. ) ;
#10134 = CARTESIAN_POINT ( 'NONE',  ( -9.139999999999998792, 0.000000000000000000, -15.49999999999999645 ) ) ;
#10135 = CARTESIAN_POINT ( 'NONE',  ( 12.70000000000000107, 0.000000000000000000, 0.000000000000000000 ) ) ;
#10136 = VERTEX_POINT ( 'NONE', #1297 ) ;
#10137 = CARTESIAN_POINT ( 'NONE',  ( 6.100000000000001421, 0.000000000000000000, -15.99999999999999645 ) ) ;
#10138 = AXIS2_PLACEMENT_3D ( 'NONE', #5483, #6464, #694 ) ;
#10139 = LINE ( 'NONE', #1194, #1232 ) ;
#10140 = AXIS2_PLACEMENT_3D ( 'NONE', #12915, #2104, #5905 ) ;
#10141 = CARTESIAN_POINT ( 'NONE',  ( 34.95000000000000284, 8.599999999999997868, 11.69292893218813667 ) ) ;
#10142 = DIRECTION ( 'NONE',  ( 0.000000000000000000, 0.000000000000000000, 1.000000000000000000 ) ) ;
#10143 = ORIENTED_EDGE ( 'NONE', *, *, #4850, .T. ) ;
#10144 =( LENGTH_UNIT ( ) NAMED_UNIT ( * ) SI_UNIT ( .MILLI., .METRE. ) );
#10145 = ORIENTED_EDGE ( 'NONE', *, *, #334, .T. ) ;
#10146 = ORIENTED_EDGE ( 'NONE', *, *, #599, .F. ) ;
#10147 = CARTESIAN_POINT ( 'NONE',  ( -34.95000000000000284, 8.599999999999997868, -11.50000000000000178 ) ) ;
#10148 = VECTOR ( 'NONE', #11691, 1000.000000000000000 ) ;
#10149 = FACE_OUTER_BOUND ( 'NONE', #1978, .T. ) ;
#10150 = VERTEX_POINT ( 'NONE', #12228 ) ;
#10151 = DIRECTION ( 'NONE',  ( 0.000000000000000000, 1.000000000000000000, 0.000000000000000000 ) ) ;
#10152 = VECTOR ( 'NONE', #11761, 1000.000000000000000 ) ;
#10153 = EDGE_CURVE ( 'NONE', #12144, #11559, #8883, .T. ) ;
#10154 = DIRECTION ( 'NONE',  ( -1.000000000000000000, -0.000000000000000000, -0.000000000000000000 ) ) ;
#10155 = EDGE_LOOP ( 'NONE', ( #1843, #5757, #67, #11803 ) ) ;
#10156 = EDGE_CURVE ( 'NONE', #2385, #685, #11169, .T. ) ;
#10157 = VECTOR ( 'NONE', #3703, 1000.000000000000000 ) ;
#10158 = DIRECTION ( 'NONE',  ( -0.000000000000000000, 1.000000000000000000, -0.000000000000000000 ) ) ;
#10159 = DIRECTION ( 'NONE',  ( 0.000000000000000000, 1.000000000000000000, 0.000000000000000000 ) ) ;
#10160 = CARTESIAN_POINT ( 'NONE',  ( -21.83999999999999986, -6.222539674441619262, -15.49999999999999645 ) ) ;
#10161 = CIRCLE ( 'NONE', #356, 0.5000000000000004441 ) ;
#10162 = ORIENTED_EDGE ( 'NONE', *, *, #11312, .T. ) ;
#10163 = PLANE ( 'NONE',  #6264 ) ;
#10164 = ORIENTED_EDGE ( 'NONE', *, *, #4306, .T. ) ;
#10165 = EDGE_CURVE ( 'NONE', #1034, #8704, #7629, .T. ) ;
#10166 = CARTESIAN_POINT ( 'NONE',  ( -0.9192388155425117446, -2.399999999999999467, 10.54791847198287336 ) ) ;
#10167 = AXIS2_PLACEMENT_3D ( 'NONE', #7546, #1584, #1471 ) ;
#10168 = FACE_OUTER_BOUND ( 'NONE', #6892, .T. ) ;
#10169 = EDGE_LOOP ( 'NONE', ( #3354, #3029, #5355, #1291 ) ) ;
#10170 = VECTOR ( 'NONE', #9790, 1000.000000000000000 ) ;
#10171 = CARTESIAN_POINT ( 'NONE',  ( 35.15878169375792339, 8.556862238492906059, -11.56431289598056011 ) ) ;
#10172 = CARTESIAN_POINT ( 'NONE',  ( -35.05334291870195074, 8.376643082376666882, -11.56430964406271400 ) ) ;
#10173 = DIRECTION ( 'NONE',  ( 0.000000000000000000, 1.000000000000000000, 0.000000000000000000 ) ) ;
#10174 = DIRECTION ( 'NONE',  ( 1.000000000000000000, 0.000000000000000000, 0.000000000000000000 ) ) ;
#10175 = STYLED_ITEM ( 'NONE', ( #1613 ), #12322 ) ;
#10176 = MECHANICAL_DESIGN_GEOMETRIC_PRESENTATION_REPRESENTATION (  '', ( #2250 ), #9547 ) ;
#10177 = DIRECTION ( 'NONE',  ( 0.000000000000000000, 1.000000000000000000, 0.000000000000000000 ) ) ;
#10178 = CIRCLE ( 'NONE', #8733, 0.4999999999999987232 ) ;
#10179 = ORIENTED_EDGE ( 'NONE', *, *, #5359, .F. ) ;
#10180 = VECTOR ( 'NONE', #4780, 1000.000000000000000 ) ;
#10181 = VECTOR ( 'NONE', #12916, 1000.000000000000000 ) ;
#10182 = VERTEX_POINT ( 'NONE', #6706 ) ;
#10183 = UNCERTAINTY_MEASURE_WITH_UNIT (LENGTH_MEASURE( 1.000000000000000082E-05 ), #4498, 'distance_accuracy_value', 'NONE');
#10184 = VERTEX_POINT ( 'NONE', #12483 ) ;
#10185 = ORIENTED_EDGE ( 'NONE', *, *, #2251, .F. ) ;
#10186 = AXIS2_PLACEMENT_3D ( 'NONE', #12355, #10366, #5338 ) ;
#10187 =( GEOMETRIC_REPRESENTATION_CONTEXT ( 3 ) GLOBAL_UNCERTAINTY_ASSIGNED_CONTEXT ( ( #11116 ) ) GLOBAL_UNIT_ASSIGNED_CONTEXT ( ( #6173, #10364, #237 ) ) REPRESENTATION_CONTEXT ( 'NONE', 'WORKASPACE' ) );
#10188 = CARTESIAN_POINT ( 'NONE',  ( -1.520000000000000462, 0.000000000000000000, -15.49999999999999645 ) ) ;
#10189 = CARTESIAN_POINT ( 'NONE',  ( -35.15878169375792339, 8.556862238492906059, 11.56431289598056011 ) ) ;
#10190 = ORIENTED_EDGE ( 'NONE', *, *, #3906, .T. ) ;
#10192 = ADVANCED_FACE ( 'NONE', ( #10639 ), #4625, .T. ) ;
#10191 = DIRECTION ( 'NONE',  ( -1.000000000000000000, -0.000000000000000000, -0.000000000000000000 ) ) ;
#10193 = AXIS2_PLACEMENT_3D ( 'NONE', #7091, #11091, #2117 ) ;
#10194 = LINE ( 'NONE', #5162, #11259 ) ;
#10195 = VECTOR ( 'NONE', #721, 1000.000000000000000 ) ;
#10196 = EDGE_CURVE ( 'NONE', #11930, #3116, #2424, .T. ) ;
#10197 = PLANE ( 'NONE',  #12887 ) ;
#10198 = ADVANCED_FACE ( 'NONE', ( #9644 ), #3452, .F. ) ;
#10199 = VECTOR ( 'NONE', #6229, 1000.000000000000000 ) ;
#10200 = AXIS2_PLACEMENT_3D ( 'NONE', #9720, #5810, #903 ) ;
#10201 = CARTESIAN_POINT ( 'NONE',  ( -29.46000000000000085, -6.222539674441619262, -15.99999999999999645 ) ) ;
#10202 = AXIS2_PLACEMENT_3D ( 'NONE', #2039, #8204, #6160 ) ;
#10203 = FACE_OUTER_BOUND ( 'NONE', #11564, .T. ) ;
#10204 = VECTOR ( 'NONE', #5764, 1000.000000000000000 ) ;
#10205 = EDGE_LOOP ( 'NONE', ( #1395, #9412 ) ) ;
#10206 = LINE ( 'NONE', #75, #5594 ) ;
#10207 = EDGE_LOOP ( 'NONE', ( #2190, #726, #971, #8992 ) ) ;
#10208 = CARTESIAN_POINT ( 'NONE',  ( -32.00000000000000000, -6.222539674441619262, -14.59999999999999787 ) ) ;
#10209 = SURFACE_STYLE_USAGE ( .BOTH. , #4205 ) ;
#10210 = ORIENTED_EDGE ( 'NONE', *, *, #5261, .T. ) ;
#10211 = PRESENTATION_LAYER_ASSIGNMENT (  '', '', ( #3335 ) ) ;
#10212 = CARTESIAN_POINT ( 'NONE',  ( -24.37999999999999901, 1.600000000000000089, -14.59999999999999787 ) ) ;
#10213 = VECTOR ( 'NONE', #12424, 1000.000000000000000 ) ;
#10214 = FACE_OUTER_BOUND ( 'NONE', #9281, .T. ) ;
#10215 = VERTEX_POINT ( 'NONE', #7434 ) ;
#10216 = AXIS2_PLACEMENT_3D ( 'NONE', #3009, #4257, #5046 ) ;
#10217 = CARTESIAN_POINT ( 'NONE',  ( -4.059999999999997833, 0.000000000000000000, -15.49999999999999645 ) ) ;
#10218 = VECTOR ( 'NONE', #8269, 1000.000000000000000 ) ;
#10219 = SURFACE_STYLE_USAGE ( .BOTH. , #6421 ) ;
#10220 = ADVANCED_FACE ( 'NONE', ( #7696 ), #1741, .F. ) ;
#10221 = DIRECTION ( 'NONE',  ( -0.000000000000000000, 0.000000000000000000, -1.000000000000000000 ) ) ;
#10222 = AXIS2_PLACEMENT_3D ( 'NONE', #8178, #12173, #3198 ) ;
#10223 = CARTESIAN_POINT ( 'NONE',  ( -5.699999999999993072, -6.222539674441619262, -18.00000000000000000 ) ) ;
#10224 = LINE ( 'NONE', #2111, #10864 ) ;
#10225 = ADVANCED_FACE ( 'NONE', ( #9407 ), #7510, .F. ) ;
#10226 = CIRCLE ( 'NONE', #1037, 0.2000000000000005107 ) ;
#10227 = ORIENTED_EDGE ( 'NONE', *, *, #5701, .F. ) ;
#10228 = CARTESIAN_POINT ( 'NONE',  ( -32.89999999999999858, 0.000000000000000000, -18.00000000000000000 ) ) ;
#10229 = ORIENTED_EDGE ( 'NONE', *, *, #4511, .T. ) ;
#10230 = ORIENTED_EDGE ( 'NONE', *, *, #514, .F. ) ;
#10231 = CARTESIAN_POINT ( 'NONE',  ( 40.00000000000000000, 0.000000000000000000, 18.00000000000000000 ) ) ;
#10232 = CARTESIAN_POINT ( 'NONE',  ( -19.29999999999999716, -6.222539674441619262, -15.49999999999999645 ) ) ;
#10233 = ORIENTED_EDGE ( 'NONE', *, *, #11328, .T. ) ;
#10234 = VECTOR ( 'NONE', #4742, 1000.000000000000000 ) ;
#10235 = CARTESIAN_POINT ( 'NONE',  ( -37.70000000000000284, 0.000000000000000000, -17.89999999999999858 ) ) ;
#10236 = CARTESIAN_POINT ( 'NONE',  ( -20.20000000000003837, 0.000000000000000000, -9.131584377541916332E-14 ) ) ;
#10237 = VERTEX_POINT ( 'NONE', #11434 ) ;
#10238 = STYLED_ITEM ( 'NONE', ( #9186 ), #2584 ) ;
#10239 = DIRECTION ( 'NONE',  ( 0.000000000000000000, 0.000000000000000000, -1.000000000000000000 ) ) ;
#10240 = CYLINDRICAL_SURFACE ( 'NONE', #4812, 0.4999999999999987232 ) ;
#10241 = CARTESIAN_POINT ( 'NONE',  ( -37.70000000000000284, -6.222539674441619262, -15.69999999999999929 ) ) ;
#10242 = CARTESIAN_POINT ( 'NONE',  ( -37.69999999999967599, -6.222539674441619262, 13.50000000000000000 ) ) ;
#10243 = DIRECTION ( 'NONE',  ( -0.000000000000000000, 1.000000000000000000, -0.000000000000000000 ) ) ;
#10244 = VECTOR ( 'NONE', #9000, 1000.000000000000000 ) ;
#10245 = ORIENTED_EDGE ( 'NONE', *, *, #5799, .F. ) ;
#10246 = DIRECTION ( 'NONE',  ( 2.775557561562888984E-15, 0.000000000000000000, -1.000000000000000000 ) ) ;
#10247 = EDGE_CURVE ( 'NONE', #6980, #6353, #9101, .T. ) ;
#10248 = ORIENTED_EDGE ( 'NONE', *, *, #8548, .F. ) ;
#10249 = LINE ( 'NONE', #10376, #10789 ) ;
#10250 = CARTESIAN_POINT ( 'NONE',  ( -34.79999999999999005, -0.0009999999999992653654, 6.250000000000006217 ) ) ;
#10251 = EDGE_LOOP ( 'NONE', ( #8710, #7564, #390, #321 ) ) ;
#10252 = VECTOR ( 'NONE', #4396, 1000.000000000000000 ) ;
#10253 = FILL_AREA_STYLE ('',( #8479 ) ) ;
#10254 = CARTESIAN_POINT ( 'NONE',  ( -15.86000000000004384, 1.600000000000000089, -8.631984016460597151E-14 ) ) ;
#10255 = FACE_OUTER_BOUND ( 'NONE', #11577, .T. ) ;
#10256 = DIRECTION ( 'NONE',  ( 0.000000000000000000, 1.000000000000000000, -0.000000000000000000 ) ) ;
#10257 = DIRECTION ( 'NONE',  ( 0.000000000000000000, 0.000000000000000000, 1.000000000000000000 ) ) ;
#10258 = ORIENTED_EDGE ( 'NONE', *, *, #6975, .F. ) ;
#10259 = ORIENTED_EDGE ( 'NONE', *, *, #7759, .F. ) ;
#10260 = EDGE_CURVE ( 'NONE', #63, #5868, #10461, .T. ) ;
#10261 = CYLINDRICAL_SURFACE ( 'NONE', #11905, 1.000000000000000000 ) ;
#10262 = ORIENTED_EDGE ( 'NONE', *, *, #9438, .F. ) ;
#10263 = EDGE_LOOP ( 'NONE', ( #9098, #1786, #3869, #11759 ) ) ;
#10264 = FACE_OUTER_BOUND ( 'NONE', #8358, .T. ) ;
#10265 = CARTESIAN_POINT ( 'NONE',  ( -27.81999999999999673, 0.000000000000000000, -18.00000000000000000 ) ) ;
#10266 = VERTEX_POINT ( 'NONE', #12555 ) ;
#10267 = LINE ( 'NONE', #1311, #11712 ) ;
#10268 = DIRECTION ( 'NONE',  ( 0.7071067811865449082, 0.000000000000000000, -0.7071067811865501263 ) ) ;
#10269 = EDGE_CURVE ( 'NONE', #5530, #5293, #3879, .T. ) ;
#10270 = CARTESIAN_POINT ( 'NONE',  ( -34.95000000000000995, 8.400000000000000355, -1.036386076673321360E-14 ) ) ;
#10271 = ADVANCED_FACE ( 'NONE', ( #8669 ), #9464, .F. ) ;
#10272 = LINE ( 'NONE', #4400, #6651 ) ;
#10273 = DIRECTION ( 'NONE',  ( 0.000000000000000000, 1.000000000000000000, 0.000000000000000000 ) ) ;
#10274 = EDGE_CURVE ( 'NONE', #1209, #4270, #4722, .T. ) ;
#10275 = ORIENTED_EDGE ( 'NONE', *, *, #10247, .F. ) ;
#10276 = DIRECTION ( 'NONE',  ( -0.7071067811865344721, 0.000000000000000000, -0.7071067811865606734 ) ) ;
#10277 = EDGE_CURVE ( 'NONE', #8065, #4856, #10513, .T. ) ;
#10278 = EDGE_LOOP ( 'NONE', ( #1969, #1744, #12917, #10258 ) ) ;
#10279 = CARTESIAN_POINT ( 'NONE',  ( 35.11049058976736603, 8.305643106078415272, -11.89999999999999858 ) ) ;
#10280 = SURFACE_STYLE_FILL_AREA ( #11133 ) ;
#10281 = AXIS2_PLACEMENT_3D ( 'NONE', #4506, #9422, #10524 ) ;
#10282 = ORIENTED_EDGE ( 'NONE', *, *, #803, .F. ) ;
#10283 = LINE ( 'NONE', #1322, #1178 ) ;
#10284 = LINE ( 'NONE', #11468, #6004 ) ;
#10285 = ORIENTED_EDGE ( 'NONE', *, *, #3590, .F. ) ;
#10286 = CARTESIAN_POINT ( 'NONE',  ( 37.70000000000032969, 0.000000000000000000, 15.69999999999999929 ) ) ;
#10287 = VECTOR ( 'NONE', #9536, 1000.000000000000000 ) ;
#10288 = FACE_OUTER_BOUND ( 'NONE', #12005, .T. ) ;
#10289 = CARTESIAN_POINT ( 'NONE',  ( -21.83999999999999986, 1.600000000000000089, -15.49999999999999645 ) ) ;
#10290 = ADVANCED_FACE ( 'NONE', ( #1553 ), #5540, .F. ) ;
#10291 = CARTESIAN_POINT ( 'NONE',  ( 33.64999999999999858, 8.500000000000000000, 9.075000000000002842 ) ) ;
#10292 =( NAMED_UNIT ( * ) SI_UNIT ( $, .STERADIAN. ) SOLID_ANGLE_UNIT ( ) );
#10293 = ORIENTED_EDGE ( 'NONE', *, *, #11465, .F. ) ;
#10294 = CARTESIAN_POINT ( 'NONE',  ( -35.35000000000000853, 5.700000000000255973, -11.90000000000000213 ) ) ;
#10295 = ORIENTED_EDGE ( 'NONE', *, *, #1268, .T. ) ;
#10296 = EDGE_LOOP ( 'NONE', ( #451, #11442 ) ) ;
#10297 = DIRECTION ( 'NONE',  ( 0.000000000000000000, 1.000000000000000000, 0.000000000000000000 ) ) ;
#10298 = DIRECTION ( 'NONE',  ( 0.000000000000000000, 0.000000000000000000, -1.000000000000000000 ) ) ;
#10299 = ORIENTED_EDGE ( 'NONE', *, *, #12687, .T. ) ;
#10300 = DIRECTION ( 'NONE',  ( 0.000000000000000000, 1.000000000000000000, 0.000000000000000000 ) ) ;
#10301 = EDGE_CURVE ( 'NONE', #1982, #1556, #10703, .T. ) ;
#10302 = LINE ( 'NONE', #3375, #8913 ) ;
#10303 = ORIENTED_EDGE ( 'NONE', *, *, #9015, .F. ) ;
#10304 = CARTESIAN_POINT ( 'NONE',  ( -1.520000000000000462, 0.000000000000000000, -15.49999999999999645 ) ) ;
#10305 = FILL_AREA_STYLE ('',( #11299 ) ) ;
#10306 = DIRECTION ( 'NONE',  ( 1.000000000000000000, -0.000000000000000000, 0.000000000000000000 ) ) ;
#10307 = EDGE_CURVE ( 'NONE', #11534, #3458, #564, .T. ) ;
#10308 = DIRECTION ( 'NONE',  ( 0.000000000000000000, 0.000000000000000000, -1.000000000000000000 ) ) ;
#10309 = DIRECTION ( 'NONE',  ( -0.000000000000000000, 1.000000000000000000, -0.000000000000000000 ) ) ;
#10310 = VECTOR ( 'NONE', #4422, 1000.000000000000000 ) ;
#10311 = ORIENTED_EDGE ( 'NONE', *, *, #3968, .T. ) ;
#10312 = LINE ( 'NONE', #7498, #10005 ) ;
#10313 = ORIENTED_EDGE ( 'NONE', *, *, #4195, .T. ) ;
#10314 = FACE_BOUND ( 'NONE', #5545, .T. ) ;
#10315 = CARTESIAN_POINT ( 'NONE',  ( -2.419999999999998597, 1.600000000000000089, -15.49999999999999645 ) ) ;
#10316 = VERTEX_POINT ( 'NONE', #4559 ) ;
#10317 = STYLED_ITEM ( 'NONE', ( #5116 ), #3669 ) ;
#10318 = CARTESIAN_POINT ( 'NONE',  ( -34.98246404863932213, 8.400000000000000355, -11.55286341221834334 ) ) ;
#10319 = DIRECTION ( 'NONE',  ( 0.000000000000000000, 1.000000000000000000, 0.000000000000000000 ) ) ;
#10320 = DIRECTION ( 'NONE',  ( 0.000000000000000000, 1.000000000000000000, 0.000000000000000000 ) ) ;
#10321 = ORIENTED_EDGE ( 'NONE', *, *, #6016, .T. ) ;
#10322 = CIRCLE ( 'NONE', #4056, 0.8999999999999980238 ) ;
#10323 = ORIENTED_EDGE ( 'NONE', *, *, #4697, .T. ) ;
#10324 = UNCERTAINTY_MEASURE_WITH_UNIT (LENGTH_MEASURE( 1.000000000000000082E-05 ), #1520, 'distance_accuracy_value', 'NONE');
#10325 = DIRECTION ( 'NONE',  ( 0.000000000000000000, 0.000000000000000000, 1.000000000000000000 ) ) ;
#10326 = CARTESIAN_POINT ( 'NONE',  ( 0.1200000000000020495, 1.600000000000000089, -15.49999999999999645 ) ) ;
#10327 = ORIENTED_EDGE ( 'NONE', *, *, #950, .F. ) ;
#10328 = ORIENTED_EDGE ( 'NONE', *, *, #439, .T. ) ;
#10329 = CARTESIAN_POINT ( 'NONE',  ( -34.98246410061023681, 8.400000000000000355, 11.55286349684611480 ) ) ;
#10330 = LINE ( 'NONE', #12110, #7052 ) ;
#10331 = VERTEX_POINT ( 'NONE', #8555 ) ;
#10332 = CARTESIAN_POINT ( 'NONE',  ( 35.35200000000000387, 8.199999999999999289, -11.69292893218813667 ) ) ;
#10333 = ADVANCED_FACE ( 'NONE', ( #8863 ), #4743, .T. ) ;
#10334 = FACE_OUTER_BOUND ( 'NONE', #3373, .T. ) ;
#10335 = FACE_OUTER_BOUND ( 'NONE', #4618, .T. ) ;
#10336 = EDGE_CURVE ( 'NONE', #3116, #11930, #5357, .T. ) ;
#10337 = PLANE ( 'NONE',  #2914 ) ;
#10338 = CARTESIAN_POINT ( 'NONE',  ( 35.35000000000000853, 5.699999999999992184, 11.89999999999999858 ) ) ;
#10339 = ORIENTED_EDGE ( 'NONE', *, *, #459, .F. ) ;
#10340 = EDGE_CURVE ( 'NONE', #5596, #4311, #12744, .T. ) ;
#10341 = ADVANCED_FACE ( 'NONE', ( #5924, #11950 ), #7023, .T. ) ;
#10342 = CARTESIAN_POINT ( 'NONE',  ( 35.14292893218813418, 8.600000000000001421, -11.50000000000000000 ) ) ;
#10343 = ORIENTED_EDGE ( 'NONE', *, *, #265, .F. ) ;
#10344 = DIRECTION ( 'NONE',  ( 2.453639994309486367E-17, -1.000000000000000000, -3.571489509364048017E-15 ) ) ;
#10345 = FACE_OUTER_BOUND ( 'NONE', #12886, .T. ) ;
#10346 = CARTESIAN_POINT ( 'NONE',  ( 35.00246666847517929, 8.399999999999998579, 11.53222040359949041 ) ) ;
#10347 = CARTESIAN_POINT ( 'NONE',  ( -1.520000000000000462, 0.000000000000000000, -15.49999999999999645 ) ) ;
#10348 = EDGE_CURVE ( 'NONE', #10073, #2968, #7881, .T. ) ;
#10349 = DIRECTION ( 'NONE',  ( 1.000000000000000000, 0.000000000000000000, 0.000000000000000000 ) ) ;
#10350 = DIRECTION ( 'NONE',  ( 0.000000000000000000, 0.000000000000000000, -1.000000000000000000 ) ) ;
#10351 = SURFACE_STYLE_FILL_AREA ( #486 ) ;
#10352 = ORIENTED_EDGE ( 'NONE', *, *, #9167, .T. ) ;
#10353 = CARTESIAN_POINT ( 'NONE',  ( 2.659999999999961062, 0.000000000000000000, -9.131584377541916332E-14 ) ) ;
#10354 = VERTEX_POINT ( 'NONE', #12869 ) ;
#10355 = VERTEX_POINT ( 'NONE', #9967 ) ;
#10356 = DIRECTION ( 'NONE',  ( 0.000000000000000000, 0.000000000000000000, 1.000000000000000000 ) ) ;
#10357 = DIRECTION ( 'NONE',  ( 0.000000000000000000, 0.000000000000000000, 1.000000000000000000 ) ) ;
#10358 = ORIENTED_EDGE ( 'NONE', *, *, #7450, .T. ) ;
#10359 = DIRECTION ( 'NONE',  ( 0.000000000000000000, 0.000000000000000000, 1.000000000000000000 ) ) ;
#10360 = CARTESIAN_POINT ( 'NONE',  ( -29.46000000000000085, 0.000000000000000000, -15.49999999999999645 ) ) ;
#10361 = ORIENTED_EDGE ( 'NONE', *, *, #7874, .T. ) ;
#10362 = VECTOR ( 'NONE', #9137, 1000.000000000000000 ) ;
#10363 = EDGE_CURVE ( 'NONE', #12949, #9034, #10992, .T. ) ;
#10364 =( NAMED_UNIT ( * ) PLANE_ANGLE_UNIT ( ) SI_UNIT ( $, .RADIAN. ) );
#10365 = CARTESIAN_POINT ( 'NONE',  ( -37.70000000000000284, 1.600000000000000089, -17.89999999999999858 ) ) ;
#10366 = DIRECTION ( 'NONE',  ( 0.000000000000000000, 1.000000000000000000, -0.000000000000000000 ) ) ;
#10367 = ADVANCED_FACE ( 'NONE', ( #3038 ), #11753, .T. ) ;
#10368 = ADVANCED_FACE ( 'NONE', ( #2837 ), #3779, .T. ) ;
#10369 = PLANE ( 'NONE',  #6453 ) ;
#10370 = ORIENTED_EDGE ( 'NONE', *, *, #1793, .T. ) ;
#10371 = LINE ( 'NONE', #9208, #8357 ) ;
#10372 = ADVANCED_FACE ( 'NONE', ( #949, #3894 ), #10831, .T. ) ;
#10373 = VECTOR ( 'NONE', #12217, 1000.000000000000000 ) ;
#10374 = VERTEX_POINT ( 'NONE', #5789 ) ;
#10375 = COLOUR_RGB ( '',0.2509803921568627416, 0.2509803921568627416, 0.2509803921568627416 ) ;
#10376 = CARTESIAN_POINT ( 'NONE',  ( -23.48000000000004306, 1.600000000000000089, -8.631984016460597151E-14 ) ) ;
#10377 = EDGE_CURVE ( 'NONE', #2827, #732, #2637, .T. ) ;
#10378 = CARTESIAN_POINT ( 'NONE',  ( -27.82000000000003936, 1.600000000000000089, -9.131584377541916332E-14 ) ) ;
#10379 = EDGE_LOOP ( 'NONE', ( #10027, #10706, #9308, #9446 ) ) ;
#10380 = CIRCLE ( 'NONE', #3484, 0.4500000000000007327 ) ;
#10381 = CARTESIAN_POINT ( 'NONE',  ( 33.80000000000000426, 6.899999999999999467, -7.249999999999996447 ) ) ;
#10382 = CARTESIAN_POINT ( 'NONE',  ( -35.14798000000000400, 8.251936197537242279, -11.66070869979883895 ) ) ;
#10383 = FACE_OUTER_BOUND ( 'NONE', #10033, .T. ) ;
#10384 = AXIS2_PLACEMENT_3D ( 'NONE', #1487, #5696, #723 ) ;
#10385 = SURFACE_STYLE_FILL_AREA ( #8481 ) ;
#10386 = AXIS2_PLACEMENT_3D ( 'NONE', #11308, #312, #448 ) ;
#10387 = LINE ( 'NONE', #2348, #12504 ) ;
#10388 = ADVANCED_FACE ( 'NONE', ( #1798, #9775 ), #4940, .T. ) ;
#10389 = VECTOR ( 'NONE', #6042, 1000.000000000000000 ) ;
#10390 = EDGE_CURVE ( 'NONE', #6362, #4452, #10900, .T. ) ;
#10391 = CARTESIAN_POINT ( 'NONE',  ( -0.9899494936611747953, -2.399999999999999467, -12.88137084989847736 ) ) ;
#10392 = CIRCLE ( 'NONE', #9544, 1.399999999999996803 ) ;
#10393 = VERTEX_POINT ( 'NONE', #10962 ) ;
#10394 = VERTEX_POINT ( 'NONE', #8806 ) ;
#10395 = FACE_OUTER_BOUND ( 'NONE', #10547, .T. ) ;
#10396 = DIRECTION ( 'NONE',  ( 0.000000000000000000, 1.000000000000000000, 0.000000000000000000 ) ) ;
#10397 = ORIENTED_EDGE ( 'NONE', *, *, #5060, .T. ) ;
#10398 = CARTESIAN_POINT ( 'NONE',  ( 35.00246666847520771, 8.399999999999998579, -11.53222040359950640 ) ) ;
#10399 = PRESENTATION_LAYER_ASSIGNMENT (  '', '', ( #1821 ) ) ;
#10400 = FACE_OUTER_BOUND ( 'NONE', #8066, .T. ) ;
#10401 = CIRCLE ( 'NONE', #1418, 0.5000000000000004441 ) ;
#10402 = DIRECTION ( 'NONE',  ( -0.000000000000000000, 1.000000000000000000, -0.000000000000000000 ) ) ;
#10403 = CIRCLE ( 'NONE', #4960, 0.8999999999999980238 ) ;
#10404 = VECTOR ( 'NONE', #1929, 1000.000000000000000 ) ;
#10405 = AXIS2_PLACEMENT_3D ( 'NONE', #8076, #3892, #10960 ) ;
#10406 = EDGE_CURVE ( 'NONE', #5432, #12740, #5866, .T. ) ;
#10407 = AXIS2_PLACEMENT_3D ( 'NONE', #5281, #6178, #8080 ) ;
#10408 = ORIENTED_EDGE ( 'NONE', *, *, #1634, .F. ) ;
#10409 = CIRCLE ( 'NONE', #9361, 0.4999999999999987232 ) ;
#10410 = CYLINDRICAL_SURFACE ( 'NONE', #8201, 1.399999999999995026 ) ;
#10411 = CIRCLE ( 'NONE', #4566, 0.8999999999999980238 ) ;
#10412 = DIRECTION ( 'NONE',  ( -0.000000000000000000, 1.000000000000000000, -0.000000000000000000 ) ) ;
#10413 = VERTEX_POINT ( 'NONE', #11881 ) ;
#10414 = DIRECTION ( 'NONE',  ( 1.000000000000000000, 0.000000000000000000, 2.775557561562888984E-15 ) ) ;
#10415 = FACE_OUTER_BOUND ( 'NONE', #4575, .T. ) ;
#10416 = EDGE_LOOP ( 'NONE', ( #4958, #12394 ) ) ;
#10417 = VECTOR ( 'NONE', #4640, 1000.000000000000000 ) ;
#10418 = PRESENTATION_STYLE_ASSIGNMENT (( #10219 ) ) ;
#10419 = VECTOR ( 'NONE', #5972, 1000.000000000000000 ) ;
#10420 = AXIS2_PLACEMENT_3D ( 'NONE', #6051, #9111, #11873 ) ;
#10421 = EDGE_CURVE ( 'NONE', #8032, #1235, #2913, .T. ) ;
#10422 = CARTESIAN_POINT ( 'NONE',  ( -34.95000000000000284, 8.400000000000000355, 11.50000000000000178 ) ) ;
#10423 = CIRCLE ( 'NONE', #11052, 2.147727943148359131 ) ;
#10424 = LINE ( 'NONE', #11595, #3073 ) ;
#10425 = DIRECTION ( 'NONE',  ( 2.775557561562888984E-15, 0.000000000000000000, -1.000000000000000000 ) ) ;
#10426 = ORIENTED_EDGE ( 'NONE', *, *, #4214, .T. ) ;
#10427 = FILL_AREA_STYLE_COLOUR ( '', #12834 ) ;
#10428 = EDGE_CURVE ( 'NONE', #9456, #4884, #3178, .T. ) ;
#10429 = ORIENTED_EDGE ( 'NONE', *, *, #11635, .T. ) ;
#10430 = AXIS2_PLACEMENT_3D ( 'NONE', #4045, #10256, #1501 ) ;
#10431 = ORIENTED_EDGE ( 'NONE', *, *, #10, .T. ) ;
#10432 = LINE ( 'NONE', #8407, #618 ) ;
#10433 = AXIS2_PLACEMENT_3D ( 'NONE', #8119, #7130, #11125 ) ;
#10434 = CARTESIAN_POINT ( 'NONE',  ( 37.70000000000000284, 0.000000000000000000, -15.69999999999999929 ) ) ;
#10435 = ORIENTED_EDGE ( 'NONE', *, *, #4769, .T. ) ;
#10436 = FACE_OUTER_BOUND ( 'NONE', #1361, .T. ) ;
#10437 = VECTOR ( 'NONE', #3634, 1000.000000000000000 ) ;
#10438 = CARTESIAN_POINT ( 'NONE',  ( 37.70000000000000284, -6.222539674441619262, -15.69999999999999929 ) ) ;
#10439 = VERTEX_POINT ( 'NONE', #6059 ) ;
#10440 = CARTESIAN_POINT ( 'NONE',  ( 34.10000000000000142, 8.500000000000000000, 0.000000000000000000 ) ) ;
#10441 = CARTESIAN_POINT ( 'NONE',  ( -2.420000000000040341, 0.000000000000000000, -9.131584377541916332E-14 ) ) ;
#10442 = CARTESIAN_POINT ( 'NONE',  ( -34.79999999999999005, 7.399999999999999467, -6.249999999999994671 ) ) ;
#10443 = AXIS2_PLACEMENT_3D ( 'NONE', #6866, #10732, #5834 ) ;
#10444 = EDGE_CURVE ( 'NONE', #5293, #10889, #11218, .T. ) ;
#10445 = DIRECTION ( 'NONE',  ( -1.000000000000000000, 0.000000000000000000, -0.000000000000000000 ) ) ;
#10446 = AXIS2_PLACEMENT_3D ( 'NONE', #2535, #8660, #12473 ) ;
#10447 = ORIENTED_EDGE ( 'NONE', *, *, #2041, .T. ) ;
#10448 = DIRECTION ( 'NONE',  ( 0.000000000000000000, 1.000000000000000000, 0.000000000000000000 ) ) ;
#10449 = AXIS2_PLACEMENT_3D ( 'NONE', #7797, #11670, #3679 ) ;
#10450 = ORIENTED_EDGE ( 'NONE', *, *, #2713, .T. ) ;
#10451 = PRESENTATION_LAYER_ASSIGNMENT (  '', '', ( #6053 ) ) ;
#10452 = ADVANCED_FACE ( 'NONE', ( #1149 ), #5136, .F. ) ;
#10453 = DIRECTION ( 'NONE',  ( 0.000000000000000000, 0.000000000000000000, 1.000000000000000000 ) ) ;
#10454 = LINE ( 'NONE', #12289, #792 ) ;
#10455 = ORIENTED_EDGE ( 'NONE', *, *, #5246, .F. ) ;
#10456 = AXIS2_PLACEMENT_3D ( 'NONE', #590, #12321, #5554 ) ;
#10457 = EDGE_CURVE ( 'NONE', #5194, #2066, #8079, .T. ) ;
#10458 = EDGE_CURVE ( 'NONE', #12428, #5530, #305, .T. ) ;
#10459 = CARTESIAN_POINT ( 'NONE',  ( -15.86000000000004384, 0.000000000000000000, -8.631984016460597151E-14 ) ) ;
#10460 = SURFACE_STYLE_USAGE ( .BOTH. , #636 ) ;
#10461 = LINE ( 'NONE', #10567, #2212 ) ;
#10462 = CARTESIAN_POINT ( 'NONE',  ( -26.91999999999999815, 0.000000000000000000, -14.59999999999999787 ) ) ;
#10463 = STYLED_ITEM ( 'NONE', ( #9545 ), #7134 ) ;
#10464 = LINE ( 'NONE', #7575, #11837 ) ;
#10465 = ORIENTED_EDGE ( 'NONE', *, *, #9313, .F. ) ;
#10466 = VERTEX_POINT ( 'NONE', #6315 ) ;
#10467 = UNCERTAINTY_MEASURE_WITH_UNIT (LENGTH_MEASURE( 1.000000000000000082E-05 ), #12663, 'distance_accuracy_value', 'NONE');
#10468 = CARTESIAN_POINT ( 'NONE',  ( 34.10000000000000142, 8.500000000000000000, 0.000000000000000000 ) ) ;
#10469 = DIRECTION ( 'NONE',  ( -2.569960705150817904E-15, 1.000000000000000000, -6.123233995736766036E-17 ) ) ;
#10470 = AXIS2_PLACEMENT_3D ( 'NONE', #4220, #230, #4282 ) ;
#10471 = VERTEX_POINT ( 'NONE', #9061 ) ;
#10472 = ORIENTED_EDGE ( 'NONE', *, *, #701, .F. ) ;
#10473 = FACE_OUTER_BOUND ( 'NONE', #3027, .T. ) ;
#10474 = DIRECTION ( 'NONE',  ( 2.775557561562888984E-15, 0.000000000000000000, -1.000000000000000000 ) ) ;
#10475 = ORIENTED_EDGE ( 'NONE', *, *, #9863, .F. ) ;
#10476 = CARTESIAN_POINT ( 'NONE',  ( -17.66000000000003922, -6.222539674441619262, -9.131584377541916332E-14 ) ) ;
#10477 = EDGE_CURVE ( 'NONE', #3416, #11733, #101, .T. ) ;
#10478 = CARTESIAN_POINT ( 'NONE',  ( -33.64999999999999858, 8.500000000000000000, 9.625000000000003553 ) ) ;
#10479 = ADVANCED_FACE ( 'NONE', ( #9320 ), #8352, .F. ) ;
#10480 = PLANE ( 'NONE',  #12124 ) ;
#10481 = ORIENTED_EDGE ( 'NONE', *, *, #2650, .T. ) ;
#10482 = CARTESIAN_POINT ( 'NONE',  ( -14.22000000000000064, 0.000000000000000000, -14.99999999999999822 ) ) ;
#10483 = ORIENTED_EDGE ( 'NONE', *, *, #10052, .F. ) ;
#10484 = DIRECTION ( 'NONE',  ( 0.000000000000000000, -0.000000000000000000, 1.000000000000000000 ) ) ;
#10485 = DIRECTION ( 'NONE',  ( 0.000000000000000000, -1.000000000000000000, 0.000000000000000000 ) ) ;
#10486 = VERTEX_POINT ( 'NONE', #4291 ) ;
#10487 = EDGE_CURVE ( 'NONE', #5882, #3828, #10040, .T. ) ;
#10488 = CARTESIAN_POINT ( 'NONE',  ( -35.00286341221835329, 8.399999999999998579, 11.53246404863931929 ) ) ;
#10489 = LINE ( 'NONE', #4470, #777 ) ;
#10490 = ORIENTED_EDGE ( 'NONE', *, *, #11968, .T. ) ;
#10491 =( LENGTH_UNIT ( ) NAMED_UNIT ( * ) SI_UNIT ( .MILLI., .METRE. ) );
#10492 = ORIENTED_EDGE ( 'NONE', *, *, #12468, .F. ) ;
#10493 = PLANE ( 'NONE',  #7302 ) ;
#10494 = CARTESIAN_POINT ( 'NONE',  ( -34.10000000000000142, 8.500000000000000000, 9.625000000000003553 ) ) ;
#10495 = EDGE_LOOP ( 'NONE', ( #1874, #8598, #2405, #1377 ) ) ;
#10496 = DIRECTION ( 'NONE',  ( 0.000000000000000000, 1.000000000000000000, 0.000000000000000000 ) ) ;
#10497 = LINE ( 'NONE', #10236, #11641 ) ;
#10498 = VERTEX_POINT ( 'NONE', #1211 ) ;
#10499 = CARTESIAN_POINT ( 'NONE',  ( -35.05551376226944171, 8.601999999999998536, 11.53223752461893703 ) ) ;
#10500 = ADVANCED_FACE ( 'NONE', ( #2127 ), #12078, .T. ) ;
#10501 = DIRECTION ( 'NONE',  ( 2.775557561562888984E-15, 0.000000000000000000, -1.000000000000000000 ) ) ;
#10502 = EDGE_CURVE ( 'NONE', #11614, #11013, #5206, .T. ) ;
#10503 = DIRECTION ( 'NONE',  ( -2.453639994309486675E-17, 1.000000000000000000, 0.000000000000000000 ) ) ;
#10504 = ORIENTED_EDGE ( 'NONE', *, *, #8367, .T. ) ;
#10505 = DIRECTION ( 'NONE',  ( 2.775557561562888984E-15, 0.000000000000000000, -1.000000000000000000 ) ) ;
#10506 = ORIENTED_EDGE ( 'NONE', *, *, #2504, .T. ) ;
#10507 = CARTESIAN_POINT ( 'NONE',  ( 25.40000000000000213, 0.000000000000000000, 0.000000000000000000 ) ) ;
#10508 = FACE_BOUND ( 'NONE', #12406, .T. ) ;
#10509 = EDGE_CURVE ( 'NONE', #12740, #6089, #3112, .T. ) ;
#10510 = VERTEX_POINT ( 'NONE', #7101 ) ;
#10511 = EDGE_CURVE ( 'NONE', #11785, #5530, #12474, .T. ) ;
#10512 = SURFACE_SIDE_STYLE ('',( #5348 ) ) ;
#10513 = LINE ( 'NONE', #4497, #10148 ) ;
#10514 = SURFACE_STYLE_FILL_AREA ( #456 ) ;
#10515 = CARTESIAN_POINT ( 'NONE',  ( -35.14999999999999147, 7.949999999999992184, 3.750000000000000000 ) ) ;
#10516 = ORIENTED_EDGE ( 'NONE', *, *, #12023, .T. ) ;
#10517 = ADVANCED_FACE ( 'NONE', ( #5277 ), #11099, .F. ) ;
#10518 = ORIENTED_EDGE ( 'NONE', *, *, #7759, .T. ) ;
#10519 = PLANE ( 'NONE',  #8141 ) ;
#10520 = MECHANICAL_DESIGN_GEOMETRIC_PRESENTATION_REPRESENTATION (  '', ( #1541 ), #8442 ) ;
#10521 = DIRECTION ( 'NONE',  ( -1.000000000000000000, 2.775557561563175735E-15, -0.000000000000000000 ) ) ;
#10522 = EDGE_LOOP ( 'NONE', ( #6829, #10919, #2209, #123 ) ) ;
#10523 = ORIENTED_EDGE ( 'NONE', *, *, #5250, .T. ) ;
#10524 = DIRECTION ( 'NONE',  ( 0.000000000000000000, 0.000000000000000000, 1.000000000000000000 ) ) ;
#10525 = DIRECTION ( 'NONE',  ( 0.000000000000000000, -1.000000000000000000, 0.000000000000000000 ) ) ;
#10526 = ORIENTED_EDGE ( 'NONE', *, *, #9890, .T. ) ;
#10527 = DIRECTION ( 'NONE',  ( 0.000000000000000000, 1.000000000000000000, 0.000000000000000000 ) ) ;
#10528 = CARTESIAN_POINT ( 'NONE',  ( 1.919999999999998153, 1.600000000000000089, -15.49999999999999645 ) ) ;
#10529 = EDGE_CURVE ( 'NONE', #2781, #7342, #12665, .T. ) ;
#10530 =( GEOMETRIC_REPRESENTATION_CONTEXT ( 3 ) GLOBAL_UNCERTAINTY_ASSIGNED_CONTEXT ( ( #3134 ) ) GLOBAL_UNIT_ASSIGNED_CONTEXT ( ( #3649, #2790, #6304 ) ) REPRESENTATION_CONTEXT ( 'NONE', 'WORKASPACE' ) );
#10531 = EDGE_CURVE ( 'NONE', #2486, #818, #3307, .T. ) ;
#10532 = CARTESIAN_POINT ( 'NONE',  ( -35.14292893218813418, 8.199999999999999289, 11.90000000000000036 ) ) ;
#10533 = EDGE_CURVE ( 'NONE', #2228, #5204, #7221, .T. ) ;
#10534 = ORIENTED_EDGE ( 'NONE', *, *, #11231, .F. ) ;
#10535 = CARTESIAN_POINT ( 'NONE',  ( -35.15000000000001990, 9.156409632656342142E-14, 11.69292893218813489 ) ) ;
#10536 = EDGE_CURVE ( 'NONE', #11960, #11554, #8774, .T. ) ;
#10537 = CARTESIAN_POINT ( 'NONE',  ( 31.86862915010155106, -16.60000000000000497, -12.73994949366116991 ) ) ;
#10538 = EDGE_LOOP ( 'NONE', ( #1648, #9807, #5967, #10093 ) ) ;
#10539 = CARTESIAN_POINT ( 'NONE',  ( -22.73999999999999488, 1.600000000000000089, -15.49999999999999645 ) ) ;
#10540 = CARTESIAN_POINT ( 'NONE',  ( -26.91999999999999815, 0.000000000000000000, -15.49999999999999645 ) ) ;
#10541 = ORIENTED_EDGE ( 'NONE', *, *, #9313, .T. ) ;
#10542 = FACE_OUTER_BOUND ( 'NONE', #1804, .T. ) ;
#10543 = LINE ( 'NONE', #1582, #189 ) ;
#10544 = DIRECTION ( 'NONE',  ( 0.7071067811865516806, 0.000000000000000000, -0.7071067811865434649 ) ) ;
#10545 = ORIENTED_EDGE ( 'NONE', *, *, #507, .F. ) ;
#10546 = ORIENTED_EDGE ( 'NONE', *, *, #5339, .T. ) ;
#10547 = EDGE_LOOP ( 'NONE', ( #2745, #3263, #5413, #7966 ) ) ;
#10548 = DIRECTION ( 'NONE',  ( 0.000000000000000000, 0.000000000000000000, 1.000000000000000000 ) ) ;
#10549 = CARTESIAN_POINT ( 'NONE',  ( 3.560000000000000497, 1.600000000000000089, -15.49999999999999645 ) ) ;
#10550 = ORIENTED_EDGE ( 'NONE', *, *, #5099, .F. ) ;
#10551 = FACE_BOUND ( 'NONE', #12956, .T. ) ;
#10552 = PLANE ( 'NONE',  #2260 ) ;
#10553 = EDGE_LOOP ( 'NONE', ( #12545, #5459, #6401, #9818 ) ) ;
#10554 = CARTESIAN_POINT ( 'NONE',  ( 35.35000000000000853, 5.699999999999991296, 11.69292893218813667 ) ) ;
#10555 = FACE_OUTER_BOUND ( 'NONE', #779, .T. ) ;
#10556 = DIRECTION ( 'NONE',  ( 1.000000000000000000, 2.453639994309486675E-17, -1.064096724931068475E-31 ) ) ;
#10557 = ORIENTED_EDGE ( 'NONE', *, *, #1389, .T. ) ;
#10558 = CARTESIAN_POINT ( 'NONE',  ( 0.000000000000000000, 8.599999999999999645, 0.000000000000000000 ) ) ;
#10559 = EDGE_LOOP ( 'NONE', ( #11987, #8661, #3831, #3256 ) ) ;
#10560 = EDGE_CURVE ( 'NONE', #11923, #5708, #556, .T. ) ;
#10561 = DIRECTION ( 'NONE',  ( 0.000000000000000000, 1.000000000000000000, 0.000000000000000000 ) ) ;
#10562 = CIRCLE ( 'NONE', #1376, 0.8999999999999980238 ) ;
#10563 = DIRECTION ( 'NONE',  ( 0.000000000000000000, 1.000000000000000000, -0.000000000000000000 ) ) ;
#10564 = EDGE_LOOP ( 'NONE', ( #9195, #6746, #10447, #9698 ) ) ;
#10565 = EDGE_CURVE ( 'NONE', #11025, #1865, #11423, .T. ) ;
#10566 = FACE_OUTER_BOUND ( 'NONE', #892, .T. ) ;
#10567 = CARTESIAN_POINT ( 'NONE',  ( -33.79999999999999005, 8.599999999999999645, 7.250000000000006217 ) ) ;
#10568 = DIRECTION ( 'NONE',  ( 0.000000000000000000, 1.000000000000000000, 0.000000000000000000 ) ) ;
#10569 = DIRECTION ( 'NONE',  ( 1.000000000000000000, -2.569960705151068762E-15, -0.000000000000000000 ) ) ;
#10570 = VECTOR ( 'NONE', #2653, 1000.000000000000000 ) ;
#10571 = VERTEX_POINT ( 'NONE', #11722 ) ;
#10572 = CARTESIAN_POINT ( 'NONE',  ( -28.55999999999999517, 1.600000000000000089, -18.00000000000000000 ) ) ;
#10573 = ADVANCED_FACE ( 'NONE', ( #3861 ), #3803, .F. ) ;
#10574 = ORIENTED_EDGE ( 'NONE', *, *, #7395, .T. ) ;
#10575 = UNCERTAINTY_MEASURE_WITH_UNIT (LENGTH_MEASURE( 1.000000000000000082E-05 ), #4276, 'distance_accuracy_value', 'NONE');
#10576 = SURFACE_STYLE_FILL_AREA ( #1748 ) ;
#10577 = DIRECTION ( 'NONE',  ( 2.775557561562888984E-15, 0.000000000000000000, -1.000000000000000000 ) ) ;
#10578 = ORIENTED_EDGE ( 'NONE', *, *, #11231, .T. ) ;
#10579 = LINE ( 'NONE', #11705, #3398 ) ;
#10580 = CIRCLE ( 'NONE', #12899, 0.4999999999999987232 ) ;
#10581 = FACE_OUTER_BOUND ( 'NONE', #8622, .T. ) ;
#10582 = PLANE ( 'NONE',  #4615 ) ;
#10583 = CARTESIAN_POINT ( 'NONE',  ( -6.599999999999997868, 1.600000000000000089, -15.49999999999999645 ) ) ;
#10584 = CARTESIAN_POINT ( 'NONE',  ( 35.14798000000000400, 8.251936197537242279, 11.66070869979883895 ) ) ;
#10585 = AXIS2_PLACEMENT_3D ( 'NONE', #10438, #11214, #12273 ) ;
#10586 = FACE_OUTER_BOUND ( 'NONE', #7835, .T. ) ;
#10587 = VERTEX_POINT ( 'NONE', #6784 ) ;
#10588 = EDGE_CURVE ( 'NONE', #513, #4907, #12837, .T. ) ;
#10589 = LINE ( 'NONE', #1645, #4644 ) ;
#10590 = CLOSED_SHELL ( 'NONE', ( #12416, #6194, #5845, #3078, #570, #8523, #6986, #11163, #7294 ) ) ;
#10591 = CYLINDRICAL_SURFACE ( 'NONE', #6216, 2.200000000000000622 ) ;
#10592 = EDGE_LOOP ( 'NONE', ( #209, #5449, #5110, #544 ) ) ;
#10593 = EDGE_CURVE ( 'NONE', #11774, #12850, #5752, .T. ) ;
#10594 = DIRECTION ( 'NONE',  ( 2.775557561562888984E-15, 0.000000000000000000, -1.000000000000000000 ) ) ;
#10595 = CIRCLE ( 'NONE', #4339, 0.4999999999999987232 ) ;
#10596 = ADVANCED_FACE ( 'NONE', ( #7786 ), #11779, .T. ) ;
#10597 = FACE_OUTER_BOUND ( 'NONE', #755, .T. ) ;
#10598 = AXIS2_PLACEMENT_3D ( 'NONE', #8902, #11006, #2031 ) ;
#10599 = SURFACE_SIDE_STYLE ('',( #7599 ) ) ;
#10600 = CIRCLE ( 'NONE', #4759, 0.8999999999999980238 ) ;
#10601 = AXIS2_PLACEMENT_3D ( 'NONE', #6129, #11961, #4101 ) ;
#10602 = CARTESIAN_POINT ( 'NONE',  ( -25.27999999999999758, 1.600000000000000089, -18.00000000000000000 ) ) ;
#10603 = VECTOR ( 'NONE', #12584, 1000.000000000000000 ) ;
#10604 = DIRECTION ( 'NONE',  ( 0.000000000000000000, 0.000000000000000000, -1.000000000000000000 ) ) ;
#10605 = FACE_OUTER_BOUND ( 'NONE', #6303, .T. ) ;
#10606 = EDGE_CURVE ( 'NONE', #4477, #4244, #11209, .T. ) ;
#10607 = VECTOR ( 'NONE', #9538, 1000.000000000000000 ) ;
#10608 = VECTOR ( 'NONE', #6352, 1000.000000000000000 ) ;
#10609 = ORIENTED_EDGE ( 'NONE', *, *, #5032, .F. ) ;
#10610 = CARTESIAN_POINT ( 'NONE',  ( 40.00000000000002132, 6.200000000000033928, -4.250000000000000000 ) ) ;
#10611 = VERTEX_POINT ( 'NONE', #4709 ) ;
#10612 = EDGE_LOOP ( 'NONE', ( #7474, #12013, #9839, #1898 ) ) ;
#10613 = DIRECTION ( 'NONE',  ( 0.000000000000000000, 1.000000000000000000, 0.000000000000000000 ) ) ;
#10614 = ORIENTED_EDGE ( 'NONE', *, *, #6570, .F. ) ;
#10615 = FACE_OUTER_BOUND ( 'NONE', #8591, .T. ) ;
#10616 = AXIS2_PLACEMENT_3D ( 'NONE', #621, #11674, #736 ) ;
#10617 = CARTESIAN_POINT ( 'NONE',  ( -6.599999999999997868, 0.000000000000000000, -15.49999999999999645 ) ) ;
#10618 = ORIENTED_EDGE ( 'NONE', *, *, #5242, .F. ) ;
#10619 = AXIS2_PLACEMENT_3D ( 'NONE', #9182, #3024, #4075 ) ;
#10620 = PLANE ( 'NONE',  #10616 ) ;
#10621 = CIRCLE ( 'NONE', #1017, 0.8999999999999980238 ) ;
#10622 = EDGE_CURVE ( 'NONE', #2518, #7583, #5829, .T. ) ;
#10623 = AXIS2_PLACEMENT_3D ( 'NONE', #10988, #69, #5951 ) ;
#10624 = DIRECTION ( 'NONE',  ( 0.000000000000000000, 0.000000000000000000, 1.000000000000000000 ) ) ;
#10625 = PLANE ( 'NONE',  #8947 ) ;
#10626 = EDGE_CURVE ( 'NONE', #8589, #7986, #9733, .T. ) ;
#10627 = ORIENTED_EDGE ( 'NONE', *, *, #6981, .F. ) ;
#10628 = DIRECTION ( 'NONE',  ( 0.000000000000000000, 0.000000000000000000, 1.000000000000000000 ) ) ;
#10629 = VECTOR ( 'NONE', #2820, 1000.000000000000000 ) ;
#10630 = AXIS2_PLACEMENT_3D ( 'NONE', #9676, #1833, #7787 ) ;
#10631 = ORIENTED_EDGE ( 'NONE', *, *, #1854, .F. ) ;
#10632 = CIRCLE ( 'NONE', #7253, 1.000000000000000000 ) ;
#10633 = DIRECTION ( 'NONE',  ( 0.000000000000000000, 0.000000000000000000, -1.000000000000000000 ) ) ;
#10634 = FACE_OUTER_BOUND ( 'NONE', #2049, .T. ) ;
#10635 = ORIENTED_EDGE ( 'NONE', *, *, #9987, .F. ) ;
#10636 = AXIS2_PLACEMENT_3D ( 'NONE', #8247, #9086, #9033 ) ;
#10637 = DIRECTION ( 'NONE',  ( 0.000000000000000000, 0.000000000000000000, 1.000000000000000000 ) ) ;
#10638 =( NAMED_UNIT ( * ) PLANE_ANGLE_UNIT ( ) SI_UNIT ( $, .RADIAN. ) );
#10639 = FACE_OUTER_BOUND ( 'NONE', #7476, .T. ) ;
#10640 = DIRECTION ( 'NONE',  ( 1.000000000000000000, 0.000000000000000000, 0.000000000000000000 ) ) ;
#10641 = VECTOR ( 'NONE', #1278, 1000.000000000000000 ) ;
#10642 = EDGE_CURVE ( 'NONE', #7455, #8844, #4785, .T. ) ;
#10643 = CARTESIAN_POINT ( 'NONE',  ( 35.14292893218813418, 8.199999999999999289, 11.90000000000000036 ) ) ;
#10644 = CIRCLE ( 'NONE', #3130, 0.8999999999999980238 ) ;
#10645 = VERTEX_POINT ( 'NONE', #6373 ) ;
#10646 = DIRECTION ( 'NONE',  ( 0.000000000000000000, 0.000000000000000000, -1.000000000000000000 ) ) ;
#10647 = ORIENTED_EDGE ( 'NONE', *, *, #7532, .F. ) ;
#10648 = AXIS2_PLACEMENT_3D ( 'NONE', #5945, #4642, #9800 ) ;
#10649 = DIRECTION ( 'NONE',  ( -0.7071067811865388020, 0.000000000000000000, -0.7071067811865561215 ) ) ;
#10650 = FACE_OUTER_BOUND ( 'NONE', #821, .T. ) ;
#10651 = DIRECTION ( 'NONE',  ( 0.000000000000000000, 0.000000000000000000, 1.000000000000000000 ) ) ;
#10652 = VECTOR ( 'NONE', #9892, 1000.000000000000000 ) ;
#10653 = VERTEX_POINT ( 'NONE', #10365 ) ;
#10654 = CARTESIAN_POINT ( 'NONE',  ( -32.00000000000000000, 1.600000000000000089, -15.49999999999999645 ) ) ;
#10655 = CARTESIAN_POINT ( 'NONE',  ( -26.91999999999999815, 0.000000000000000000, -15.49999999999999645 ) ) ;
#10656 = AXIS2_PLACEMENT_3D ( 'NONE', #6118, #12154, #6174 ) ;
#10657 = DIRECTION ( 'NONE',  ( 0.000000000000000000, 0.000000000000000000, -1.000000000000000000 ) ) ;
#10658 = CARTESIAN_POINT ( 'NONE',  ( 3.560000000000000497, 0.000000000000000000, -14.59999999999999787 ) ) ;
#10659 = CARTESIAN_POINT ( 'NONE',  ( -0.9192388155425117446, -16.60000000000000497, 10.54791847198287336 ) ) ;
#10660 = CIRCLE ( 'NONE', #5851, 0.8999999999999980238 ) ;
#10661 = EDGE_CURVE ( 'NONE', #9898, #4436, #7490, .T. ) ;
#10662 = AXIS2_PLACEMENT_3D ( 'NONE', #11148, #10892, #3030 ) ;
#10663 = VECTOR ( 'NONE', #4782, 1000.000000000000000 ) ;
#10664 = DIRECTION ( 'NONE',  ( 0.7071067811865301422, 0.000000000000000000, 0.7071067811865648922 ) ) ;
#10665 = ORIENTED_EDGE ( 'NONE', *, *, #11340, .T. ) ;
#10666 = FACE_OUTER_BOUND ( 'NONE', #5493, .T. ) ;
#10667 = DIRECTION ( 'NONE',  ( -0.000000000000000000, 1.000000000000000000, -0.000000000000000000 ) ) ;
#10668 = EDGE_CURVE ( 'NONE', #5591, #9347, #4852, .T. ) ;
#10669 = ORIENTED_EDGE ( 'NONE', *, *, #9470, .T. ) ;
#10670 = DIRECTION ( 'NONE',  ( 0.000000000000000000, 0.000000000000000000, 1.000000000000000000 ) ) ;
#10671 = EDGE_CURVE ( 'NONE', #6141, #50, #8700, .T. ) ;
#10672 = LINE ( 'NONE', #661, #5190 ) ;
#10673 =( LENGTH_UNIT ( ) NAMED_UNIT ( * ) SI_UNIT ( .MILLI., .METRE. ) );
#10674 = CIRCLE ( 'NONE', #7335, 0.8999999999999980238 ) ;
#10675 = CARTESIAN_POINT ( 'NONE',  ( -34.95000000000002416, 8.199999999999999289, 11.70000000000002416 ) ) ;
#10676 = ADVANCED_FACE ( 'NONE', ( #3438 ), #7423, .T. ) ;
#10677 = LINE ( 'NONE', #12704, #1858 ) ;
#10678 = ORIENTED_EDGE ( 'NONE', *, *, #7615, .T. ) ;
#10679 = FILL_AREA_STYLE_COLOUR ( '', #9172 ) ;
#10680 = EDGE_CURVE ( 'NONE', #6195, #12212, #1602, .T. ) ;
#10681 = ORIENTED_EDGE ( 'NONE', *, *, #7775, .T. ) ;
#10682 = FACE_OUTER_BOUND ( 'NONE', #8547, .T. ) ;
#10683 = ORIENTED_EDGE ( 'NONE', *, *, #1586, .F. ) ;
#10684 = DIRECTION ( 'NONE',  ( -1.000000000000000000, -2.453639994309486675E-17, 8.763149499432287983E-32 ) ) ;
#10685 = ORIENTED_EDGE ( 'NONE', *, *, #9996, .T. ) ;
#10686 = DIRECTION ( 'NONE',  ( -0.000000000000000000, 1.000000000000000000, -0.000000000000000000 ) ) ;
#10687 = CARTESIAN_POINT ( 'NONE',  ( -33.91923881554251352, -2.399999999999999467, 10.54791847198287691 ) ) ;
#10688 = ORIENTED_EDGE ( 'NONE', *, *, #8878, .T. ) ;
#10689 = CARTESIAN_POINT ( 'NONE',  ( -34.95000000000000284, 8.399999999999998579, 11.50000000000000355 ) ) ;
#10690 = FACE_OUTER_BOUND ( 'NONE', #3220, .T. ) ;
#10691 = LINE ( 'NONE', #10948, #8333 ) ;
#10692 = EDGE_LOOP ( 'NONE', ( #9937, #3645, #9743, #4796 ) ) ;
#10693 = CARTESIAN_POINT ( 'NONE',  ( 35.35000000000000853, 6.200000000000046363, -3.749999999999999556 ) ) ;
#10694 = VERTEX_POINT ( 'NONE', #2454 ) ;
#10695 = EDGE_CURVE ( 'NONE', #818, #46, #6446, .T. ) ;
#10696 = ORIENTED_EDGE ( 'NONE', *, *, #8097, .F. ) ;
#10697 = CYLINDRICAL_SURFACE ( 'NONE', #9792, 2.200000000000000622 ) ;
#10698 = AXIS2_PLACEMENT_3D ( 'NONE', #10131, #11132, #6218 ) ;
#10699 = DIRECTION ( 'NONE',  ( -0.000000000000000000, 1.000000000000000000, -0.000000000000000000 ) ) ;
#10700 = ORIENTED_EDGE ( 'NONE', *, *, #2646, .F. ) ;
#10701 = CIRCLE ( 'NONE', #11123, 1.000000000000001776 ) ;
#10702 = SURFACE_SIDE_STYLE ('',( #11433 ) ) ;
#10703 = LINE ( 'NONE', #11511, #7226 ) ;
#10704 = CARTESIAN_POINT ( 'NONE',  ( -33.79999999999999005, 8.599999999999999645, 6.250000000000006217 ) ) ;
#10705 = DIRECTION ( 'NONE',  ( 1.000000000000000000, 2.453639994309486675E-17, 8.763149499432394175E-32 ) ) ;
#10706 = ORIENTED_EDGE ( 'NONE', *, *, #11062, .T. ) ;
#10707 = PLANE ( 'NONE',  #11682 ) ;
#10708 = ORIENTED_EDGE ( 'NONE', *, *, #6143, .T. ) ;
#10709 = DIRECTION ( 'NONE',  ( -0.000000000000000000, 1.000000000000000000, -0.000000000000000000 ) ) ;
#10710 = SURFACE_SIDE_STYLE ('',( #4692 ) ) ;
#10711 = VERTEX_POINT ( 'NONE', #10675 ) ;
#10712 = DIRECTION ( 'NONE',  ( -0.000000000000000000, 0.000000000000000000, 1.000000000000000000 ) ) ;
#10713 = DIRECTION ( 'NONE',  ( -1.000000000000000000, 0.000000000000000000, -0.000000000000000000 ) ) ;
#10714 = DIRECTION ( 'NONE',  ( 0.000000000000000000, 1.000000000000000000, -0.000000000000000000 ) ) ;
#10715 = CARTESIAN_POINT ( 'NONE',  ( 34.10000000000000142, 8.500000000000000000, -9.625000000000003553 ) ) ;
#10716 = CYLINDRICAL_SURFACE ( 'NONE', #5817, 0.4999999999999987232 ) ;
#10717 = PLANE ( 'NONE',  #7310 ) ;
#10718 = ORIENTED_EDGE ( 'NONE', *, *, #1468, .F. ) ;
#10719 = ADVANCED_FACE ( 'NONE', ( #3929 ), #203, .F. ) ;
#10720 = CARTESIAN_POINT ( 'NONE',  ( -37.69999999999967599, 0.000000000000000000, 13.50000000000000000 ) ) ;
#10721 = DIRECTION ( 'NONE',  ( 1.000000000000000000, -0.000000000000000000, 0.000000000000000000 ) ) ;
#10722 = EDGE_LOOP ( 'NONE', ( #6471, #8434, #1460, #8903 ) ) ;
#10723 = DIRECTION ( 'NONE',  ( 0.000000000000000000, 0.000000000000000000, -1.000000000000000000 ) ) ;
#10724 = ADVANCED_FACE ( 'NONE', ( #7844, #4119 ), #8116, .T. ) ;
#10725 =( GEOMETRIC_REPRESENTATION_CONTEXT ( 3 ) GLOBAL_UNCERTAINTY_ASSIGNED_CONTEXT ( ( #11519 ) ) GLOBAL_UNIT_ASSIGNED_CONTEXT ( ( #2666, #3714, #4069 ) ) REPRESENTATION_CONTEXT ( 'NONE', 'WORKASPACE' ) );
#10726 = CARTESIAN_POINT ( 'NONE',  ( -10.78000000000004377, 1.600000000000000089, -8.631984016460597151E-14 ) ) ;
#10727 = PLANE ( 'NONE',  #5855 ) ;
#10728 = DIRECTION ( 'NONE',  ( 0.000000000000000000, 1.000000000000000000, 0.000000000000000000 ) ) ;
#10729 = B_SPLINE_SURFACE_WITH_KNOTS ( 'NONE', 1, 3, ( 
 ( #7774, #6776, #2004, #2992, #9989, #5812 ),
 ( #2856, #9018, #3056, #1044, #10775, #5033 ),
 ( #9796, #11769, #4047, #12823, #60, #7832 ),
 ( #6078, #1943, #7971, #1815, #3852, #2079 ) ),
 .UNSPECIFIED., .F., .F., .F.,
 ( 2, 1, 1, 2 ),
 ( 4, 2, 4 ),
 ( -0.01000000000000000021, 0.000000000000000000, 1.000000000000000000, 1.010099999999999998 ),
 ( 0.000000000000000000, 0.5000000000000000000, 1.000000000000000000 ),
 .UNSPECIFIED. ) ;
#10730 = DIRECTION ( 'NONE',  ( 0.000000000000000000, 0.000000000000000000, 1.000000000000000000 ) ) ;
#10731 = ORIENTED_EDGE ( 'NONE', *, *, #7488, .T. ) ;
#10732 = DIRECTION ( 'NONE',  ( 0.7071067811865403563, 0.000000000000000000, 0.7071067811865546782 ) ) ;
#10733 = EDGE_CURVE ( 'NONE', #10498, #1209, #1809, .T. ) ;
#10734 = VERTEX_POINT ( 'NONE', #5891 ) ;
#10735 = DIRECTION ( 'NONE',  ( 2.775557561562888984E-15, 0.000000000000000000, -1.000000000000000000 ) ) ;
#10736 = EDGE_LOOP ( 'NONE', ( #988, #11718, #6551, #8569 ) ) ;
#10737 = VERTEX_POINT ( 'NONE', #5107 ) ;
#10738 = CYLINDRICAL_SURFACE ( 'NONE', #1667, 0.1999999999999987899 ) ;
#10739 = FACE_OUTER_BOUND ( 'NONE', #9557, .T. ) ;
#10740 = VERTEX_POINT ( 'NONE', #11063 ) ;
#10741 = DIRECTION ( 'NONE',  ( -1.000000000000000000, -2.453639994309486367E-17, -1.064096724931068256E-31 ) ) ;
#10742 = CYLINDRICAL_SURFACE ( 'NONE', #7045, 0.8999999999999980238 ) ;
#10743 = EDGE_LOOP ( 'NONE', ( #8566, #10370, #8869, #6291 ) ) ;
#10744 = FACE_OUTER_BOUND ( 'NONE', #5418, .T. ) ;
#10745 = EDGE_CURVE ( 'NONE', #8977, #4821, #3067, .T. ) ;
#10746 = DIRECTION ( 'NONE',  ( 2.775557561562888984E-15, 0.000000000000000000, -1.000000000000000000 ) ) ;
#10747 = CARTESIAN_POINT ( 'NONE',  ( -40.00000000000000000, 1.600000000000000089, -18.00000000000000000 ) ) ;
#10748 = EDGE_LOOP ( 'NONE', ( #10282, #1048, #9802, #4280 ) ) ;
#10749 = FACE_OUTER_BOUND ( 'NONE', #4616, .T. ) ;
#10750 = ORIENTED_EDGE ( 'NONE', *, *, #9920, .T. ) ;
#10751 = ORIENTED_EDGE ( 'NONE', *, *, #6883, .F. ) ;
#10752 = FACE_OUTER_BOUND ( 'NONE', #5628, .T. ) ;
#10753 = DIRECTION ( 'NONE',  ( -0.7071067811865388020, 0.000000000000000000, -0.7071067811865561215 ) ) ;
#10754 = ORIENTED_EDGE ( 'NONE', *, *, #8588, .F. ) ;
#10755 = EDGE_LOOP ( 'NONE', ( #10863, #7197, #4977, #1863 ) ) ;
#10756 = ADVANCED_FACE ( 'NONE', ( #2872 ), #12116, .F. ) ;
#10757 = CARTESIAN_POINT ( 'NONE',  ( -34.98222040359949858, 8.400000000000000355, -11.55246666847519066 ) ) ;
#10758 = SURFACE_STYLE_USAGE ( .BOTH. , #9965 ) ;
#10759 = CARTESIAN_POINT ( 'NONE',  ( 6.100000000000001421, 0.000000000000000000, -15.49999999999999645 ) ) ;
#10760 = CARTESIAN_POINT ( 'NONE',  ( -35.15000000000000568, 5.700000000000255085, 0.000000000000000000 ) ) ;
#10761 = EDGE_CURVE ( 'NONE', #12930, #3087, #7452, .T. ) ;
#10762 = CARTESIAN_POINT ( 'NONE',  ( -7.499999999999996447, 1.600000000000000089, -15.49999999999999645 ) ) ;
#10763 = VERTEX_POINT ( 'NONE', #71 ) ;
#10764 = DIRECTION ( 'NONE',  ( 0.7071067811865475727, 0.000000000000000000, 0.7071067811865475727 ) ) ;
#10765 = EDGE_CURVE ( 'NONE', #6800, #2698, #8500, .T. ) ;
#10766 = ORIENTED_EDGE ( 'NONE', *, *, #4253, .T. ) ;
#10767 = LINE ( 'NONE', #9712, #5218 ) ;
#10768 = ORIENTED_EDGE ( 'NONE', *, *, #8448, .T. ) ;
#10769 = LINE ( 'NONE', #900, #154 ) ;
#10770 = DIRECTION ( 'NONE',  ( 0.000000000000000000, 0.000000000000000000, 1.000000000000000000 ) ) ;
#10771 = DIRECTION ( 'NONE',  ( 1.000000000000000000, -0.000000000000000000, 0.000000000000000000 ) ) ;
#10772 = TOROIDAL_SURFACE ( 'NONE', #8060, 2.147727943148353802, 6.000000000000000000 ) ;
#10773 = CARTESIAN_POINT ( 'NONE',  ( -34.95000000000000995, 8.199999999999999289, -11.50000000000002487 ) ) ;
#10774 = EDGE_CURVE ( 'NONE', #10956, #4152, #10580, .T. ) ;
#10775 = CARTESIAN_POINT ( 'NONE',  ( 34.98223735510389076, 8.600000000000001421, -11.60498854351900455 ) ) ;
#10776 = CIRCLE ( 'NONE', #10140, 1.000000000000000000 ) ;
#10777 = CARTESIAN_POINT ( 'NONE',  ( -12.57999999999999829, 0.000000000000000000, -18.00000000000000000 ) ) ;
#10778 = VECTOR ( 'NONE', #9452, 1000.000000000000000 ) ;
#10779 = ORIENTED_EDGE ( 'NONE', *, *, #6526, .T. ) ;
#10780 = VECTOR ( 'NONE', #532, 1000.000000000000000 ) ;
#10781 = CARTESIAN_POINT ( 'NONE',  ( -35.01430964406271329, 8.558675215251145829, 11.70983863682283932 ) ) ;
#10782 = DIRECTION ( 'NONE',  ( 0.000000000000000000, 0.000000000000000000, 1.000000000000000000 ) ) ;
#10783 = ORIENTED_EDGE ( 'NONE', *, *, #9247, .T. ) ;
#10784 = DIRECTION ( 'NONE',  ( -0.000000000000000000, 1.000000000000000000, -0.000000000000000000 ) ) ;
#10785 = VECTOR ( 'NONE', #3115, 1000.000000000000000 ) ;
#10786 = CARTESIAN_POINT ( 'NONE',  ( -40.00000000000000000, 0.000000000000000000, -18.00000000000000000 ) ) ;
#10787 = DIRECTION ( 'NONE',  ( -0.000000000000000000, 1.000000000000000000, -0.000000000000000000 ) ) ;
#10788 = AXIS2_PLACEMENT_3D ( 'NONE', #12317, #3348, #7333 ) ;
#10789 = VECTOR ( 'NONE', #5415, 1000.000000000000000 ) ;
#10790 = DIRECTION ( 'NONE',  ( 1.000000000000000000, 0.000000000000000000, 0.000000000000000000 ) ) ;
#10791 = VERTEX_POINT ( 'NONE', #10927 ) ;
#10792 = SURFACE_STYLE_FILL_AREA ( #6788 ) ;
#10793 = ADVANCED_FACE ( 'NONE', ( #4000 ), #12036, .T. ) ;
#10794 = VECTOR ( 'NONE', #7205, 1000.000000000000000 ) ;
#10795 = VERTEX_POINT ( 'NONE', #10063 ) ;
#10796 = CARTESIAN_POINT ( 'NONE',  ( -28.56000000000004491, 0.000000000000000000, -8.631984016460597151E-14 ) ) ;
#10797 = ORIENTED_EDGE ( 'NONE', *, *, #9071, .F. ) ;
#10798 = ORIENTED_EDGE ( 'NONE', *, *, #8453, .T. ) ;
#10799 = CARTESIAN_POINT ( 'NONE',  ( 35.11069157708424626, 8.304988543519005617, 11.89999999999999858 ) ) ;
#10800 = VECTOR ( 'NONE', #11254, 1000.000000000000000 ) ;
#10801 = DIRECTION ( 'NONE',  ( 0.000000000000000000, 1.000000000000000000, 0.000000000000000000 ) ) ;
#10802 = EDGE_LOOP ( 'NONE', ( #3565, #3045, #12844, #5564 ) ) ;
#10803 = DIRECTION ( 'NONE',  ( -1.000000000000000000, 2.775557561563175735E-15, -0.000000000000000000 ) ) ;
#10804 = CARTESIAN_POINT ( 'NONE',  ( 1.919999999999956408, 1.600000000000000089, -8.631984016460597151E-14 ) ) ;
#10805 = VERTEX_POINT ( 'NONE', #8 ) ;
#10806 = DIRECTION ( 'NONE',  ( 1.000000000000000000, 0.000000000000000000, 0.000000000000000000 ) ) ;
#10807 = CIRCLE ( 'NONE', #5830, 0.5000000000000004441 ) ;
#10808 = AXIS2_PLACEMENT_3D ( 'NONE', #11898, #12018, #8171 ) ;
#10809 = VECTOR ( 'NONE', #11317, 1000.000000000000000 ) ;
#10810 = DIRECTION ( 'NONE',  ( 0.000000000000000000, 0.000000000000000000, 1.000000000000000000 ) ) ;
#10811 = CIRCLE ( 'NONE', #9976, 0.5000000000000004441 ) ;
#10812 = DIRECTION ( 'NONE',  ( -1.000000000000000000, 2.775557561563175735E-15, -0.000000000000000000 ) ) ;
#10813 = CIRCLE ( 'NONE', #5179, 2.199999999999998845 ) ;
#10814 = ADVANCED_FACE ( 'NONE', ( #10125, #11916 ), #6925, .T. ) ;
#10815 = VERTEX_POINT ( 'NONE', #9930 ) ;
#10816 = CARTESIAN_POINT ( 'NONE',  ( 0.000000000000000000, 8.500000000000000000, 0.000000000000000000 ) ) ;
#10817 = ORIENTED_EDGE ( 'NONE', *, *, #5557, .F. ) ;
#10818 = AXIS2_PLACEMENT_3D ( 'NONE', #4665, #8722, #809 ) ;
#10819 = VERTEX_POINT ( 'NONE', #6988 ) ;
#10820 = VECTOR ( 'NONE', #3626, 1000.000000000000000 ) ;
#10821 = ORIENTED_EDGE ( 'NONE', *, *, #3697, .T. ) ;
#10822 = DIRECTION ( 'NONE',  ( 0.000000000000000000, 1.000000000000000000, 0.000000000000000000 ) ) ;
#10823 = DIRECTION ( 'NONE',  ( 0.000000000000000000, 0.000000000000000000, 1.000000000000000000 ) ) ;
#10824 = ORIENTED_EDGE ( 'NONE', *, *, #963, .T. ) ;
#10825 = AXIS2_PLACEMENT_3D ( 'NONE', #4298, #5535, #8286 ) ;
#10826 = VERTEX_POINT ( 'NONE', #1175 ) ;
#10827 = CIRCLE ( 'NONE', #10623, 0.8999999999999980238 ) ;
#10828 = CARTESIAN_POINT ( 'NONE',  ( -26.02000000000004221, 0.000000000000000000, -8.631984016460597151E-14 ) ) ;
#10829 = DIRECTION ( 'NONE',  ( 0.000000000000000000, 1.000000000000000000, -0.000000000000000000 ) ) ;
#10830 = EDGE_CURVE ( 'NONE', #8150, #542, #5165, .T. ) ;
#10831 = PLANE ( 'NONE',  #11621 ) ;
#10832 = DIRECTION ( 'NONE',  ( 0.000000000000000000, 1.000000000000000000, 0.000000000000000000 ) ) ;
#10833 = PRESENTATION_LAYER_ASSIGNMENT (  '', '', ( #12318 ) ) ;
#10834 = CARTESIAN_POINT ( 'NONE',  ( 3.560000000000000497, 1.600000000000000089, -15.49999999999999645 ) ) ;
#10835 = AXIS2_PLACEMENT_3D ( 'NONE', #10886, #10812, #8795 ) ;
#10836 = EDGE_LOOP ( 'NONE', ( #7286, #580, #9708, #8091 ) ) ;
#10837 = ADVANCED_FACE ( 'NONE', ( #7983 ), #11976, .F. ) ;
#10838 = LINE ( 'NONE', #1873, #4798 ) ;
#10839 = VECTOR ( 'NONE', #7285, 1000.000000000000000 ) ;
#10840 = ORIENTED_EDGE ( 'NONE', *, *, #9283, .F. ) ;
#10841 = EDGE_CURVE ( 'NONE', #11311, #5838, #970, .T. ) ;
#10842 = CARTESIAN_POINT ( 'NONE',  ( -40.00000000000000000, 1.600000000000000089, -18.00000000000000000 ) ) ;
#10843 = EDGE_CURVE ( 'NONE', #2389, #4171, #5044, .T. ) ;
#10844 = CARTESIAN_POINT ( 'NONE',  ( -4.059999999999997833, 0.000000000000000000, -15.49999999999999645 ) ) ;
#10845 = ORIENTED_EDGE ( 'NONE', *, *, #9145, .T. ) ;
#10846 =( GEOMETRIC_REPRESENTATION_CONTEXT ( 3 ) GLOBAL_UNCERTAINTY_ASSIGNED_CONTEXT ( ( #8375 ) ) GLOBAL_UNIT_ASSIGNED_CONTEXT ( ( #7191, #10008, #12184 ) ) REPRESENTATION_CONTEXT ( 'NONE', 'WORKASPACE' ) );
#10847 = PRESENTATION_LAYER_ASSIGNMENT (  '', '', ( #3536 ) ) ;
#10848 = AXIS2_PLACEMENT_3D ( 'NONE', #8890, #10931, #3804 ) ;
#10849 = LINE ( 'NONE', #1879, #4120 ) ;
#10850 = DIRECTION ( 'NONE',  ( 0.000000000000000000, 0.000000000000000000, 1.000000000000000000 ) ) ;
#10851 = LINE ( 'NONE', #11048, #2625 ) ;
#10852 = FACE_OUTER_BOUND ( 'NONE', #3582, .T. ) ;
#10853 = CARTESIAN_POINT ( 'NONE',  ( -26.02000000000004221, 0.000000000000000000, -8.631984016460597151E-14 ) ) ;
#10854 = AXIS2_PLACEMENT_3D ( 'NONE', #8033, #7181, #3058 ) ;
#10855 = VECTOR ( 'NONE', #12873, 1000.000000000000000 ) ;
#10856 = FACE_OUTER_BOUND ( 'NONE', #6930, .T. ) ;
#10857 = VECTOR ( 'NONE', #5844, 1000.000000000000000 ) ;
#10858 = EDGE_LOOP ( 'NONE', ( #633, #2115, #11998, #4924 ) ) ;
#10859 = VECTOR ( 'NONE', #10770, 1000.000000000000000 ) ;
#10860 = EDGE_CURVE ( 'NONE', #6724, #10826, #7394, .T. ) ;
#10861 = CARTESIAN_POINT ( 'NONE',  ( -35.01430964406271329, 8.376643082376670435, 11.60334291870195322 ) ) ;
#10862 = DIRECTION ( 'NONE',  ( 0.000000000000000000, -0.000000000000000000, -1.000000000000000000 ) ) ;
#10863 = ORIENTED_EDGE ( 'NONE', *, *, #4727, .F. ) ;
#10864 = VECTOR ( 'NONE', #12200, 1000.000000000000000 ) ;
#10865 = DIRECTION ( 'NONE',  ( 0.000000000000000000, -1.000000000000000000, 0.000000000000000000 ) ) ;
#10866 = DIRECTION ( 'NONE',  ( 0.000000000000000000, -1.000000000000000000, 0.000000000000000000 ) ) ;
#10867 = EDGE_CURVE ( 'NONE', #4251, #10316, #1314, .T. ) ;
#10868 = DIRECTION ( 'NONE',  ( 2.569960705150817904E-15, -1.000000000000000000, -2.478176394252935635E-16 ) ) ;
#10869 = AXIS2_PLACEMENT_3D ( 'NONE', #6323, #7230, #12364 ) ;
#10870 = CARTESIAN_POINT ( 'NONE',  ( -33.79999999999999005, 6.899999999999999467, 7.250000000000006217 ) ) ;
#10871 = MECHANICAL_DESIGN_GEOMETRIC_PRESENTATION_REPRESENTATION (  '', ( #4819 ), #4193 ) ;
#10872 = ORIENTED_EDGE ( 'NONE', *, *, #10274, .F. ) ;
#10873 = CARTESIAN_POINT ( 'NONE',  ( -13.32000000000004292, 0.000000000000000000, -8.631984016460597151E-14 ) ) ;
#10874 = ORIENTED_EDGE ( 'NONE', *, *, #10841, .F. ) ;
#10875 = ORIENTED_EDGE ( 'NONE', *, *, #2085, .F. ) ;
#10876 = VERTEX_POINT ( 'NONE', #471 ) ;
#10877 = CARTESIAN_POINT ( 'NONE',  ( -33.79999999999999005, -0.0009999999999992653654, 7.250000000000006217 ) ) ;
#10878 = CYLINDRICAL_SURFACE ( 'NONE', #5585, 0.8999999999999980238 ) ;
#10879 = EDGE_LOOP ( 'NONE', ( #6564, #10190 ) ) ;
#10880 = AXIS2_PLACEMENT_3D ( 'NONE', #12774, #2689, #10670 ) ;
#10881 = DIRECTION ( 'NONE',  ( 1.000000000000000000, 0.000000000000000000, 2.775557561562888984E-15 ) ) ;
#10882 = CARTESIAN_POINT ( 'NONE',  ( -40.00000000000000000, 0.000000000000000000, -18.00000000000000000 ) ) ;
#10883 = VERTEX_POINT ( 'NONE', #12243 ) ;
#10884 = CARTESIAN_POINT ( 'NONE',  ( -40.00000000000000000, 0.000000000000000000, -18.00000000000000000 ) ) ;
#10885 = DIRECTION ( 'NONE',  ( 0.000000000000000000, 0.000000000000000000, 1.000000000000000000 ) ) ;
#10886 = CARTESIAN_POINT ( 'NONE',  ( 40.00000000000002132, 6.200000000000034817, 4.250000000000000000 ) ) ;
#10887 = ORIENTED_EDGE ( 'NONE', *, *, #10034, .T. ) ;
#10888 = DIRECTION ( 'NONE',  ( 0.000000000000000000, 1.000000000000000000, -0.000000000000000000 ) ) ;
#10889 = VERTEX_POINT ( 'NONE', #7189 ) ;
#10890 = ORIENTED_EDGE ( 'NONE', *, *, #5000, .F. ) ;
#10891 = EDGE_LOOP ( 'NONE', ( #12688, #5389, #5445, #8779, #5783 ) ) ;
#10892 = DIRECTION ( 'NONE',  ( 0.000000000000000000, 1.000000000000000000, 0.000000000000000000 ) ) ;
#10893 = CARTESIAN_POINT ( 'NONE',  ( -29.46000000000000085, 0.000000000000000000, -15.49999999999999645 ) ) ;
#10894 = VERTEX_POINT ( 'NONE', #11391 ) ;
#10895 = EDGE_CURVE ( 'NONE', #4775, #2792, #3267, .T. ) ;
#10896 = ORIENTED_EDGE ( 'NONE', *, *, #1575, .F. ) ;
#10897 = DIRECTION ( 'NONE',  ( 0.000000000000000000, 0.000000000000000000, 1.000000000000000000 ) ) ;
#10898 = CARTESIAN_POINT ( 'NONE',  ( -1.520000000000000462, 1.600000000000000089, -15.49999999999999645 ) ) ;
#10899 = EDGE_CURVE ( 'NONE', #2601, #8672, #405, .T. ) ;
#10900 = LINE ( 'NONE', #7954, #12883 ) ;
#10901 = FILL_AREA_STYLE_COLOUR ( '', #4165 ) ;
#10902 = DIRECTION ( 'NONE',  ( -0.000000000000000000, 1.000000000000000000, -0.000000000000000000 ) ) ;
#10903 = ORIENTED_EDGE ( 'NONE', *, *, #10336, .T. ) ;
#10904 = DIRECTION ( 'NONE',  ( 1.000000000000000000, 0.000000000000000000, 0.000000000000000000 ) ) ;
#10905 = ORIENTED_EDGE ( 'NONE', *, *, #5099, .T. ) ;
#10906 = EDGE_CURVE ( 'NONE', #7810, #3397, #5441, .T. ) ;
#10907 = ADVANCED_FACE ( 'NONE', ( #6208 ), #10197, .F. ) ;
#10908 = CARTESIAN_POINT ( 'NONE',  ( 35.35000000000000853, 5.699999999999992184, 4.250000000000000000 ) ) ;
#10909 = CARTESIAN_POINT ( 'NONE',  ( -16.76000000000000156, 0.000000000000000000, -14.99999999999999822 ) ) ;
#10910 = VECTOR ( 'NONE', #12377, 1000.000000000000000 ) ;
#10911 = ORIENTED_EDGE ( 'NONE', *, *, #8186, .T. ) ;
#10912 = CYLINDRICAL_SURFACE ( 'NONE', #10808, 0.8999999999999980238 ) ;
#10913 = CARTESIAN_POINT ( 'NONE',  ( 0.000000000000000000, 0.000000000000000000, 0.000000000000000000 ) ) ;
#10914 = CARTESIAN_POINT ( 'NONE',  ( 34.95000000000001705, 8.400000000000000355, -11.50000000000002487 ) ) ;
#10915 = VECTOR ( 'NONE', #4518, 1000.000000000000000 ) ;
#10916 = DIRECTION ( 'NONE',  ( 0.7071067811865464625, 0.000000000000000000, 0.7071067811865486830 ) ) ;
#10917 = EDGE_CURVE ( 'NONE', #1034, #5293, #6405, .T. ) ;
#10918 = CARTESIAN_POINT ( 'NONE',  ( -35.14292893218813418, 8.200000000000001066, -11.90000000000000036 ) ) ;
#10919 = ORIENTED_EDGE ( 'NONE', *, *, #4791, .F. ) ;
#10920 = ORIENTED_EDGE ( 'NONE', *, *, #7251, .F. ) ;
#10921 = CARTESIAN_POINT ( 'NONE',  ( -34.98222023238930234, 8.397979999999998668, 11.55193619753725010 ) ) ;
#10922 = CARTESIAN_POINT ( 'NONE',  ( 35.14292893218813418, 8.200000000000001066, 11.69999999999999929 ) ) ;
#10923 = EDGE_CURVE ( 'NONE', #5088, #4347, #1452, .T. ) ;
#10924 = ORIENTED_EDGE ( 'NONE', *, *, #234, .F. ) ;
#10925 = PLANE ( 'NONE',  #3145 ) ;
#10926 = DIRECTION ( 'NONE',  ( -0.000000000000000000, 1.000000000000000000, -0.000000000000000000 ) ) ;
#10927 = CARTESIAN_POINT ( 'NONE',  ( 33.64999999999999858, 8.599999999999999645, 9.075000000000002842 ) ) ;
#10928 = EDGE_CURVE ( 'NONE', #11624, #54, #3490, .T. ) ;
#10929 = VECTOR ( 'NONE', #7094, 1000.000000000000000 ) ;
#10930 = EDGE_CURVE ( 'NONE', #2778, #3099, #10161, .T. ) ;
#10931 = DIRECTION ( 'NONE',  ( 0.000000000000000000, 1.000000000000000000, 0.000000000000000000 ) ) ;
#10932 = ORIENTED_EDGE ( 'NONE', *, *, #5032, .T. ) ;
#10933 = DIRECTION ( 'NONE',  ( -0.000000000000000000, 1.000000000000000000, -0.000000000000000000 ) ) ;
#10934 = EDGE_CURVE ( 'NONE', #5196, #5882, #4534, .T. ) ;
#10935 = VERTEX_POINT ( 'NONE', #8388 ) ;
#10936 = ORIENTED_EDGE ( 'NONE', *, *, #8923, .F. ) ;
#10937 = ORIENTED_EDGE ( 'NONE', *, *, #7241, .T. ) ;
#10938 = CARTESIAN_POINT ( 'NONE',  ( 34.94999999999999574, 8.397979999999998668, 11.50000000000000000 ) ) ;
#10939 = FACE_OUTER_BOUND ( 'NONE', #863, .T. ) ;
#10940 = ORIENTED_EDGE ( 'NONE', *, *, #2070, .F. ) ;
#10941 = CARTESIAN_POINT ( 'NONE',  ( -40.00000000000000000, 1.600000000000000089, -18.00000000000000000 ) ) ;
#10942 = DIRECTION ( 'NONE',  ( 0.000000000000000000, 0.000000000000000000, 1.000000000000000000 ) ) ;
#10943 = ORIENTED_EDGE ( 'NONE', *, *, #2141, .T. ) ;
#10944 = CARTESIAN_POINT ( 'NONE',  ( 35.35000000000000142, 8.199999999999999289, 11.69292893218813667 ) ) ;
#10945 = LINE ( 'NONE', #2962, #800 ) ;
#10946 = AXIS2_PLACEMENT_3D ( 'NONE', #12253, #2372, #5376 ) ;
#10947 = VECTOR ( 'NONE', #3843, 1000.000000000000000 ) ;
#10948 = CARTESIAN_POINT ( 'NONE',  ( -0.6199999999999989964, 0.000000000000000000, -18.00000000000000000 ) ) ;
#10949 = ORIENTED_EDGE ( 'NONE', *, *, #12942, .F. ) ;
#10950 = CARTESIAN_POINT ( 'NONE',  ( -20.94000000000000128, 0.000000000000000000, -15.49999999999999645 ) ) ;
#10951 = ORIENTED_EDGE ( 'NONE', *, *, #9427, .F. ) ;
#10952 = ORIENTED_EDGE ( 'NONE', *, *, #2751, .F. ) ;
#10953 = ORIENTED_EDGE ( 'NONE', *, *, #9107, .T. ) ;
#10954 = DIRECTION ( 'NONE',  ( 0.000000000000000000, 0.000000000000000000, 1.000000000000000000 ) ) ;
#10955 = DIRECTION ( 'NONE',  ( 5.930678550348046247E-16, -0.000000000000000000, -1.000000000000000000 ) ) ;
#10956 = VERTEX_POINT ( 'NONE', #2297 ) ;
#10957 = DIRECTION ( 'NONE',  ( -0.000000000000000000, 1.000000000000000000, -0.000000000000000000 ) ) ;
#10958 = ORIENTED_EDGE ( 'NONE', *, *, #859, .F. ) ;
#10959 = CIRCLE ( 'NONE', #695, 0.8999999999999980238 ) ;
#10960 = DIRECTION ( 'NONE',  ( 0.000000000000000000, 0.000000000000000000, 1.000000000000000000 ) ) ;
#10961 = CARTESIAN_POINT ( 'NONE',  ( -35.14292893218813418, 8.199999999999999289, 11.50000000000000000 ) ) ;
#10962 = CARTESIAN_POINT ( 'NONE',  ( -32.01005050633882121, -2.399999999999999467, -12.88137084989846848 ) ) ;
#10963 = DIRECTION ( 'NONE',  ( 2.775557561562888984E-15, 0.000000000000000000, -1.000000000000000000 ) ) ;
#10964 = LINE ( 'NONE', #9779, #6440 ) ;
#10965 = ORIENTED_EDGE ( 'NONE', *, *, #11815, .F. ) ;
#10966 = CARTESIAN_POINT ( 'NONE',  ( -5.700000000000041922, 1.600000000000000089, -8.631984016460597151E-14 ) ) ;
#10967 = ADVANCED_FACE ( 'NONE', ( #10335 ), #8311, .T. ) ;
#10968 = ORIENTED_EDGE ( 'NONE', *, *, #6893, .T. ) ;
#10969 = EDGE_CURVE ( 'NONE', #11813, #1996, #6407, .T. ) ;
#10970 = DIRECTION ( 'NONE',  ( 0.000000000000000000, -1.000000000000000000, 0.000000000000000000 ) ) ;
#10971 = DIRECTION ( 'NONE',  ( 0.000000000000000000, 0.000000000000000000, -1.000000000000000000 ) ) ;
#10972 = VERTEX_POINT ( 'NONE', #4197 ) ;
#10973 = LINE ( 'NONE', #5028, #5381 ) ;
#10974 = CARTESIAN_POINT ( 'NONE',  ( -1.131370849898481135, -16.60000000000000497, -12.73994949366116813 ) ) ;
#10975 = DIRECTION ( 'NONE',  ( 1.000000000000000000, -0.000000000000000000, 0.000000000000000000 ) ) ;
#10976 = CARTESIAN_POINT ( 'NONE',  ( 4.459999999999999076, 0.000000000000000000, -15.49999999999999645 ) ) ;
#10977 = EDGE_CURVE ( 'NONE', #5959, #542, #9351, .T. ) ;
#10978 = EDGE_CURVE ( 'NONE', #3200, #7999, #12484, .T. ) ;
#10979 = CARTESIAN_POINT ( 'NONE',  ( 34.10000000000000142, 8.500000000000000000, 0.000000000000000000 ) ) ;
#10980 = ORIENTED_EDGE ( 'NONE', *, *, #1301, .F. ) ;
#10981 = CARTESIAN_POINT ( 'NONE',  ( -18.39999999999999858, 0.000000000000000000, -18.00000000000000000 ) ) ;
#10982 = ORIENTED_EDGE ( 'NONE', *, *, #61, .F. ) ;
#10983 = CARTESIAN_POINT ( 'NONE',  ( -34.95000000000000284, 8.599999999999999645, 11.50000000000000000 ) ) ;
#10984 = CIRCLE ( 'NONE', #5352, 0.4500000000000007327 ) ;
#10985 = CARTESIAN_POINT ( 'NONE',  ( -1.520000000000000462, -6.222539674441619262, -15.99999999999999645 ) ) ;
#10986 = VERTEX_POINT ( 'NONE', #10909 ) ;
#10987 = CARTESIAN_POINT ( 'NONE',  ( -15.85999999999999588, 0.000000000000000000, -18.00000000000000000 ) ) ;
#10988 = CARTESIAN_POINT ( 'NONE',  ( -11.67999999999999972, 0.000000000000000000, -15.49999999999999645 ) ) ;
#10989 = DIRECTION ( 'NONE',  ( 0.000000000000000000, 0.000000000000000000, 1.000000000000000000 ) ) ;
#10990 = EDGE_CURVE ( 'NONE', #10711, #3997, #9911, .T. ) ;
#10991 = CARTESIAN_POINT ( 'NONE',  ( -24.37999999999999901, 1.600000000000000089, -15.49999999999999645 ) ) ;
#10992 = CIRCLE ( 'NONE', #4313, 5.999999999999998224 ) ;
#10993 = CARTESIAN_POINT ( 'NONE',  ( -11.67999999999999972, 0.000000000000000000, -14.99999999999999822 ) ) ;
#10994 = EDGE_CURVE ( 'NONE', #11311, #6254, #4039, .T. ) ;
#10995 = PRESENTATION_LAYER_ASSIGNMENT (  '', '', ( #2437 ) ) ;
#10996 = VERTEX_POINT ( 'NONE', #6125 ) ;
#10997 = CARTESIAN_POINT ( 'NONE',  ( 35.01431289598056651, 8.556862238492909611, 11.70878169375791700 ) ) ;
#10998 = EDGE_CURVE ( 'NONE', #12518, #5762, #11108, .T. ) ;
#10999 = VECTOR ( 'NONE', #8427, 1000.000000000000000 ) ;
#11000 = ORIENTED_EDGE ( 'NONE', *, *, #5941, .F. ) ;
#11001 = CARTESIAN_POINT ( 'NONE',  ( 35.14292893218813418, 8.200000000000001066, 11.70000000000000107 ) ) ;
#11002 = DIRECTION ( 'NONE',  ( 0.000000000000000000, 0.000000000000000000, -1.000000000000000000 ) ) ;
#11003 = ORIENTED_EDGE ( 'NONE', *, *, #1900, .F. ) ;
#11004 = CARTESIAN_POINT ( 'NONE',  ( -35.15000000000000568, 8.199999999999999289, -11.70000000000002416 ) ) ;
#11005 = CARTESIAN_POINT ( 'NONE',  ( 1.020000000000000018, -6.222539674441619262, -15.49999999999999645 ) ) ;
#11006 = DIRECTION ( 'NONE',  ( 0.000000000000000000, 1.000000000000000000, 0.000000000000000000 ) ) ;
#11007 = ORIENTED_EDGE ( 'NONE', *, *, #10934, .F. ) ;
#11008 = VECTOR ( 'NONE', #10402, 1000.000000000000000 ) ;
#11009 = DIRECTION ( 'NONE',  ( 1.000000000000000000, 0.000000000000000000, 0.000000000000000000 ) ) ;
#11010 = CIRCLE ( 'NONE', #5778, 1.000000000000000000 ) ;
#11011 = DIRECTION ( 'NONE',  ( 0.000000000000000000, 0.000000000000000000, 1.000000000000000000 ) ) ;
#11012 = DIRECTION ( 'NONE',  ( 0.000000000000000000, 1.000000000000000000, -0.000000000000000000 ) ) ;
#11013 = VERTEX_POINT ( 'NONE', #10046 ) ;
#11014 = DIRECTION ( 'NONE',  ( 0.000000000000000000, 1.000000000000000000, 0.000000000000000000 ) ) ;
#11015 = ORIENTED_EDGE ( 'NONE', *, *, #860, .F. ) ;
#11016 = VERTEX_POINT ( 'NONE', #6968 ) ;
#11017 = ORIENTED_EDGE ( 'NONE', *, *, #2119, .F. ) ;
#11018 = CARTESIAN_POINT ( 'NONE',  ( -34.79999999999999005, 8.599999999999999645, -6.249999999999994671 ) ) ;
#11019 = DIRECTION ( 'NONE',  ( -1.000000000000000000, -0.000000000000000000, -0.000000000000000000 ) ) ;
#11020 = ORIENTED_EDGE ( 'NONE', *, *, #5981, .T. ) ;
#11021 = DIRECTION ( 'NONE',  ( -1.000000000000000000, 0.000000000000000000, 0.000000000000000000 ) ) ;
#11022 = EDGE_CURVE ( 'NONE', #9437, #3733, #1097, .T. ) ;
#11023 = VECTOR ( 'NONE', #961, 1000.000000000000000 ) ;
#11024 = AXIS2_PLACEMENT_3D ( 'NONE', #350, #12139, #2110 ) ;
#11025 = VERTEX_POINT ( 'NONE', #5145 ) ;
#11026 = FACE_OUTER_BOUND ( 'NONE', #848, .T. ) ;
#11027 = CARTESIAN_POINT ( 'NONE',  ( 35.14999999999999858, 8.400000000000000355, 11.69292893218813667 ) ) ;
#11028 = VECTOR ( 'NONE', #11002, 1000.000000000000000 ) ;
#11029 = CARTESIAN_POINT ( 'NONE',  ( 10.16000000000000014, 0.000000000000000000, 0.000000000000000000 ) ) ;
#11030 = EDGE_CURVE ( 'NONE', #10611, #10711, #8701, .T. ) ;
#11031 = CIRCLE ( 'NONE', #9554, 0.5000000000000004441 ) ;
#11032 = CARTESIAN_POINT ( 'NONE',  ( -21.83999999999999986, 0.000000000000000000, -14.59999999999999787 ) ) ;
#11033 = LINE ( 'NONE', #2336, #5809 ) ;
#11034 = VECTOR ( 'NONE', #10501, 1000.000000000000000 ) ;
#11035 = ORIENTED_EDGE ( 'NONE', *, *, #4820, .F. ) ;
#11036 = DIRECTION ( 'NONE',  ( 0.000000000000000000, 1.000000000000000000, -0.000000000000000000 ) ) ;
#11037 = PRESENTATION_LAYER_ASSIGNMENT (  '', '', ( #9763 ) ) ;
#11038 = AXIS2_PLACEMENT_3D ( 'NONE', #1360, #320, #12101 ) ;
#11039 = EDGE_LOOP ( 'NONE', ( #2520, #388, #12750, #1190 ) ) ;
#11040 = VECTOR ( 'NONE', #6919, 1000.000000000000000 ) ;
#11041 = DIRECTION ( 'NONE',  ( -1.000000000000000000, 2.775557561563175735E-15, -0.000000000000000000 ) ) ;
#11042 = AXIS2_PLACEMENT_3D ( 'NONE', #11838, #11061, #1055 ) ;
#11043 = DIRECTION ( 'NONE',  ( 0.7071067811865439090, 0.000000000000000000, -0.7071067811865512365 ) ) ;
#11044 = EDGE_LOOP ( 'NONE', ( #3217, #6243, #9768, #1735 ) ) ;
#11045 = CARTESIAN_POINT ( 'NONE',  ( 3.560000000000000497, 1.600000000000000089, -15.49999999999999645 ) ) ;
#11046 = VECTOR ( 'NONE', #6657, 1000.000000000000000 ) ;
#11047 = ADVANCED_FACE ( 'NONE', ( #8023 ), #12090, .F. ) ;
#11048 = CARTESIAN_POINT ( 'NONE',  ( 35.14999999999999858, 7.949999999999797673, -1.838806884535347678E-15 ) ) ;
#11049 = VECTOR ( 'NONE', #421, 1000.000000000000000 ) ;
#11050 = CIRCLE ( 'NONE', #11875, 0.8999999999999980238 ) ;
#11051 = FACE_BOUND ( 'NONE', #1066, .T. ) ;
#11052 = AXIS2_PLACEMENT_3D ( 'NONE', #1701, #9662, #11708 ) ;
#11053 = ORIENTED_EDGE ( 'NONE', *, *, #750, .T. ) ;
#11054 = PLANE ( 'NONE',  #11285 ) ;
#11055 = EDGE_LOOP ( 'NONE', ( #5210, #9577, #4702, #1436 ) ) ;
#11056 = VECTOR ( 'NONE', #5781, 1000.000000000000000 ) ;
#11057 = DIRECTION ( 'NONE',  ( 0.000000000000000000, 0.000000000000000000, -1.000000000000000000 ) ) ;
#11058 = DIRECTION ( 'NONE',  ( 0.000000000000000000, 0.000000000000000000, 1.000000000000000000 ) ) ;
#11059 = ORIENTED_EDGE ( 'NONE', *, *, #4028, .T. ) ;
#11060 = DIRECTION ( 'NONE',  ( 0.000000000000000000, 1.000000000000000000, 0.000000000000000000 ) ) ;
#11061 = DIRECTION ( 'NONE',  ( 0.000000000000000000, 1.000000000000000000, -0.000000000000000000 ) ) ;
#11062 = EDGE_CURVE ( 'NONE', #5606, #7639, #12015, .T. ) ;
#11063 = CARTESIAN_POINT ( 'NONE',  ( -3.159999999999992593, 1.600000000000000089, -18.00000000000000000 ) ) ;
#11064 = VECTOR ( 'NONE', #4489, 1000.000000000000000 ) ;
#11065 = CARTESIAN_POINT ( 'NONE',  ( -27.81999999999998963, 1.600000000000000089, -18.00000000000000000 ) ) ;
#11066 = ORIENTED_EDGE ( 'NONE', *, *, #12857, .T. ) ;
#11067 = CARTESIAN_POINT ( 'NONE',  ( 34.06066017177984406, -2.399999999999999467, 10.54791847198286980 ) ) ;
#11068 = EDGE_CURVE ( 'NONE', #3247, #9475, #764, .T. ) ;
#11069 = VECTOR ( 'NONE', #10664, 1000.000000000000114 ) ;
#11070 = EDGE_CURVE ( 'NONE', #1562, #5194, #9068, .T. ) ;
#11071 = ORIENTED_EDGE ( 'NONE', *, *, #10340, .T. ) ;
#11072 = CARTESIAN_POINT ( 'NONE',  ( 37.70000000000000284, 1.600000000000000089, -15.69999999999999929 ) ) ;
#11073 = DIRECTION ( 'NONE',  ( 0.000000000000000000, 0.000000000000000000, 1.000000000000000000 ) ) ;
#11074 = VERTEX_POINT ( 'NONE', #110 ) ;
#11075 = CARTESIAN_POINT ( 'NONE',  ( 33.80000000000000426, 8.599999999999999645, 7.250000000000006217 ) ) ;
#11076 = CARTESIAN_POINT ( 'NONE',  ( 33.80000000000000426, 8.400000000000000355, -6.249999999999994671 ) ) ;
#11077 = ORIENTED_EDGE ( 'NONE', *, *, #845, .T. ) ;
#11078 =( GEOMETRIC_REPRESENTATION_CONTEXT ( 3 ) GLOBAL_UNCERTAINTY_ASSIGNED_CONTEXT ( ( #5611 ) ) GLOBAL_UNIT_ASSIGNED_CONTEXT ( ( #3177, #536, #7100 ) ) REPRESENTATION_CONTEXT ( 'NONE', 'WORKASPACE' ) );
#11079 = DIRECTION ( 'NONE',  ( -0.7071067811865517916, -0.000000000000000000, 0.7071067811865431318 ) ) ;
#11080 = FACE_OUTER_BOUND ( 'NONE', #1576, .T. ) ;
#11081 = VECTOR ( 'NONE', #6604, 1000.000000000000000 ) ;
#11082 = EDGE_CURVE ( 'NONE', #4171, #12457, #3121, .T. ) ;
#11083 = DIRECTION ( 'NONE',  ( 1.000000000000000000, 0.000000000000000000, 0.000000000000000000 ) ) ;
#11084 = CYLINDRICAL_SURFACE ( 'NONE', #7875, 0.8999999999999980238 ) ;
#11085 = CARTESIAN_POINT ( 'NONE',  ( 6.100000000000001421, 1.600000000000000089, -15.49999999999999645 ) ) ;
#11086 = ORIENTED_EDGE ( 'NONE', *, *, #3396, .F. ) ;
#11087 = CIRCLE ( 'NONE', #1275, 0.8999999999999980238 ) ;
#11088 = ORIENTED_EDGE ( 'NONE', *, *, #1391, .T. ) ;
#11089 = ORIENTED_EDGE ( 'NONE', *, *, #3584, .T. ) ;
#11090 = DIRECTION ( 'NONE',  ( 2.453639994309486367E-17, -1.000000000000000000, 0.000000000000000000 ) ) ;
#11091 = DIRECTION ( 'NONE',  ( -0.000000000000000000, 1.000000000000000000, -0.000000000000000000 ) ) ;
#11092 = ORIENTED_EDGE ( 'NONE', *, *, #2646, .T. ) ;
#11093 = FACE_OUTER_BOUND ( 'NONE', #9359, .T. ) ;
#11094 = DIRECTION ( 'NONE',  ( 0.000000000000000000, 1.000000000000000000, -0.000000000000000000 ) ) ;
#11095 = ORIENTED_EDGE ( 'NONE', *, *, #2202, .T. ) ;
#11096 = ADVANCED_FACE ( 'NONE', ( #1157, #10168 ), #9212, .T. ) ;
#11097 = DIRECTION ( 'NONE',  ( 1.000000000000000000, -0.000000000000000000, 0.000000000000000000 ) ) ;
#11098 = FACE_OUTER_BOUND ( 'NONE', #3533, .T. ) ;
#11099 = CYLINDRICAL_SURFACE ( 'NONE', #3261, 0.4999999999999987232 ) ;
#11100 = CARTESIAN_POINT ( 'NONE',  ( -33.79999999999999005, 7.399999999999999467, 7.250000000000006217 ) ) ;
#11101 = DIRECTION ( 'NONE',  ( 2.775557561562888984E-15, 0.000000000000000000, -1.000000000000000000 ) ) ;
#11102 = VERTEX_POINT ( 'NONE', #182 ) ;
#11103 = LINE ( 'NONE', #12360, #6872 ) ;
#11104 = EDGE_CURVE ( 'NONE', #6477, #2083, #7033, .T. ) ;
#11105 = EDGE_LOOP ( 'NONE', ( #8730, #5409, #9625, #3652 ) ) ;
#11106 = CARTESIAN_POINT ( 'NONE',  ( 35.14292893218813418, 4.336300612088368756E-14, 11.70000000000002949 ) ) ;
#11107 = ADVANCED_FACE ( 'NONE', ( #5024 ), #53, .F. ) ;
#11108 = LINE ( 'NONE', #2134, #11840 ) ;
#11109 = EDGE_LOOP ( 'NONE', ( #11131, #11849, #535, #9461 ) ) ;
#11110 =( LENGTH_UNIT ( ) NAMED_UNIT ( * ) SI_UNIT ( .MILLI., .METRE. ) );
#11111 = CARTESIAN_POINT ( 'NONE',  ( -35.05498854351900206, 8.599999999999997868, -11.53223735510389147 ) ) ;
#11112 = PLANE ( 'NONE',  #1170 ) ;
#11113 = DIRECTION ( 'NONE',  ( 0.000000000000000000, -1.000000000000000000, 0.000000000000000000 ) ) ;
#11114 = CARTESIAN_POINT ( 'NONE',  ( 5.200000000000009948, 1.600000000000000089, -18.00000000000000000 ) ) ;
#11115 = ORIENTED_EDGE ( 'NONE', *, *, #9867, .F. ) ;
#11116 = UNCERTAINTY_MEASURE_WITH_UNIT (LENGTH_MEASURE( 1.000000000000000082E-05 ), #6173, 'distance_accuracy_value', 'NONE');
#11117 = ORIENTED_EDGE ( 'NONE', *, *, #11082, .T. ) ;
#11118 = CARTESIAN_POINT ( 'NONE',  ( -31.10000000000004405, 1.600000000000000089, -8.631984016460597151E-14 ) ) ;
#11119 = DIRECTION ( 'NONE',  ( 0.000000000000000000, 0.000000000000000000, 1.000000000000000000 ) ) ;
#11120 = ORIENTED_EDGE ( 'NONE', *, *, #2934, .F. ) ;
#11121 = CARTESIAN_POINT ( 'NONE',  ( -34.79999999999999005, 8.400000000000000355, 6.250000000000006217 ) ) ;
#11122 = CARTESIAN_POINT ( 'NONE',  ( -14.22000000000000064, 1.600000000000000089, -14.59999999999999787 ) ) ;
#11123 = AXIS2_PLACEMENT_3D ( 'NONE', #3136, #4392, #3403 ) ;
#11124 = DIRECTION ( 'NONE',  ( 0.000000000000000000, 1.000000000000000000, -0.000000000000000000 ) ) ;
#11125 = DIRECTION ( 'NONE',  ( 0.000000000000000000, 0.000000000000000000, 1.000000000000000000 ) ) ;
#11126 = CARTESIAN_POINT ( 'NONE',  ( 1.020000000000000018, 1.600000000000000089, -14.99999999999999822 ) ) ;
#11127 = EDGE_CURVE ( 'NONE', #4054, #8844, #8169, .T. ) ;
#11128 = ORIENTED_EDGE ( 'NONE', *, *, #12708, .T. ) ;
#11129 = DIRECTION ( 'NONE',  ( -0.7071067811865517916, -0.000000000000000000, -0.7071067811865431318 ) ) ;
#11130 = EDGE_CURVE ( 'NONE', #3197, #3607, #2700, .T. ) ;
#11131 = ORIENTED_EDGE ( 'NONE', *, *, #8836, .F. ) ;
#11132 = DIRECTION ( 'NONE',  ( 0.000000000000000000, 1.000000000000000000, -0.000000000000000000 ) ) ;
#11133 = FILL_AREA_STYLE ('',( #2227 ) ) ;
#11134 = ORIENTED_EDGE ( 'NONE', *, *, #1004, .F. ) ;
#11135 = CARTESIAN_POINT ( 'NONE',  ( 35.14292893218813418, 8.400000000000000355, -11.90000000000000036 ) ) ;
#11136 = FACE_OUTER_BOUND ( 'NONE', #851, .T. ) ;
#11137 = ORIENTED_EDGE ( 'NONE', *, *, #10390, .T. ) ;
#11138 = CYLINDRICAL_SURFACE ( 'NONE', #8545, 0.8999999999999980238 ) ;
#11139 = DIRECTION ( 'NONE',  ( 0.000000000000000000, 1.000000000000000000, 0.000000000000000000 ) ) ;
#11140 = EDGE_CURVE ( 'NONE', #8484, #3933, #7674, .T. ) ;
#11141 = CARTESIAN_POINT ( 'NONE',  ( -13.32000000000000206, 0.000000000000000000, -15.49999999999999645 ) ) ;
#11142 = FACE_OUTER_BOUND ( 'NONE', #7177, .T. ) ;
#11143 = SURFACE_STYLE_FILL_AREA ( #1138 ) ;
#11144 = ORIENTED_EDGE ( 'NONE', *, *, #9721, .F. ) ;
#11145 = PLANE ( 'NONE',  #7171 ) ;
#11146 = ORIENTED_EDGE ( 'NONE', *, *, #1486, .F. ) ;
#11147 = ORIENTED_EDGE ( 'NONE', *, *, #11376, .T. ) ;
#11148 = CARTESIAN_POINT ( 'NONE',  ( -37.69999999999967599, 0.000000000000000000, 15.69999999999999929 ) ) ;
#11149 = FACE_OUTER_BOUND ( 'NONE', #4523, .T. ) ;
#11150 = ORIENTED_EDGE ( 'NONE', *, *, #4612, .T. ) ;
#11151 = CARTESIAN_POINT ( 'NONE',  ( -21.83999999999999986, 1.600000000000000089, -15.49999999999999645 ) ) ;
#11152 = CARTESIAN_POINT ( 'NONE',  ( -34.95000000000000284, 8.599999999999997868, -11.69292893218813667 ) ) ;
#11153 = ORIENTED_EDGE ( 'NONE', *, *, #7008, .T. ) ;
#11154 = LINE ( 'NONE', #6372, #5186 ) ;
#11155 = CARTESIAN_POINT ( 'NONE',  ( 12.50000000000000355, 4.599999999999999645, -4.898587196589413026E-15 ) ) ;
#11156 = AXIS2_PLACEMENT_3D ( 'NONE', #10610, #667, #6680 ) ;
#11157 = CARTESIAN_POINT ( 'NONE',  ( 34.10000000000000142, 8.500000000000000000, -9.525000000000002132 ) ) ;
#11158 = FACE_OUTER_BOUND ( 'NONE', #8565, .T. ) ;
#11159 = DIRECTION ( 'NONE',  ( 2.965339275174023124E-16, 0.000000000000000000, -1.000000000000000000 ) ) ;
#11160 = ORIENTED_EDGE ( 'NONE', *, *, #1028, .F. ) ;
#11161 = DIRECTION ( 'NONE',  ( 0.7071067811865474617, 0.000000000000000000, -0.7071067811865474617 ) ) ;
#11162 = EDGE_LOOP ( 'NONE', ( #4100, #7562, #10647, #255 ) ) ;
#11163 = ADVANCED_FACE ( 'NONE', ( #10048 ), #2929, .F. ) ;
#11164 = LINE ( 'NONE', #4172, #8502 ) ;
#11165 = DIRECTION ( 'NONE',  ( 0.000000000000000000, -1.000000000000000000, 0.000000000000000000 ) ) ;
#11166 = EDGE_CURVE ( 'NONE', #8709, #11320, #1159, .T. ) ;
#11167 = EDGE_CURVE ( 'NONE', #5663, #3235, #7172, .T. ) ;
#11168 = PLANE ( 'NONE',  #1871 ) ;
#11169 = LINE ( 'NONE', #6189, #7006 ) ;
#11170 = DIRECTION ( 'NONE',  ( 0.000000000000000000, 1.000000000000000000, -0.000000000000000000 ) ) ;
#11171 = LINE ( 'NONE', #5351, #3724 ) ;
#11172 = ADVANCED_FACE ( 'NONE', ( #9981 ), #2988, .T. ) ;
#11173 = ORIENTED_EDGE ( 'NONE', *, *, #5261, .F. ) ;
#11174 = ORIENTED_EDGE ( 'NONE', *, *, #4398, .T. ) ;
#11175 = EDGE_LOOP ( 'NONE', ( #8374, #6396 ) ) ;
#11176 = ORIENTED_EDGE ( 'NONE', *, *, #5045, .F. ) ;
#11177 = CARTESIAN_POINT ( 'NONE',  ( -35.01434100780119252, 8.378451742169284344, 11.60447717945573487 ) ) ;
#11178 = CARTESIAN_POINT ( 'NONE',  ( -20.20000000000003837, 0.000000000000000000, -9.131584377541916332E-14 ) ) ;
#11179 = ORIENTED_EDGE ( 'NONE', *, *, #9019, .T. ) ;
#11180 = LINE ( 'NONE', #2215, #12767 ) ;
#11181 = EDGE_CURVE ( 'NONE', #5915, #4323, #202, .T. ) ;
#11182 = CARTESIAN_POINT ( 'NONE',  ( -24.37999999999999901, 1.600000000000000089, -14.99999999999999822 ) ) ;
#11183 = DIRECTION ( 'NONE',  ( -2.569960705150817904E-15, 1.000000000000000000, -2.478176394252937114E-16 ) ) ;
#11184 = ADVANCED_FACE ( 'NONE', ( #8944 ), #10912, .T. ) ;
#11185 = DIRECTION ( 'NONE',  ( -0.000000000000000000, 1.000000000000000000, -0.000000000000000000 ) ) ;
#11186 = DIRECTION ( 'NONE',  ( -1.000000000000000000, 0.000000000000000000, 2.566158988131371759E-17 ) ) ;
#11187 = VECTOR ( 'NONE', #6535, 1000.000000000000000 ) ;
#11188 = VERTEX_POINT ( 'NONE', #9013 ) ;
#11189 = CARTESIAN_POINT ( 'NONE',  ( -9.139999999999998792, 1.600000000000000089, -14.59999999999999787 ) ) ;
#11190 = VERTEX_POINT ( 'NONE', #9135 ) ;
#11191 = LINE ( 'NONE', #4264, #12802 ) ;
#11192 = SURFACE_SIDE_STYLE ('',( #10280 ) ) ;
#11193 = ORIENTED_EDGE ( 'NONE', *, *, #3437, .F. ) ;
#11194 = CYLINDRICAL_SURFACE ( 'NONE', #3054, 0.8999999999999980238 ) ;
#11195 = DIRECTION ( 'NONE',  ( 0.000000000000000000, 0.000000000000000000, -1.000000000000000000 ) ) ;
#11196 = ORIENTED_EDGE ( 'NONE', *, *, #1257, .T. ) ;
#11197 = CARTESIAN_POINT ( 'NONE',  ( -14.22000000000000064, 0.000000000000000000, -14.59999999999999787 ) ) ;
#11198 = EDGE_CURVE ( 'NONE', #1491, #4107, #3301, .T. ) ;
#11199 = VECTOR ( 'NONE', #858, 1000.000000000000000 ) ;
#11200 = EDGE_CURVE ( 'NONE', #6984, #4311, #4176, .T. ) ;
#11201 = CARTESIAN_POINT ( 'NONE',  ( 6.999999999999999112, 1.600000000000000089, -18.00000000000000000 ) ) ;
#11202 = MANIFOLD_SOLID_BREP ( 'LPattern3[9]', #12905 ) ;
#11203 = DIRECTION ( 'NONE',  ( 0.000000000000000000, 0.000000000000000000, 1.000000000000000000 ) ) ;
#11204 = ORIENTED_EDGE ( 'NONE', *, *, #11570, .F. ) ;
#11205 = SURFACE_STYLE_FILL_AREA ( #3227 ) ;
#11206 = EDGE_LOOP ( 'NONE', ( #9649, #735, #11318, #12003 ) ) ;
#11207 = ORIENTED_EDGE ( 'NONE', *, *, #2804, .F. ) ;
#11208 = DIRECTION ( 'NONE',  ( 0.000000000000000000, 0.000000000000000000, 1.000000000000000000 ) ) ;
#11209 = CIRCLE ( 'NONE', #9325, 0.8999999999999980238 ) ;
#11210 = PLANE ( 'NONE',  #7502 ) ;
#11211 = ORIENTED_EDGE ( 'NONE', *, *, #2618, .F. ) ;
#11212 = DIRECTION ( 'NONE',  ( -0.000000000000000000, 1.000000000000000000, -0.000000000000000000 ) ) ;
#11213 = VECTOR ( 'NONE', #6646, 1000.000000000000000 ) ;
#11214 = DIRECTION ( 'NONE',  ( 0.000000000000000000, 1.000000000000000000, 0.000000000000000000 ) ) ;
#11215 = ORIENTED_EDGE ( 'NONE', *, *, #1020, .F. ) ;
#11216 = DIRECTION ( 'NONE',  ( -0.000000000000000000, 1.000000000000000000, -0.000000000000000000 ) ) ;
#11217 = CIRCLE ( 'NONE', #5153, 0.5000000000000004441 ) ;
#11218 = LINE ( 'NONE', #7162, #2221 ) ;
#11219 = CARTESIAN_POINT ( 'NONE',  ( -31.86862915010151553, -2.399999999999999467, -12.73994949366115925 ) ) ;
#11220 = EDGE_CURVE ( 'NONE', #10486, #11742, #10973, .T. ) ;
#11221 = DIRECTION ( 'NONE',  ( 0.000000000000000000, 0.000000000000000000, 1.000000000000000000 ) ) ;
#11222 = VECTOR ( 'NONE', #9010, 1000.000000000000000 ) ;
#11223 = ORIENTED_EDGE ( 'NONE', *, *, #11778, .T. ) ;
#11224 = PLANE ( 'NONE',  #11907 ) ;
#11225 = ORIENTED_EDGE ( 'NONE', *, *, #8811, .F. ) ;
#11226 = PLANE ( 'NONE',  #2449 ) ;
#11227 = LINE ( 'NONE', #10250, #8573 ) ;
#11228 = MANIFOLD_SOLID_BREP ( 'LPattern2', #4957 ) ;
#11229 = ORIENTED_EDGE ( 'NONE', *, *, #8840, .F. ) ;
#11230 = AXIS2_PLACEMENT_3D ( 'NONE', #8051, #2956, #8131 ) ;
#11231 = EDGE_CURVE ( 'NONE', #7092, #10734, #55, .T. ) ;
#11232 = VECTOR ( 'NONE', #7157, 1000.000000000000000 ) ;
#11233 = FACE_OUTER_BOUND ( 'NONE', #10263, .T. ) ;
#11234 = LINE ( 'NONE', #1296, #9803 ) ;
#11235 = FACE_OUTER_BOUND ( 'NONE', #4353, .T. ) ;
#11236 = CARTESIAN_POINT ( 'NONE',  ( -9.139999999999998792, 0.000000000000000000, -15.49999999999999645 ) ) ;
#11237 = AXIS2_PLACEMENT_3D ( 'NONE', #1150, #12156, #12946 ) ;
#11238 = EDGE_CURVE ( 'NONE', #10795, #6280, #1356, .T. ) ;
#11239 = AXIS2_PLACEMENT_3D ( 'NONE', #2344, #453, #2474 ) ;
#11240 = CARTESIAN_POINT ( 'NONE',  ( -34.95000000000000284, 8.599999999999997868, -11.50000000000000178 ) ) ;
#11241 = CIRCLE ( 'NONE', #1001, 0.8999999999999980238 ) ;
#11242 = EDGE_CURVE ( 'NONE', #7480, #4251, #12501, .T. ) ;
#11243 = VERTEX_POINT ( 'NONE', #10381 ) ;
#11244 = AXIS2_PLACEMENT_3D ( 'NONE', #2941, #6983, #11058 ) ;
#11245 = ADVANCED_FACE ( 'NONE', ( #9405 ), #6265, .T. ) ;
#11246 = AXIS2_PLACEMENT_3D ( 'NONE', #10135, #5182, #12849 ) ;
#11247 = ORIENTED_EDGE ( 'NONE', *, *, #2541, .T. ) ;
#11248 = ORIENTED_EDGE ( 'NONE', *, *, #7784, .T. ) ;
#11249 = ORIENTED_EDGE ( 'NONE', *, *, #3851, .T. ) ;
#11250 = CIRCLE ( 'NONE', #6227, 0.4999999999999987232 ) ;
#11251 = AXIS2_PLACEMENT_3D ( 'NONE', #10304, #9317, #10239 ) ;
#11252 = CARTESIAN_POINT ( 'NONE',  ( -25.28000000000004022, -6.222539674441619262, -9.131584377541916332E-14 ) ) ;
#11253 = CIRCLE ( 'NONE', #6020, 2.200000000000000622 ) ;
#11254 = DIRECTION ( 'NONE',  ( 2.775557561562888984E-15, 0.000000000000000000, -1.000000000000000000 ) ) ;
#11255 = EDGE_LOOP ( 'NONE', ( #243, #4676, #5466, #6257 ) ) ;
#11256 = DIRECTION ( 'NONE',  ( 0.000000000000000000, 1.000000000000000000, 0.000000000000000000 ) ) ;
#11257 = CIRCLE ( 'NONE', #12313, 0.8999999999999980238 ) ;
#11258 = DIRECTION ( 'NONE',  ( 0.000000000000000000, 0.000000000000000000, 1.000000000000000000 ) ) ;
#11259 = VECTOR ( 'NONE', #6341, 1000.000000000000000 ) ;
#11260 = ADVANCED_FACE ( 'NONE', ( #3249 ), #2276, .F. ) ;
#11261 = DIRECTION ( 'NONE',  ( 0.000000000000000000, 0.000000000000000000, 1.000000000000000000 ) ) ;
#11262 = VECTOR ( 'NONE', #11767, 1000.000000000000000 ) ;
#11263 = DIRECTION ( 'NONE',  ( 1.000000000000000000, -0.000000000000000000, 2.775557561562888984E-15 ) ) ;
#11264 = VECTOR ( 'NONE', #6422, 1000.000000000000000 ) ;
#11265 = CARTESIAN_POINT ( 'NONE',  ( -34.10000000000000142, 8.599999999999999645, 0.000000000000000000 ) ) ;
#11266 = EDGE_CURVE ( 'NONE', #3397, #8916, #11370, .T. ) ;
#11267 = AXIS2_PLACEMENT_3D ( 'NONE', #215, #1379, #277 ) ;
#11268 = ORIENTED_EDGE ( 'NONE', *, *, #2077, .T. ) ;
#11269 = DIRECTION ( 'NONE',  ( 0.000000000000000000, 0.000000000000000000, 1.000000000000000000 ) ) ;
#11270 = VERTEX_POINT ( 'NONE', #5481 ) ;
#11271 = DIRECTION ( 'NONE',  ( 1.000000000000000000, 0.000000000000000000, 0.000000000000000000 ) ) ;
#11272 = EDGE_CURVE ( 'NONE', #10184, #8804, #11859, .T. ) ;
#11273 = CARTESIAN_POINT ( 'NONE',  ( -37.70000000000000284, -6.222539674441619262, -15.69999999999999929 ) ) ;
#11274 = VERTEX_POINT ( 'NONE', #3516 ) ;
#11275 = CIRCLE ( 'NONE', #12105, 0.8999999999999980238 ) ;
#11276 = DIRECTION ( 'NONE',  ( 0.000000000000000000, 0.000000000000000000, 1.000000000000000000 ) ) ;
#11277 = CARTESIAN_POINT ( 'NONE',  ( -19.29999999999999716, 0.000000000000000000, -14.59999999999999787 ) ) ;
#11278 = ORIENTED_EDGE ( 'NONE', *, *, #9260, .F. ) ;
#11279 = VECTOR ( 'NONE', #7027, 1000.000000000000000 ) ;
#11280 = DIRECTION ( 'NONE',  ( 0.000000000000000000, 0.000000000000000000, 1.000000000000000000 ) ) ;
#11281 = AXIS2_PLACEMENT_3D ( 'NONE', #4797, #6502, #10548 ) ;
#11282 = CARTESIAN_POINT ( 'NONE',  ( -33.98994949366117879, -16.60000000000000497, -10.61862915010154040 ) ) ;
#11283 = CARTESIAN_POINT ( 'NONE',  ( 37.70000000000032969, 1.600000000000000089, 17.09999999999999432 ) ) ;
#11284 = MANIFOLD_SOLID_BREP ( 'Boss-Extrude9[5]', #3915 ) ;
#11285 = AXIS2_PLACEMENT_3D ( 'NONE', #6979, #1167, #5231 ) ;
#11286 = CARTESIAN_POINT ( 'NONE',  ( -21.83999999999999986, 1.600000000000000089, -15.49999999999999645 ) ) ;
#11287 = VECTOR ( 'NONE', #12797, 1000.000000000000000 ) ;
#11288 = ORIENTED_EDGE ( 'NONE', *, *, #6039, .T. ) ;
#11289 = ORIENTED_EDGE ( 'NONE', *, *, #11934, .T. ) ;
#11290 = ORIENTED_EDGE ( 'NONE', *, *, #6299, .T. ) ;
#11291 = FACE_OUTER_BOUND ( 'NONE', #12872, .T. ) ;
#11292 = DIRECTION ( 'NONE',  ( 0.7071067811865432429, 0.000000000000000000, -0.7071067811865519026 ) ) ;
#11293 = ORIENTED_EDGE ( 'NONE', *, *, #2363, .F. ) ;
#11294 = AXIS2_PLACEMENT_3D ( 'NONE', #8862, #12868, #4031 ) ;
#11295 = DIRECTION ( 'NONE',  ( 0.000000000000000000, 0.000000000000000000, 1.000000000000000000 ) ) ;
#11296 = CARTESIAN_POINT ( 'NONE',  ( 5.200000000000002842, 0.000000000000000000, -18.00000000000000000 ) ) ;
#11297 = ORIENTED_EDGE ( 'NONE', *, *, #12225, .F. ) ;
#11298 = DIRECTION ( 'NONE',  ( 1.000000000000000000, -0.000000000000000000, 2.775557561562888984E-15 ) ) ;
#11299 = FILL_AREA_STYLE_COLOUR ( '', #2 ) ;
#11300 = DIRECTION ( 'NONE',  ( 2.775557561562888984E-15, 0.000000000000000000, -1.000000000000000000 ) ) ;
#11301 = DIRECTION ( 'NONE',  ( 0.000000000000000000, 1.000000000000000000, -0.000000000000000000 ) ) ;
#11302 = LINE ( 'NONE', #5340, #4324 ) ;
#11303 = AXIS2_PLACEMENT_3D ( 'NONE', #12633, #1711, #5636 ) ;
#11304 = ORIENTED_EDGE ( 'NONE', *, *, #8617, .F. ) ;
#11305 = CARTESIAN_POINT ( 'NONE',  ( -23.48000000000004306, 0.000000000000000000, -8.631984016460597151E-14 ) ) ;
#11306 = ORIENTED_EDGE ( 'NONE', *, *, #7981, .F. ) ;
#11307 = ADVANCED_FACE ( 'NONE', ( #11233 ), #317, .T. ) ;
#11308 = CARTESIAN_POINT ( 'NONE',  ( -19.29999999999999716, 1.600000000000000089, -15.49999999999999645 ) ) ;
#11309 = DIRECTION ( 'NONE',  ( -0.000000000000000000, 1.000000000000000000, -0.000000000000000000 ) ) ;
#11310 = MANIFOLD_SOLID_BREP ( 'LPattern3[15]', #9962 ) ;
#11311 = VERTEX_POINT ( 'NONE', #1739 ) ;
#11312 = EDGE_CURVE ( 'NONE', #11774, #7397, #3509, .T. ) ;
#11313 =( NAMED_UNIT ( * ) PLANE_ANGLE_UNIT ( ) SI_UNIT ( $, .RADIAN. ) );
#11314 = CARTESIAN_POINT ( 'NONE',  ( -32.89999999999999858, 0.000000000000000000, -15.49999999999999645 ) ) ;
#11315 = DIRECTION ( 'NONE',  ( 0.000000000000000000, 0.000000000000000000, -1.000000000000000000 ) ) ;
#11316 = FACE_OUTER_BOUND ( 'NONE', #10553, .T. ) ;
#11317 = DIRECTION ( 'NONE',  ( 0.000000000000000000, 1.000000000000000000, 0.000000000000000000 ) ) ;
#11318 = ORIENTED_EDGE ( 'NONE', *, *, #6328, .T. ) ;
#11319 = ADVANCED_FACE ( 'NONE', ( #6704 ), #635, .T. ) ;
#11320 = VERTEX_POINT ( 'NONE', #2596 ) ;
#11321 = DIRECTION ( 'NONE',  ( 0.000000000000000000, 1.000000000000000000, 0.000000000000000000 ) ) ;
#11322 = ORIENTED_EDGE ( 'NONE', *, *, #4678, .F. ) ;
#11323 = EDGE_LOOP ( 'NONE', ( #9819, #4299, #3470, #7112 ) ) ;
#11324 = CARTESIAN_POINT ( 'NONE',  ( -8.240000000000000213, 0.000000000000000000, -15.49999999999999645 ) ) ;
#11325 = CARTESIAN_POINT ( 'NONE',  ( -29.46000000000000085, 0.000000000000000000, -15.49999999999999645 ) ) ;
#11326 = ORIENTED_EDGE ( 'NONE', *, *, #5582, .F. ) ;
#11327 = CARTESIAN_POINT ( 'NONE',  ( -33.79999999999999005, 6.899999999999999467, 7.250000000000006217 ) ) ;
#11328 = EDGE_CURVE ( 'NONE', #4870, #5048, #12742, .T. ) ;
#11329 = CARTESIAN_POINT ( 'NONE',  ( -31.79791847198285737, -16.60000000000000497, 12.66923881554250997 ) ) ;
#11330 = CARTESIAN_POINT ( 'NONE',  ( -29.46000000000000085, 0.000000000000000000, -15.49999999999999645 ) ) ;
#11331 = CARTESIAN_POINT ( 'NONE',  ( -5.700000000000041922, 1.600000000000000089, -8.631984016460597151E-14 ) ) ;
#11332 = AXIS2_PLACEMENT_3D ( 'NONE', #1573, #11532, #8504 ) ;
#11333 = ORIENTED_EDGE ( 'NONE', *, *, #12895, .T. ) ;
#11334 = ADVANCED_FACE ( 'NONE', ( #10566 ), #8024, .F. ) ;
#11335 = VERTEX_POINT ( 'NONE', #8805 ) ;
#11336 = LINE ( 'NONE', #10208, #5485 ) ;
#11337 = ORIENTED_EDGE ( 'NONE', *, *, #7532, .T. ) ;
#11338 = EDGE_CURVE ( 'NONE', #9398, #946, #3834, .T. ) ;
#11339 = PLANE ( 'NONE',  #12624 ) ;
#11340 = EDGE_CURVE ( 'NONE', #11349, #4491, #8516, .T. ) ;
#11341 = PLANE ( 'NONE',  #2667 ) ;
#11342 = ORIENTED_EDGE ( 'NONE', *, *, #4922, .F. ) ;
#11343 = PLANE ( 'NONE',  #1023 ) ;
#11344 = ADVANCED_FACE ( 'NONE', ( #7099 ), #887, .F. ) ;
#11345 = AXIS2_PLACEMENT_3D ( 'NONE', #5947, #5884, #11057 ) ;
#11346 = CARTESIAN_POINT ( 'NONE',  ( 1.020000000000000018, 1.600000000000000089, -14.59999999999999787 ) ) ;
#11347 = EDGE_CURVE ( 'NONE', #7941, #6309, #1985, .T. ) ;
#11348 = CARTESIAN_POINT ( 'NONE',  ( 33.64999999999999858, 8.599999999999999645, 10.07500000000000462 ) ) ;
#11349 = VERTEX_POINT ( 'NONE', #3972 ) ;
#11350 = EDGE_LOOP ( 'NONE', ( #8525, #10245, #12065, #3133 ) ) ;
#11351 = ORIENTED_EDGE ( 'NONE', *, *, #4404, .F. ) ;
#11352 = CARTESIAN_POINT ( 'NONE',  ( -13.32000000000000206, 0.000000000000000000, -15.49999999999999645 ) ) ;
#11353 = PRESENTATION_STYLE_ASSIGNMENT (( #7358 ) ) ;
#11354 = ORIENTED_EDGE ( 'NONE', *, *, #5561, .T. ) ;
#11355 = CARTESIAN_POINT ( 'NONE',  ( -0.6199999999999955547, 0.000000000000000000, -18.00000000000000000 ) ) ;
#11356 = CARTESIAN_POINT ( 'NONE',  ( -31.10000000000004405, 0.000000000000000000, -8.631984016460597151E-14 ) ) ;
#11357 = ORIENTED_EDGE ( 'NONE', *, *, #4413, .T. ) ;
#11358 = EDGE_CURVE ( 'NONE', #9634, #8428, #947, .T. ) ;
#11359 = CARTESIAN_POINT ( 'NONE',  ( -32.90000000000004121, 0.000000000000000000, -9.131584377541916332E-14 ) ) ;
#11360 = CARTESIAN_POINT ( 'NONE',  ( -32.90000000000004121, 0.000000000000000000, -9.131584377541916332E-14 ) ) ;
#11361 = CARTESIAN_POINT ( 'NONE',  ( -40.00000000000000000, 0.000000000000000000, -18.00000000000000000 ) ) ;
#11362 = ORIENTED_EDGE ( 'NONE', *, *, #12439, .T. ) ;
#11363 = LINE ( 'NONE', #4169, #3756 ) ;
#11364 = ORIENTED_EDGE ( 'NONE', *, *, #803, .T. ) ;
#11365 = EDGE_CURVE ( 'NONE', #12734, #3761, #4938, .T. ) ;
#11366 = CARTESIAN_POINT ( 'NONE',  ( -37.69999999999967599, 0.000000000000000000, 17.89999999999999858 ) ) ;
#11367 = CARTESIAN_POINT ( 'NONE',  ( 34.20208152801715329, 0.000000000000000000, 10.68933982822018258 ) ) ;
#11368 = ORIENTED_EDGE ( 'NONE', *, *, #2091, .F. ) ;
#11369 = AXIS2_PLACEMENT_3D ( 'NONE', #8680, #9596, #10651 ) ;
#11370 = LINE ( 'NONE', #6384, #4552 ) ;
#11371 = CARTESIAN_POINT ( 'NONE',  ( 40.00000000000002842, 7.949999999999783462, 3.750000000000000000 ) ) ;
#11372 = DIRECTION ( 'NONE',  ( 2.569960705151068762E-15, 1.000000000000000000, 2.478176394252935635E-16 ) ) ;
#11373 = CARTESIAN_POINT ( 'NONE',  ( -23.48000000000004306, 1.600000000000000089, -8.631984016460597151E-14 ) ) ;
#11374 = LINE ( 'NONE', #7316, #10809 ) ;
#11375 = ORIENTED_EDGE ( 'NONE', *, *, #5827, .T. ) ;
#11376 = EDGE_CURVE ( 'NONE', #4856, #12638, #12075, .T. ) ;
#11377 = VECTOR ( 'NONE', #896, 1000.000000000000000 ) ;
#11378 = EDGE_LOOP ( 'NONE', ( #5512, #12860, #6962, #4589 ) ) ;
#11379 = UNCERTAINTY_MEASURE_WITH_UNIT (LENGTH_MEASURE( 1.000000000000000082E-05 ), #6633, 'distance_accuracy_value', 'NONE');
#11380 = LINE ( 'NONE', #6275, #836 ) ;
#11381 = SURFACE_STYLE_FILL_AREA ( #7385 ) ;
#11382 = ORIENTED_EDGE ( 'NONE', *, *, #6397, .T. ) ;
#11383 = ORIENTED_EDGE ( 'NONE', *, *, #10064, .T. ) ;
#11384 = PLANE ( 'NONE',  #1098 ) ;
#11385 = CARTESIAN_POINT ( 'NONE',  ( -35.05564310607842060, 8.599999999999997868, 11.53243834242077526 ) ) ;
#11386 = ORIENTED_EDGE ( 'NONE', *, *, #4739, .F. ) ;
#11387 = CARTESIAN_POINT ( 'NONE',  ( 35.15879466350530436, 8.556890761443922244, -11.56430964406271400 ) ) ;
#11388 = EDGE_CURVE ( 'NONE', #7029, #6217, #11879, .T. ) ;
#11389 = LINE ( 'NONE', #6144, #8950 ) ;
#11390 = AXIS2_PLACEMENT_3D ( 'NONE', #11151, #162, #2179 ) ;
#11391 = CARTESIAN_POINT ( 'NONE',  ( 1.060660171779830296, -2.399999999999999467, 12.81066017177981564 ) ) ;
#11392 = PLANE ( 'NONE',  #8562 ) ;
#11393 = EDGE_LOOP ( 'NONE', ( #3545, #3357, #10949, #12026 ) ) ;
#11394 = CARTESIAN_POINT ( 'NONE',  ( 35.14292893218813418, 1.600000000000062261, -11.70000000000002416 ) ) ;
#11395 = B_SPLINE_CURVE_WITH_KNOTS ( 'NONE', 3,
 ( #7948, #5980, #1084, #10035, #4084, #1983 ),
 .UNSPECIFIED., .F., .F.,
 ( 4, 2, 4 ),
 ( 0.000000000000000000, 0.0001829148252455401477, 0.0003658296504910802955 ),
 .UNSPECIFIED. ) ;
#11396 = CYLINDRICAL_SURFACE ( 'NONE', #11267, 2.200000000000000622 ) ;
#11397 = ORIENTED_EDGE ( 'NONE', *, *, #1506, .T. ) ;
#11398 = CARTESIAN_POINT ( 'NONE',  ( 1.020000000000000018, 0.000000000000000000, -15.49999999999999645 ) ) ;
#11399 = EDGE_CURVE ( 'NONE', #11813, #1209, #5983, .T. ) ;
#11400 = CARTESIAN_POINT ( 'NONE',  ( 31.93933982822019146, 0.000000000000000000, 12.66923881554250109 ) ) ;
#11401 = ORIENTED_EDGE ( 'NONE', *, *, #2810, .F. ) ;
#11402 = DIRECTION ( 'NONE',  ( 0.000000000000000000, 1.000000000000000000, -0.000000000000000000 ) ) ;
#11403 = CARTESIAN_POINT ( 'NONE',  ( -37.69999999999967599, 1.600000000000000089, 13.50000000000000000 ) ) ;
#11404 = EDGE_CURVE ( 'NONE', #9020, #7139, #8107, .T. ) ;
#11405 = LINE ( 'NONE', #2440, #2865 ) ;
#11406 = CARTESIAN_POINT ( 'NONE',  ( -26.02000000000000313, 1.600000000000000089, -15.49999999999999645 ) ) ;
#11407 = ORIENTED_EDGE ( 'NONE', *, *, #4398, .F. ) ;
#11408 = FACE_OUTER_BOUND ( 'NONE', #12, .T. ) ;
#11409 = ORIENTED_EDGE ( 'NONE', *, *, #7053, .T. ) ;
#11410 = CARTESIAN_POINT ( 'NONE',  ( -35.34999999999999432, 8.305643106078411719, -11.66049058976736497 ) ) ;
#11411 = CARTESIAN_POINT ( 'NONE',  ( -31.86862915010151553, 0.000000000000000000, -12.73994949366115925 ) ) ;
#11412 = ORIENTED_EDGE ( 'NONE', *, *, #854, .T. ) ;
#11413 = CARTESIAN_POINT ( 'NONE',  ( 33.64999999999999858, 8.500000000000000000, 10.07500000000000462 ) ) ;
#11414 = CARTESIAN_POINT ( 'NONE',  ( 37.70000000000000284, 0.000000000000000000, -13.50000000000000000 ) ) ;
#11415 = EDGE_LOOP ( 'NONE', ( #5911, #1280 ) ) ;
#11416 = FACE_OUTER_BOUND ( 'NONE', #4460, .T. ) ;
#11417 = DIRECTION ( 'NONE',  ( -0.000000000000000000, 1.000000000000000000, -0.000000000000000000 ) ) ;
#11418 = DIRECTION ( 'NONE',  ( 1.000000000000000000, 4.336808689942043768E-15, 0.000000000000000000 ) ) ;
#11419 = CIRCLE ( 'NONE', #11827, 0.4999999999999987232 ) ;
#11420 = CARTESIAN_POINT ( 'NONE',  ( 35.14292893218813418, 8.400000000000000355, 11.70000000000000107 ) ) ;
#11421 = ORIENTED_EDGE ( 'NONE', *, *, #5487, .F. ) ;
#11422 = CARTESIAN_POINT ( 'NONE',  ( 35.00286341221835329, 8.399999999999998579, -11.53246404863931929 ) ) ;
#11423 = CIRCLE ( 'NONE', #12258, 0.8999999999999980238 ) ;
#11424 = ORIENTED_EDGE ( 'NONE', *, *, #3055, .F. ) ;
#11425 = VECTOR ( 'NONE', #10709, 1000.000000000000000 ) ;
#11426 = ADVANCED_FACE ( 'NONE', ( #3110 ), #8157, .T. ) ;
#11427 = DIRECTION ( 'NONE',  ( -1.000000000000000000, 0.000000000000000000, -0.000000000000000000 ) ) ;
#11428 = DIRECTION ( 'NONE',  ( 0.000000000000000000, -1.000000000000000000, 0.000000000000000000 ) ) ;
#11429 = ORIENTED_EDGE ( 'NONE', *, *, #11365, .T. ) ;
#11430 = VECTOR ( 'NONE', #12612, 1000.000000000000000 ) ;
#11431 = EDGE_CURVE ( 'NONE', #9764, #7139, #7951, .T. ) ;
#11432 = CARTESIAN_POINT ( 'NONE',  ( 40.00000000000002132, 6.200000000000034817, 4.250000000000000000 ) ) ;
#11433 = SURFACE_STYLE_FILL_AREA ( #6462 ) ;
#11434 = CARTESIAN_POINT ( 'NONE',  ( -33.64999999999999858, 8.500000000000000000, -9.075000000000002842 ) ) ;
#11435 = CARTESIAN_POINT ( 'NONE',  ( -34.95000000000000284, 8.599999999999997868, -11.50000000000000178 ) ) ;
#11436 = VECTOR ( 'NONE', #6322, 1000.000000000000000 ) ;
#11437 = DIRECTION ( 'NONE',  ( -0.7071067811865501263, 0.000000000000000000, -0.7071067811865449082 ) ) ;
#11438 = ORIENTED_EDGE ( 'NONE', *, *, #3043, .T. ) ;
#11439 = ORIENTED_EDGE ( 'NONE', *, *, #5603, .T. ) ;
#11440 = CARTESIAN_POINT ( 'NONE',  ( 35.15000000000001990, 9.013212552760837958E-14, -11.69292893218813489 ) ) ;
#11441 = AXIS2_PLACEMENT_3D ( 'NONE', #12177, #2416, #4314 ) ;
#11442 = ORIENTED_EDGE ( 'NONE', *, *, #7398, .F. ) ;
#11443 = ORIENTED_EDGE ( 'NONE', *, *, #986, .F. ) ;
#11444 = EDGE_CURVE ( 'NONE', #6552, #8303, #4879, .T. ) ;
#11445 = DIRECTION ( 'NONE',  ( -0.000000000000000000, 0.000000000000000000, 1.000000000000000000 ) ) ;
#11446 = DIRECTION ( 'NONE',  ( 0.000000000000000000, 0.000000000000000000, 1.000000000000000000 ) ) ;
#11447 = ORIENTED_EDGE ( 'NONE', *, *, #28, .F. ) ;
#11448 = CIRCLE ( 'NONE', #10430, 0.8999999999999980238 ) ;
#11449 = DIRECTION ( 'NONE',  ( 0.000000000000000000, -1.000000000000000000, 0.000000000000000000 ) ) ;
#11450 =( GEOMETRIC_REPRESENTATION_CONTEXT ( 3 ) GLOBAL_UNCERTAINTY_ASSIGNED_CONTEXT ( ( #1692 ) ) GLOBAL_UNIT_ASSIGNED_CONTEXT ( ( #12481, #2406, #5220 ) ) REPRESENTATION_CONTEXT ( 'NONE', 'WORKASPACE' ) );
#11451 = PLANE ( 'NONE',  #5416 ) ;
#11452 = VECTOR ( 'NONE', #11129, 1000.000000000000114 ) ;
#11453 = COLOUR_RGB ( '',1.000000000000000000, 0.8117647058823529438, 0.5019607843137254832 ) ;
#11454 = AXIS2_PLACEMENT_3D ( 'NONE', #12051, #3086, #7141 ) ;
#11455 = CIRCLE ( 'NONE', #10186, 0.8999999999999980238 ) ;
#11456 = FACE_OUTER_BOUND ( 'NONE', #684, .T. ) ;
#11457 = AXIS2_PLACEMENT_3D ( 'NONE', #10884, #11992, #7003 ) ;
#11458 = CIRCLE ( 'NONE', #6196, 0.5000000000000004441 ) ;
#11459 = VERTEX_POINT ( 'NONE', #6057 ) ;
#11460 = VECTOR ( 'NONE', #6516, 1000.000000000000000 ) ;
#11461 = EDGE_CURVE ( 'NONE', #9714, #3191, #3931, .T. ) ;
#11462 = CARTESIAN_POINT ( 'NONE',  ( 35.15000000000001990, 8.991879477923661243E-14, -3.749999999999997780 ) ) ;
#11463 = VECTOR ( 'NONE', #3999, 1000.000000000000000 ) ;
#11464 = CARTESIAN_POINT ( 'NONE',  ( -4.959999999999988418, 0.000000000000000000, -18.00000000000000000 ) ) ;
#11465 = EDGE_CURVE ( 'NONE', #2736, #8839, #12509, .T. ) ;
#11466 = ORIENTED_EDGE ( 'NONE', *, *, #2922, .T. ) ;
#11467 = DIRECTION ( 'NONE',  ( 0.000000000000000000, 0.000000000000000000, -1.000000000000000000 ) ) ;
#11468 = CARTESIAN_POINT ( 'NONE',  ( 33.80000000000000426, -0.0009999999999992653654, 7.250000000000006217 ) ) ;
#11469 = EDGE_LOOP ( 'NONE', ( #9680, #6559 ) ) ;
#11470 = AXIS2_PLACEMENT_3D ( 'NONE', #3022, #10022, #7862 ) ;
#11471 = AXIS2_PLACEMENT_3D ( 'NONE', #5224, #11170, #3989 ) ;
#11472 = AXIS2_PLACEMENT_3D ( 'NONE', #7079, #12198, #3093 ) ;
#11473 = CIRCLE ( 'NONE', #1851, 0.5000000000000004441 ) ;
#11474 = CARTESIAN_POINT ( 'NONE',  ( 4.460000000000001741, 0.000000000000000000, -18.00000000000000000 ) ) ;
#11475 = ADVANCED_FACE ( 'NONE', ( #11026 ), #9842, .F. ) ;
#11476 = DIRECTION ( 'NONE',  ( 0.000000000000000000, 1.000000000000000000, -0.000000000000000000 ) ) ;
#11477 = DIRECTION ( 'NONE',  ( 0.000000000000000000, 0.000000000000000000, -1.000000000000000000 ) ) ;
#11478 = EDGE_CURVE ( 'NONE', #4203, #7794, #3176, .T. ) ;
#11479 = ORIENTED_EDGE ( 'NONE', *, *, #8071, .F. ) ;
#11480 = PRESENTATION_STYLE_ASSIGNMENT (( #8405 ) ) ;
#11481 = ORIENTED_EDGE ( 'NONE', *, *, #1100, .T. ) ;
#11482 = VECTOR ( 'NONE', #6176, 1000.000000000000000 ) ;
#11483 = ORIENTED_EDGE ( 'NONE', *, *, #2742, .F. ) ;
#11484 = CARTESIAN_POINT ( 'NONE',  ( -35.30686223849292560, 8.408781693757919840, -11.62861603620758189 ) ) ;
#11485 = VECTOR ( 'NONE', #3208, 1000.000000000000000 ) ;
#11486 = CARTESIAN_POINT ( 'NONE',  ( -1.131370849898481135, 0.000000000000000000, -12.73994949366116813 ) ) ;
#11487 = ORIENTED_EDGE ( 'NONE', *, *, #11461, .F. ) ;
#11488 = DIRECTION ( 'NONE',  ( 0.000000000000000000, 1.000000000000000000, 0.000000000000000000 ) ) ;
#11489 = CARTESIAN_POINT ( 'NONE',  ( -1.520000000000000462, -6.222539674441619262, -15.49999999999999645 ) ) ;
#11490 = EDGE_LOOP ( 'NONE', ( #12861, #311, #11439, #519 ) ) ;
#11491 = CARTESIAN_POINT ( 'NONE',  ( 1.920000000000001483, 0.000000000000000000, -18.00000000000000000 ) ) ;
#11492 = EDGE_CURVE ( 'NONE', #7941, #11871, #12006, .T. ) ;
#11493 = DIRECTION ( 'NONE',  ( 0.000000000000000000, 0.000000000000000000, -1.000000000000000000 ) ) ;
#11494 = CARTESIAN_POINT ( 'NONE',  ( 3.560000000000000497, 1.600000000000000089, -14.99999999999999822 ) ) ;
#11495 = CIRCLE ( 'NONE', #2508, 0.8999999999999980238 ) ;
#11496 = DIRECTION ( 'NONE',  ( 0.000000000000000000, -0.000000000000000000, -1.000000000000000000 ) ) ;
#11497 = VECTOR ( 'NONE', #5869, 1000.000000000000000 ) ;
#11498 = ORIENTED_EDGE ( 'NONE', *, *, #11444, .F. ) ;
#11499 = CARTESIAN_POINT ( 'NONE',  ( 35.14999999999999858, 8.199999999999999289, -11.69292893218813667 ) ) ;
#11500 = VECTOR ( 'NONE', #617, 1000.000000000000000 ) ;
#11501 = ORIENTED_EDGE ( 'NONE', *, *, #1569, .T. ) ;
#11502 = STYLED_ITEM ( 'NONE', ( #2652 ), #6895 ) ;
#11503 = CARTESIAN_POINT ( 'NONE',  ( 37.70000000000000284, -6.222539674441619262, -15.69999999999999929 ) ) ;
#11504 = CARTESIAN_POINT ( 'NONE',  ( -9.139999999999998792, -6.222539674441619262, -15.49999999999999645 ) ) ;
#11505 = EDGE_CURVE ( 'NONE', #4877, #6756, #12931, .T. ) ;
#11506 = MANIFOLD_SOLID_BREP ( 'LPattern3[6]', #1817 ) ;
#11507 = VERTEX_POINT ( 'NONE', #6247 ) ;
#11508 = COLOUR_RGB ( '',0.000000000000000000, 0.000000000000000000, 0.7529411764705882248 ) ;
#11509 = FACE_OUTER_BOUND ( 'NONE', #805, .T. ) ;
#11510 = ADVANCED_FACE ( 'NONE', ( #5336, #11416 ), #2910, .T. ) ;
#11511 = CARTESIAN_POINT ( 'NONE',  ( 1.020000000000000018, 0.000000000000000000, -14.59999999999999787 ) ) ;
#11512 = AXIS2_PLACEMENT_3D ( 'NONE', #8925, #1740, #41 ) ;
#11513 = EDGE_CURVE ( 'NONE', #5632, #7212, #11154, .T. ) ;
#11514 = CARTESIAN_POINT ( 'NONE',  ( -40.00000000000000000, 0.000000000000000000, -18.00000000000000000 ) ) ;
#11515 = AXIS2_PLACEMENT_3D ( 'NONE', #4598, #8587, #424 ) ;
#11516 = ORIENTED_EDGE ( 'NONE', *, *, #12795, .F. ) ;
#11517 = EDGE_CURVE ( 'NONE', #919, #9785, #8217, .T. ) ;
#11518 = ORIENTED_EDGE ( 'NONE', *, *, #205, .F. ) ;
#11519 = UNCERTAINTY_MEASURE_WITH_UNIT (LENGTH_MEASURE( 1.000000000000000082E-05 ), #2666, 'distance_accuracy_value', 'NONE');
#11520 = CARTESIAN_POINT ( 'NONE',  ( -1.520000000000000462, 0.000000000000000000, -14.59999999999999787 ) ) ;
#11521 = LINE ( 'NONE', #4447, #5770 ) ;
#11522 = ORIENTED_EDGE ( 'NONE', *, *, #7304, .T. ) ;
#11523 = CIRCLE ( 'NONE', #5243, 0.1999999999999987899 ) ;
#11524 = ORIENTED_EDGE ( 'NONE', *, *, #1854, .T. ) ;
#11525 = CARTESIAN_POINT ( 'NONE',  ( 34.95000000000001705, 82.49217232609667860, -11.50000000000002487 ) ) ;
#11526 = FACE_OUTER_BOUND ( 'NONE', #3576, .T. ) ;
#11527 = ORIENTED_EDGE ( 'NONE', *, *, #4468, .F. ) ;
#11528 = DIRECTION ( 'NONE',  ( 0.000000000000000000, 0.000000000000000000, 1.000000000000000000 ) ) ;
#11529 = LINE ( 'NONE', #2556, #11187 ) ;
#11530 = CYLINDRICAL_SURFACE ( 'NONE', #6484, 0.8999999999999980238 ) ;
#11531 = ORIENTED_EDGE ( 'NONE', *, *, #897, .F. ) ;
#11532 = DIRECTION ( 'NONE',  ( -0.000000000000000000, 1.000000000000000000, -0.000000000000000000 ) ) ;
#11533 = LINE ( 'NONE', #9728, #3726 ) ;
#11534 = VERTEX_POINT ( 'NONE', #3377 ) ;
#11535 = CARTESIAN_POINT ( 'NONE',  ( 6.100000000000001421, 0.000000000000000000, -15.49999999999999645 ) ) ;
#11536 = CARTESIAN_POINT ( 'NONE',  ( -5.700000000000041922, 0.000000000000000000, -8.631984016460597151E-14 ) ) ;
#11537 = ORIENTED_EDGE ( 'NONE', *, *, #6424, .T. ) ;
#11538 = SURFACE_STYLE_USAGE ( .BOTH. , #10599 ) ;
#11539 = PRODUCT_CONTEXT ( 'NONE', #9388, 'mechanical' ) ;
#11540 = EDGE_CURVE ( 'NONE', #9991, #8834, #1218, .T. ) ;
#11541 = CARTESIAN_POINT ( 'NONE',  ( -33.79999999999999005, -0.0009999999999992653654, -7.249999999999994671 ) ) ;
#11542 = DIRECTION ( 'NONE',  ( -1.000000000000000000, 0.000000000000000000, -0.000000000000000000 ) ) ;
#11543 = ADVANCED_FACE ( 'NONE', ( #3236 ), #7218, .T. ) ;
#11544 = VERTEX_POINT ( 'NONE', #9450 ) ;
#11545 =( NAMED_UNIT ( * ) PLANE_ANGLE_UNIT ( ) SI_UNIT ( $, .RADIAN. ) );
#11546 = AXIS2_PLACEMENT_3D ( 'NONE', #3172, #3104, #5072 ) ;
#11547 = ORIENTED_EDGE ( 'NONE', *, *, #1891, .T. ) ;
#11548 = ORIENTED_EDGE ( 'NONE', *, *, #1728, .F. ) ;
#11549 = FACE_OUTER_BOUND ( 'NONE', #11936, .T. ) ;
#11550 =( LENGTH_UNIT ( ) NAMED_UNIT ( * ) SI_UNIT ( .MILLI., .METRE. ) );
#11551 = ORIENTED_EDGE ( 'NONE', *, *, #7815, .T. ) ;
#11552 = DIRECTION ( 'NONE',  ( 2.775557561562888984E-15, 0.000000000000000000, -1.000000000000000000 ) ) ;
#11553 = LINE ( 'NONE', #2579, #12291 ) ;
#11554 = VERTEX_POINT ( 'NONE', #9258 ) ;
#11555 = CARTESIAN_POINT ( 'NONE',  ( -35.14999999999999858, 8.199999999999999289, 11.69292893218813667 ) ) ;
#11556 = ADVANCED_FACE ( 'NONE', ( #301 ), #4289, .F. ) ;
#11557 = FACE_OUTER_BOUND ( 'NONE', #10207, .T. ) ;
#11558 = FACE_BOUND ( 'NONE', #790, .T. ) ;
#11559 = VERTEX_POINT ( 'NONE', #362 ) ;
#11560 = PLANE ( 'NONE',  #206 ) ;
#11561 = EDGE_LOOP ( 'NONE', ( #7300, #12596, #3963 ) ) ;
#11562 = LINE ( 'NONE', #9579, #2068 ) ;
#11563 = LINE ( 'NONE', #12739, #179 ) ;
#11564 = EDGE_LOOP ( 'NONE', ( #6812, #1305, #10783, #1533 ) ) ;
#11565 = CARTESIAN_POINT ( 'NONE',  ( -35.07861928812542374, 8.304397331752657152, -11.67844538072196414 ) ) ;
#11566 = LINE ( 'NONE', #12661, #12337 ) ;
#11567 = DIRECTION ( 'NONE',  ( 0.000000000000000000, 0.000000000000000000, 1.000000000000000000 ) ) ;
#11568 = DIRECTION ( 'NONE',  ( -0.000000000000000000, 0.000000000000000000, 1.000000000000000000 ) ) ;
#11569 = VERTEX_POINT ( 'NONE', #2453 ) ;
#11570 = EDGE_CURVE ( 'NONE', #8423, #10996, #4484, .T. ) ;
#11571 = CARTESIAN_POINT ( 'NONE',  ( 12.50000000000000355, 0.000000000000000000, -4.898587196589413026E-15 ) ) ;
#11572 = ORIENTED_EDGE ( 'NONE', *, *, #12275, .T. ) ;
#11573 = EDGE_CURVE ( 'NONE', #1362, #6454, #2394, .T. ) ;
#11574 = CARTESIAN_POINT ( 'NONE',  ( 34.80000000000000426, 8.400000000000000355, -6.249999999999995559 ) ) ;
#11575 = CYLINDRICAL_SURFACE ( 'NONE', #9947, 2.199999999999998845 ) ;
#11576 = ORIENTED_EDGE ( 'NONE', *, *, #3007, .T. ) ;
#11577 = EDGE_LOOP ( 'NONE', ( #6305, #8735, #3875, #6853 ) ) ;
#11578 = PLANE ( 'NONE',  #9641 ) ;
#11579 = FACE_OUTER_BOUND ( 'NONE', #1840, .T. ) ;
#11580 = VERTEX_POINT ( 'NONE', #8468 ) ;
#11581 = FACE_OUTER_BOUND ( 'NONE', #2413, .T. ) ;
#11582 = CARTESIAN_POINT ( 'NONE',  ( 33.98994949366120011, -16.60000000000000497, -10.61862915010154396 ) ) ;
#11583 = AXIS2_PLACEMENT_3D ( 'NONE', #6295, #6350, #480 ) ;
#11584 = ORIENTED_EDGE ( 'NONE', *, *, #4413, .F. ) ;
#11585 = ADVANCED_FACE ( 'NONE', ( #6313 ), #4354, .T. ) ;
#11586 = LINE ( 'NONE', #9668, #261 ) ;
#11587 =( NAMED_UNIT ( * ) PLANE_ANGLE_UNIT ( ) SI_UNIT ( $, .RADIAN. ) );
#11588 = AXIS2_PLACEMENT_3D ( 'NONE', #8533, #11488, #10359 ) ;
#11589 = ORIENTED_EDGE ( 'NONE', *, *, #39, .F. ) ;
#11590 = CARTESIAN_POINT ( 'NONE',  ( -4.059999999999997833, 0.000000000000000000, -15.49999999999999645 ) ) ;
#11591 = CARTESIAN_POINT ( 'NONE',  ( 34.95000000000000284, 8.400000000000000355, 11.49999999999999645 ) ) ;
#11592 = EDGE_CURVE ( 'NONE', #6362, #10894, #7364, .T. ) ;
#11593 = CARTESIAN_POINT ( 'NONE',  ( 35.35000000000002274, 9.154640719485009061E-14, 0.000000000000000000 ) ) ;
#11594 = DIRECTION ( 'NONE',  ( 0.000000000000000000, 1.000000000000000000, -0.000000000000000000 ) ) ;
#11595 = CARTESIAN_POINT ( 'NONE',  ( 35.14999999999999858, 8.199999999999999289, 11.70000000000002416 ) ) ;
#11596 = VERTEX_POINT ( 'NONE', #437 ) ;
#11597 = ORIENTED_EDGE ( 'NONE', *, *, #265, .T. ) ;
#11598 = VERTEX_POINT ( 'NONE', #1485 ) ;
#11599 = CARTESIAN_POINT ( 'NONE',  ( -35.35000000000000142, 1.599999999999979661, 11.90000000000002522 ) ) ;
#11600 = VERTEX_POINT ( 'NONE', #5467 ) ;
#11601 = CARTESIAN_POINT ( 'NONE',  ( -0.6200000000000440714, 1.600000000000000089, -8.631984016460597151E-14 ) ) ;
#11602 = EDGE_CURVE ( 'NONE', #4029, #6917, #7160, .T. ) ;
#11603 = CARTESIAN_POINT ( 'NONE',  ( -7.499999999999996447, -6.222539674441619262, -15.49999999999999645 ) ) ;
#11604 = VERTEX_POINT ( 'NONE', #10554 ) ;
#11605 = CARTESIAN_POINT ( 'NONE',  ( -35.35000000000000142, 8.199999999999999289, 11.69292893218813667 ) ) ;
#11606 = CARTESIAN_POINT ( 'NONE',  ( 34.10000000000000142, 8.500000000000000000, 9.625000000000003553 ) ) ;
#11607 = CARTESIAN_POINT ( 'NONE',  ( -29.46000000000000085, 1.600000000000000089, -14.59999999999999787 ) ) ;
#11608 = ORIENTED_EDGE ( 'NONE', *, *, #12605, .F. ) ;
#11609 = CARTESIAN_POINT ( 'NONE',  ( 35.35000000000000142, 8.199999999999999289, 11.69292893218813667 ) ) ;
#11610 = ORIENTED_EDGE ( 'NONE', *, *, #10923, .F. ) ;
#11611 = CARTESIAN_POINT ( 'NONE',  ( 35.35000000000000853, 5.699999999999992184, -11.69292893218813489 ) ) ;
#11612 = AXIS2_PLACEMENT_3D ( 'NONE', #2499, #1755, #5742 ) ;
#11613 = LINE ( 'NONE', #1082, #6021 ) ;
#11614 = VERTEX_POINT ( 'NONE', #8793 ) ;
#11615 = ADVANCED_FACE ( 'NONE', ( #10744 ), #7673, .F. ) ;
#11616 = CARTESIAN_POINT ( 'NONE',  ( -35.14292893218813418, 8.200000000000001066, -11.90000000000000036 ) ) ;
#11617 = CARTESIAN_POINT ( 'NONE',  ( 3.560000000000000497, 0.000000000000000000, -15.49999999999999645 ) ) ;
#11618 = DIRECTION ( 'NONE',  ( 2.775557561562888984E-15, 0.000000000000000000, -1.000000000000000000 ) ) ;
#11619 = DIRECTION ( 'NONE',  ( 0.000000000000000000, 0.000000000000000000, 1.000000000000000000 ) ) ;
#11620 = DIRECTION ( 'NONE',  ( 0.000000000000000000, 0.000000000000000000, 1.000000000000000000 ) ) ;
#11621 = AXIS2_PLACEMENT_3D ( 'NONE', #2785, #1022, #6762 ) ;
#11622 = ORIENTED_EDGE ( 'NONE', *, *, #9371, .T. ) ;
#11623 = DIRECTION ( 'NONE',  ( -0.7071067811865517916, 0.000000000000000000, -0.7071067811865431318 ) ) ;
#11624 = VERTEX_POINT ( 'NONE', #6615 ) ;
#11625 = ADVANCED_FACE ( 'NONE', ( #2769 ), #10620, .T. ) ;
#11626 = CARTESIAN_POINT ( 'NONE',  ( -32.90000000000004121, 1.600000000000000089, -9.131584377541916332E-14 ) ) ;
#11627 = ADVANCED_FACE ( 'NONE', ( #4723 ), #1538, .T. ) ;
#11628 = CARTESIAN_POINT ( 'NONE',  ( 2.540000000000000036, 0.000000000000000000, -18.00000000000000000 ) ) ;
#11629 = SURFACE_STYLE_USAGE ( .BOTH. , #10710 ) ;
#11630 = ORIENTED_EDGE ( 'NONE', *, *, #7083, .T. ) ;
#11631 = CARTESIAN_POINT ( 'NONE',  ( 17.78000000000000114, -6.222539674441619262, -18.00000000000000000 ) ) ;
#11632 = VECTOR ( 'NONE', #7252, 1000.000000000000000 ) ;
#11633 = CARTESIAN_POINT ( 'NONE',  ( -37.69999999999967599, -6.222539674441619262, 17.09999999999999432 ) ) ;
#11635 = EDGE_CURVE ( 'NONE', #10815, #9748, #8731, .T. ) ;
#11634 = CARTESIAN_POINT ( 'NONE',  ( -18.39999999999999858, 0.000000000000000000, -15.49999999999999645 ) ) ;
#11636 = MECHANICAL_DESIGN_GEOMETRIC_PRESENTATION_REPRESENTATION (  '', ( #7651 ), #3900 ) ;
#11637 = DIRECTION ( 'NONE',  ( 0.000000000000000000, 0.000000000000000000, 1.000000000000000000 ) ) ;
#11638 = LINE ( 'NONE', #3913, #10417 ) ;
#11639 = EDGE_CURVE ( 'NONE', #6781, #4800, #12597, .T. ) ;
#11640 = VECTOR ( 'NONE', #8603, 1000.000000000000000 ) ;
#11641 = VECTOR ( 'NONE', #3302, 1000.000000000000000 ) ;
#11642 = CARTESIAN_POINT ( 'NONE',  ( -19.29999999999999716, 0.000000000000000000, -15.99999999999999645 ) ) ;
#11643 = ORIENTED_EDGE ( 'NONE', *, *, #8064, .F. ) ;
#11644 = LINE ( 'NONE', #2684, #10287 ) ;
#11645 = CLOSED_SHELL ( 'NONE', ( #5454, #989, #6847, #6589, #11184, #10967, #5214, #11556, #10341 ) ) ;
#11646 = DIRECTION ( 'NONE',  ( -0.000000000000000000, 1.000000000000000000, -0.000000000000000000 ) ) ;
#11647 = ADVANCED_FACE ( 'NONE', ( #678 ), #8600, .F. ) ;
#11648 = EDGE_LOOP ( 'NONE', ( #11980, #6365, #10557, #1678 ) ) ;
#11649 = DIRECTION ( 'NONE',  ( 0.000000000000000000, 0.000000000000000000, -1.000000000000000000 ) ) ;
#11650 =( GEOMETRIC_REPRESENTATION_CONTEXT ( 3 ) GLOBAL_UNCERTAINTY_ASSIGNED_CONTEXT ( ( #12172 ) ) GLOBAL_UNIT_ASSIGNED_CONTEXT ( ( #8787, #11789, #870 ) ) REPRESENTATION_CONTEXT ( 'NONE', 'WORKASPACE' ) );
#11651 = CARTESIAN_POINT ( 'NONE',  ( 6.100000000000001421, -6.222539674441619262, -15.49999999999999645 ) ) ;
#11652 = AXIS2_PLACEMENT_3D ( 'NONE', #11076, #5906, #4990 ) ;
#11653 = PLANE ( 'NONE',  #11303 ) ;
#11654 = VECTOR ( 'NONE', #12218, 1000.000000000000000 ) ;
#11655 = ADVANCED_FACE ( 'NONE', ( #1597 ), #1036, .F. ) ;
#11656 = AXIS2_PLACEMENT_3D ( 'NONE', #5538, #9510, #10897 ) ;
#11657 = DIRECTION ( 'NONE',  ( 1.000000000000000000, 0.000000000000000000, 0.000000000000000000 ) ) ;
#11658 = AXIS2_PLACEMENT_3D ( 'NONE', #11826, #1885, #8823 ) ;
#11659 = ORIENTED_EDGE ( 'NONE', *, *, #4404, .T. ) ;
#11660 = FACE_OUTER_BOUND ( 'NONE', #11890, .T. ) ;
#11661 = VECTOR ( 'NONE', #10721, 1000.000000000000000 ) ;
#11662 = EDGE_CURVE ( 'NONE', #9505, #6545, #6636, .T. ) ;
#11663 = AXIS2_PLACEMENT_3D ( 'NONE', #11651, #2752, #782 ) ;
#11664 = ORIENTED_EDGE ( 'NONE', *, *, #8298, .T. ) ;
#11665 = VERTEX_POINT ( 'NONE', #11738 ) ;
#11666 = VERTEX_POINT ( 'NONE', #6747 ) ;
#11667 = LINE ( 'NONE', #3563, #9587 ) ;
#11668 = DIRECTION ( 'NONE',  ( 1.000000000000000000, -0.000000000000000000, 2.775557561562888984E-15 ) ) ;
#11669 = EDGE_LOOP ( 'NONE', ( #8665, #5856, #3259, #4604 ) ) ;
#11670 = DIRECTION ( 'NONE',  ( -0.000000000000000000, 1.000000000000000000, -0.000000000000000000 ) ) ;
#11671 = CARTESIAN_POINT ( 'NONE',  ( -4.059999999999997833, 1.600000000000000089, -14.59999999999999787 ) ) ;
#11672 = ORIENTED_EDGE ( 'NONE', *, *, #12336, .T. ) ;
#11673 = AXIS2_PLACEMENT_3D ( 'NONE', #8472, #3501, #7495 ) ;
#11674 = DIRECTION ( 'NONE',  ( 0.000000000000000000, -1.000000000000000000, 0.000000000000000000 ) ) ;
#11675 = VECTOR ( 'NONE', #5858, 1000.000000000000000 ) ;
#11676 = VECTOR ( 'NONE', #3600, 1000.000000000000000 ) ;
#11677 = DIRECTION ( 'NONE',  ( 0.7071067811865515695, -0.000000000000000000, -0.7071067811865434649 ) ) ;
#11678 = DIRECTION ( 'NONE',  ( 0.000000000000000000, 0.000000000000000000, 1.000000000000000000 ) ) ;
#11679 = ORIENTED_EDGE ( 'NONE', *, *, #2192, .T. ) ;
#11680 = CARTESIAN_POINT ( 'NONE',  ( -19.29999999999999716, 1.600000000000000089, -14.99999999999999822 ) ) ;
#11681 = AXIS2_PLACEMENT_3D ( 'NONE', #5683, #1756, #11902 ) ;
#11682 = AXIS2_PLACEMENT_3D ( 'NONE', #9650, #1690, #7336 ) ;
#11683 = ORIENTED_EDGE ( 'NONE', *, *, #1783, .F. ) ;
#11684 = AXIS2_PLACEMENT_3D ( 'NONE', #1081, #4081, #2905 ) ;
#11685 = CARTESIAN_POINT ( 'NONE',  ( 4.460000000000005294, -6.222539674441619262, -18.00000000000000000 ) ) ;
#11686 = CARTESIAN_POINT ( 'NONE',  ( -7.499999999999996447, 0.000000000000000000, -15.49999999999999645 ) ) ;
#11687 = ORIENTED_EDGE ( 'NONE', *, *, #9863, .T. ) ;
#11688 = VECTOR ( 'NONE', #7985, 1000.000000000000000 ) ;
#11689 = CARTESIAN_POINT ( 'NONE',  ( -35.01430964406270618, 8.378445380721965208, -11.60439733175265609 ) ) ;
#11690 = FILL_AREA_STYLE_COLOUR ( '', #12749 ) ;
#11691 = DIRECTION ( 'NONE',  ( 2.453639994309486367E-17, -1.000000000000000000, -3.571489509364048017E-15 ) ) ;
#11692 = AXIS2_PLACEMENT_3D ( 'NONE', #9397, #3117, #8282 ) ;
#11693 = DIRECTION ( 'NONE',  ( 1.000000000000000000, 0.000000000000000000, -0.000000000000000000 ) ) ;
#11694 = CIRCLE ( 'NONE', #8360, 0.2000000000000005107 ) ;
#11695 = CARTESIAN_POINT ( 'NONE',  ( -17.66000000000000014, 0.000000000000000000, -18.00000000000000000 ) ) ;
#11696 = AXIS2_PLACEMENT_3D ( 'NONE', #11764, #2794, #9855 ) ;
#11697 = ORIENTED_EDGE ( 'NONE', *, *, #6935, .F. ) ;
#11698 = CARTESIAN_POINT ( 'NONE',  ( -19.29999999999999716, 0.000000000000000000, -14.59999999999999787 ) ) ;
#11699 = EDGE_CURVE ( 'NONE', #2132, #4585, #175, .T. ) ;
#11700 = VERTEX_POINT ( 'NONE', #6802 ) ;
#11701 = PRESENTATION_STYLE_ASSIGNMENT (( #3710 ) ) ;
#11702 = ADVANCED_FACE ( 'NONE', ( #10021 ), #4013, .F. ) ;
#11703 = CARTESIAN_POINT ( 'NONE',  ( -8.240000000000000213, 0.000000000000000000, -15.49999999999999645 ) ) ;
#11704 = VERTEX_POINT ( 'NONE', #1072 ) ;
#11705 = CARTESIAN_POINT ( 'NONE',  ( 33.80000000000000426, 6.899999999999999467, -7.249999999999996447 ) ) ;
#11706 = PLANE ( 'NONE',  #1625 ) ;
#11707 = DIRECTION ( 'NONE',  ( -0.000000000000000000, 1.000000000000000000, -0.000000000000000000 ) ) ;
#11708 = DIRECTION ( 'NONE',  ( 0.000000000000000000, 0.000000000000000000, -1.000000000000000000 ) ) ;
#11709 = LINE ( 'NONE', #2741, #7281 ) ;
#11710 = ADVANCED_FACE ( 'NONE', ( #2893 ), #998, .T. ) ;
#11711 = AXIS2_PLACEMENT_3D ( 'NONE', #92, #7871, #4153 ) ;
#11712 = VECTOR ( 'NONE', #10191, 1000.000000000000000 ) ;
#11713 = CARTESIAN_POINT ( 'NONE',  ( -35.14292893218813418, 1.599999999999979883, 11.90000000000002522 ) ) ;
#11714 = ORIENTED_EDGE ( 'NONE', *, *, #4795, .T. ) ;
#11715 = ADVANCED_FACE ( 'NONE', ( #1910 ), #7800, .F. ) ;
#11716 = FACE_OUTER_BOUND ( 'NONE', #8017, .T. ) ;
#11717 = FACE_OUTER_BOUND ( 'NONE', #2491, .T. ) ;
#11718 = ORIENTED_EDGE ( 'NONE', *, *, #4869, .T. ) ;
#11719 = CARTESIAN_POINT ( 'NONE',  ( -33.79999999999999005, 8.400000000000000355, -7.249999999999994671 ) ) ;
#11720 = DIRECTION ( 'NONE',  ( -0.000000000000000000, 1.000000000000000000, -0.000000000000000000 ) ) ;
#11721 = CYLINDRICAL_SURFACE ( 'NONE', #6062, 0.8999999999999980238 ) ;
#11722 = CARTESIAN_POINT ( 'NONE',  ( -20.19999999999999574, 1.600000000000000089, -15.49999999999999645 ) ) ;
#11723 = DIRECTION ( 'NONE',  ( 2.775557561562888984E-15, 0.000000000000000000, -1.000000000000000000 ) ) ;
#11724 = ORIENTED_EDGE ( 'NONE', *, *, #284, .T. ) ;
#11725 = DIRECTION ( 'NONE',  ( 0.000000000000000000, 1.000000000000000000, 0.000000000000000000 ) ) ;
#11726 = ORIENTED_EDGE ( 'NONE', *, *, #12442, .T. ) ;
#11727 = LINE ( 'NONE', #15, #6959 ) ;
#11728 = EDGE_CURVE ( 'NONE', #2464, #5282, #8983, .T. ) ;
#11729 = EDGE_LOOP ( 'NONE', ( #12566, #3812, #97, #9637 ) ) ;
#11730 = ORIENTED_EDGE ( 'NONE', *, *, #4248, .T. ) ;
#11731 = FACE_OUTER_BOUND ( 'NONE', #4430, .T. ) ;
#11732 = DIRECTION ( 'NONE',  ( -0.000000000000000000, 1.000000000000000000, -0.000000000000000000 ) ) ;
#11733 = VERTEX_POINT ( 'NONE', #2107 ) ;
#11734 = DIRECTION ( 'NONE',  ( 0.000000000000000000, -0.000000000000000000, -1.000000000000000000 ) ) ;
#11735 = EDGE_CURVE ( 'NONE', #10030, #4251, #4993, .T. ) ;
#11736 = CARTESIAN_POINT ( 'NONE',  ( 35.35000000000000142, 8.199999999999999289, 11.69292893218813667 ) ) ;
#11737 = ORIENTED_EDGE ( 'NONE', *, *, #12383, .T. ) ;
#11738 = CARTESIAN_POINT ( 'NONE',  ( -37.69999999999967599, 0.000000000000000000, 17.89999999999999858 ) ) ;
#11739 = EDGE_CURVE ( 'NONE', #160, #8871, #11858, .T. ) ;
#11740 = PLANE ( 'NONE',  #5185 ) ;
#11741 = PLANE ( 'NONE',  #8546 ) ;
#11742 = VERTEX_POINT ( 'NONE', #11931 ) ;
#11743 = CARTESIAN_POINT ( 'NONE',  ( 33.64999999999999858, 8.599999999999999645, 9.625000000000003553 ) ) ;
#11744 = ORIENTED_EDGE ( 'NONE', *, *, #2112, .T. ) ;
#11745 = ORIENTED_EDGE ( 'NONE', *, *, #9795, .T. ) ;
#11746 = LINE ( 'NONE', #2779, #3361 ) ;
#11747 = FACE_OUTER_BOUND ( 'NONE', #9486, .T. ) ;
#11748 = ORIENTED_EDGE ( 'NONE', *, *, #7179, .T. ) ;
#11749 = EDGE_CURVE ( 'NONE', #6107, #9312, #5057, .T. ) ;
#11750 = CIRCLE ( 'NONE', #11959, 0.8999999999999980238 ) ;
#11751 =( NAMED_UNIT ( * ) PLANE_ANGLE_UNIT ( ) SI_UNIT ( $, .RADIAN. ) );
#11752 = FILL_AREA_STYLE ('',( #826 ) ) ;
#11753 = PLANE ( 'NONE',  #965 ) ;
#11754 = CARTESIAN_POINT ( 'NONE',  ( -33.79999999999999005, 8.599999999999999645, -6.249999999999994671 ) ) ;
#11755 = CARTESIAN_POINT ( 'NONE',  ( -40.00000000000000000, 0.000000000000000000, 18.00000000000000000 ) ) ;
#11756 = ADVANCED_FACE ( 'NONE', ( #3950 ), #6036, .F. ) ;
#11757 = EDGE_LOOP ( 'NONE', ( #7961, #4006, #12125, #10227, #6312 ) ) ;
#11758 = CARTESIAN_POINT ( 'NONE',  ( -35.14292893218813418, 8.400000000000000355, 11.70000000000000107 ) ) ;
#11759 = ORIENTED_EDGE ( 'NONE', *, *, #11358, .T. ) ;
#11760 = CARTESIAN_POINT ( 'NONE',  ( 34.80000000000000426, -0.0009999999999992653654, -6.249999999999995559 ) ) ;
#11761 = DIRECTION ( 'NONE',  ( 2.775557561562888984E-15, 0.000000000000000000, -1.000000000000000000 ) ) ;
#11762 = ORIENTED_EDGE ( 'NONE', *, *, #8888, .T. ) ;
#11763 = DIRECTION ( 'NONE',  ( 0.000000000000000000, 1.000000000000000000, 0.000000000000000000 ) ) ;
#11764 = CARTESIAN_POINT ( 'NONE',  ( 37.70000000000032969, 1.600000000000000089, 15.69999999999999929 ) ) ;
#11765 = EDGE_CURVE ( 'NONE', #9127, #9658, #10078, .T. ) ;
#11766 = CARTESIAN_POINT ( 'NONE',  ( -11.67999999999999972, 1.600000000000000089, -15.49999999999999645 ) ) ;
#11767 = DIRECTION ( 'NONE',  ( 0.000000000000000000, 0.000000000000000000, -1.000000000000000000 ) ) ;
#11768 = EDGE_CURVE ( 'NONE', #1865, #6353, #12791, .T. ) ;
#11769 = CARTESIAN_POINT ( 'NONE',  ( 35.11070852858865265, 8.252466668475181066, -11.70000000000000107 ) ) ;
#11770 = CARTESIAN_POINT ( 'NONE',  ( 35.14999999999999858, 8.199999999999999289, -11.69292893218813667 ) ) ;
#11771 = VERTEX_POINT ( 'NONE', #12054 ) ;
#11772 = CARTESIAN_POINT ( 'NONE',  ( -35.35000000000000853, 6.200000000000243539, 4.250000000000000000 ) ) ;
#11773 = LINE ( 'NONE', #4053, #6836 ) ;
#11774 = VERTEX_POINT ( 'NONE', #6879 ) ;
#11775 = CARTESIAN_POINT ( 'NONE',  ( 3.560000000000000497, 0.000000000000000000, -14.99999999999999822 ) ) ;
#11776 = VECTOR ( 'NONE', #11988, 1000.000000000000000 ) ;
#11777 = CARTESIAN_POINT ( 'NONE',  ( 4.459999999999999076, 1.600000000000000089, -15.49999999999999645 ) ) ;
#11778 = EDGE_CURVE ( 'NONE', #5803, #10740, #1850, .T. ) ;
#11779 = PLANE ( 'NONE',  #6591 ) ;
#11780 = LINE ( 'NONE', #7846, #9178 ) ;
#11781 = ORIENTED_EDGE ( 'NONE', *, *, #4820, .T. ) ;
#11782 = DIRECTION ( 'NONE',  ( 0.000000000000000000, 1.000000000000000000, -0.000000000000000000 ) ) ;
#11783 = ORIENTED_EDGE ( 'NONE', *, *, #8061, .F. ) ;
#11784 =( NAMED_UNIT ( * ) SI_UNIT ( $, .STERADIAN. ) SOLID_ANGLE_UNIT ( ) );
#11785 = VERTEX_POINT ( 'NONE', #3088 ) ;
#11786 = EDGE_CURVE ( 'NONE', #8592, #5591, #5908, .T. ) ;
#11787 = EDGE_LOOP ( 'NONE', ( #2122, #10669, #4077, #572 ) ) ;
#11788 = DIRECTION ( 'NONE',  ( 2.775557561562888984E-15, 0.000000000000000000, -1.000000000000000000 ) ) ;
#11789 =( NAMED_UNIT ( * ) PLANE_ANGLE_UNIT ( ) SI_UNIT ( $, .RADIAN. ) );
#11790 = ORIENTED_EDGE ( 'NONE', *, *, #9410, .T. ) ;
#11791 = PLANE ( 'NONE',  #9193 ) ;
#11792 = DIRECTION ( 'NONE',  ( 0.000000000000000000, 1.000000000000000000, 0.000000000000000000 ) ) ;
#11793 = ORIENTED_EDGE ( 'NONE', *, *, #4697, .F. ) ;
#11794 = DIRECTION ( 'NONE',  ( 1.000000000000000000, 0.000000000000000000, 0.000000000000000000 ) ) ;
#11795 = ADVANCED_FACE ( 'NONE', ( #875 ), #204, .F. ) ;
#11796 = CYLINDRICAL_SURFACE ( 'NONE', #1215, 0.8999999999999980238 ) ;
#11797 = ADVANCED_FACE ( 'NONE', ( #3363 ), #9240, .F. ) ;
#11798 = EDGE_CURVE ( 'NONE', #7092, #8650, #4331, .T. ) ;
#11799 = CYLINDRICAL_SURFACE ( 'NONE', #2051, 0.8999999999999980238 ) ;
#11800 = ORIENTED_EDGE ( 'NONE', *, *, #5727, .F. ) ;
#11801 = LINE ( 'NONE', #4731, #6487 ) ;
#11802 = ORIENTED_EDGE ( 'NONE', *, *, #4963, .F. ) ;
#11803 = ORIENTED_EDGE ( 'NONE', *, *, #310, .F. ) ;
#11804 = CARTESIAN_POINT ( 'NONE',  ( -34.79999999999999005, 8.400000000000000355, -6.249999999999994671 ) ) ;
#11805 = CARTESIAN_POINT ( 'NONE',  ( -22.74000000000003752, 1.600000000000000089, -9.131584377541916332E-14 ) ) ;
#11806 = ORIENTED_EDGE ( 'NONE', *, *, #4473, .T. ) ;
#11807 = ORIENTED_EDGE ( 'NONE', *, *, #1074, .T. ) ;
#11808 =( LENGTH_UNIT ( ) NAMED_UNIT ( * ) SI_UNIT ( .MILLI., .METRE. ) );
#11809 = DIRECTION ( 'NONE',  ( 1.000000000000000000, 0.000000000000000000, 0.000000000000000000 ) ) ;
#11810 = DIRECTION ( 'NONE',  ( 0.000000000000000000, 1.000000000000000000, -0.000000000000000000 ) ) ;
#11811 = CARTESIAN_POINT ( 'NONE',  ( -22.73999999999999488, 1.600000000000000089, -18.00000000000000000 ) ) ;
#11812 = LINE ( 'NONE', #2839, #1608 ) ;
#11813 = VERTEX_POINT ( 'NONE', #1326 ) ;
#11814 = DIRECTION ( 'NONE',  ( 0.000000000000000000, 0.000000000000000000, 1.000000000000000000 ) ) ;
#11815 = EDGE_CURVE ( 'NONE', #3014, #11596, #7499, .T. ) ;
#11816 = ORIENTED_EDGE ( 'NONE', *, *, #12259, .T. ) ;
#11817 = LINE ( 'NONE', #11626, #10947 ) ;
#11818 = CARTESIAN_POINT ( 'NONE',  ( -35.35000000000000142, 7.949999999999992184, -3.750000000000000000 ) ) ;
#11819 = EDGE_CURVE ( 'NONE', #10237, #1951, #417, .T. ) ;
#11820 = ORIENTED_EDGE ( 'NONE', *, *, #4613, .T. ) ;
#11821 = DIRECTION ( 'NONE',  ( -0.000000000000000000, 1.000000000000000000, -0.000000000000000000 ) ) ;
#11822 = DIRECTION ( 'NONE',  ( 0.000000000000000000, 0.000000000000000000, 1.000000000000000000 ) ) ;
#11823 = CARTESIAN_POINT ( 'NONE',  ( -6.599999999999997868, 0.000000000000000000, -15.49999999999999645 ) ) ;
#11824 = AXIS2_PLACEMENT_3D ( 'NONE', #3988, #12820, #9793 ) ;
#11825 = LINE ( 'NONE', #12884, #11046 ) ;
#11826 = CARTESIAN_POINT ( 'NONE',  ( -24.37999999999999901, 1.600000000000000089, -15.49999999999999645 ) ) ;
#11827 = AXIS2_PLACEMENT_3D ( 'NONE', #9942, #10018, #142 ) ;
#11828 = EDGE_LOOP ( 'NONE', ( #10545, #11362, #5497, #10295, #1529 ) ) ;
#11829 = CARTESIAN_POINT ( 'NONE',  ( -9.139999999999998792, 1.600000000000000089, -15.49999999999999645 ) ) ;
#11830 = VECTOR ( 'NONE', #10158, 1000.000000000000000 ) ;
#11831 = VERTEX_POINT ( 'NONE', #11197 ) ;
#11832 = VECTOR ( 'NONE', #9787, 1000.000000000000000 ) ;
#11833 = CARTESIAN_POINT ( 'NONE',  ( -35.07861928812541663, 8.304397331752655376, 11.67844538072196414 ) ) ;
#11834 = CARTESIAN_POINT ( 'NONE',  ( -37.70000000000000284, 1.600000000000000089, -13.50000000000000000 ) ) ;
#11835 = VERTEX_POINT ( 'NONE', #12133 ) ;
#11836 = LINE ( 'NONE', #9809, #12567 ) ;
#11837 = VECTOR ( 'NONE', #6468, 1000.000000000000000 ) ;
#11838 = CARTESIAN_POINT ( 'NONE',  ( 7.620000000000000107, 1.600000000000000089, 0.000000000000000000 ) ) ;
#11839 = DIRECTION ( 'NONE',  ( 0.000000000000000000, 1.000000000000000000, 0.000000000000000000 ) ) ;
#11840 = VECTOR ( 'NONE', #5935, 1000.000000000000114 ) ;
#11841 = CIRCLE ( 'NONE', #7738, 6.000000000000000000 ) ;
#11842 = CYLINDRICAL_SURFACE ( 'NONE', #3537, 2.200000000000000622 ) ;
#11843 = ORIENTED_EDGE ( 'NONE', *, *, #9451, .T. ) ;
#11844 = FACE_OUTER_BOUND ( 'NONE', #1139, .T. ) ;
#11845 = CLOSED_SHELL ( 'NONE', ( #12937, #7399, #2748, #6037, #6750, #1158 ) ) ;
#11846 = ORIENTED_EDGE ( 'NONE', *, *, #7030, .F. ) ;
#11847 = DIRECTION ( 'NONE',  ( 0.000000000000000000, 0.000000000000000000, 1.000000000000000000 ) ) ;
#11848 = PRESENTATION_LAYER_ASSIGNMENT (  '', '', ( #4994 ) ) ;
#11849 = ORIENTED_EDGE ( 'NONE', *, *, #1391, .F. ) ;
#11850 = ORIENTED_EDGE ( 'NONE', *, *, #11130, .T. ) ;
#11851 = DIRECTION ( 'NONE',  ( 2.775557561562888984E-15, 0.000000000000000000, -1.000000000000000000 ) ) ;
#11852 = VECTOR ( 'NONE', #7641, 1000.000000000000000 ) ;
#11853 = DIRECTION ( 'NONE',  ( -2.569960705151068762E-15, -1.000000000000000000, 6.123233995736767268E-17 ) ) ;
#11854 = ORIENTED_EDGE ( 'NONE', *, *, #3728, .F. ) ;
#11855 = CARTESIAN_POINT ( 'NONE',  ( -15.12000000000004007, 0.000000000000000000, -9.131584377541916332E-14 ) ) ;
#11856 = DIRECTION ( 'NONE',  ( 2.775557561562888984E-15, 0.000000000000000000, -1.000000000000000000 ) ) ;
#11857 = VERTEX_POINT ( 'NONE', #6420 ) ;
#11858 = LINE ( 'NONE', #6100, #8330 ) ;
#11859 = CIRCLE ( 'NONE', #3072, 2.200000000000000622 ) ;
#11860 = VECTOR ( 'NONE', #9035, 1000.000000000000000 ) ;
#11861 = CARTESIAN_POINT ( 'NONE',  ( 33.98994949366120011, -16.60000000000000497, -10.61862915010154396 ) ) ;
#11862 = ADVANCED_FACE ( 'NONE', ( #3283 ), #11343, .T. ) ;
#11863 = VECTOR ( 'NONE', #8828, 1000.000000000000114 ) ;
#11864 = EDGE_CURVE ( 'NONE', #4654, #12331, #146, .T. ) ;
#11865 = LINE ( 'NONE', #6943, #10419 ) ;
#11866 = VECTOR ( 'NONE', #4351, 1000.000000000000000 ) ;
#11867 = EDGE_LOOP ( 'NONE', ( #12858, #2471, #7085, #9105 ) ) ;
#11868 = LINE ( 'NONE', #2043, #9200 ) ;
#11869 = ORIENTED_EDGE ( 'NONE', *, *, #10606, .F. ) ;
#11870 = AXIS2_PLACEMENT_3D ( 'NONE', #5528, #241, #8279 ) ;
#11871 = VERTEX_POINT ( 'NONE', #344 ) ;
#11872 = DIRECTION ( 'NONE',  ( -0.000000000000000000, 1.000000000000000000, -0.000000000000000000 ) ) ;
#11873 = DIRECTION ( 'NONE',  ( 0.000000000000000000, 0.000000000000000000, 1.000000000000000000 ) ) ;
#11874 = ORIENTED_EDGE ( 'NONE', *, *, #1486, .T. ) ;
#11875 = AXIS2_PLACEMENT_3D ( 'NONE', #9508, #3319, #505 ) ;
#11876 = EDGE_CURVE ( 'NONE', #8170, #7794, #5184, .T. ) ;
#11877 = EDGE_CURVE ( 'NONE', #10439, #10056, #6649, .T. ) ;
#11878 = ORIENTED_EDGE ( 'NONE', *, *, #4140, .F. ) ;
#11879 = LINE ( 'NONE', #1087, #7047 ) ;
#11880 = CARTESIAN_POINT ( 'NONE',  ( 35.14999999999999858, 8.199999999999999289, -11.90000000000000036 ) ) ;
#11881 = CARTESIAN_POINT ( 'NONE',  ( 33.80000000000000426, 8.400000000000000355, 7.250000000000006217 ) ) ;
#11882 = DIRECTION ( 'NONE',  ( 0.000000000000000000, 1.000000000000000000, 0.000000000000000000 ) ) ;
#11883 = PRODUCT_DEFINITION_FORMATION_WITH_SPECIFIED_SOURCE ( 'ANY', '', #12958, .NOT_KNOWN. ) ;
#11884 = AXIS2_PLACEMENT_3D ( 'NONE', #2199, #10051, #4242 ) ;
#11885 = FACE_OUTER_BOUND ( 'NONE', #9468, .T. ) ;
#11886 = VECTOR ( 'NONE', #12137, 1000.000000000000000 ) ;
#11887 = VERTEX_POINT ( 'NONE', #12333 ) ;
#11888 = LINE ( 'NONE', #7960, #8564 ) ;
#11889 = AXIS2_PLACEMENT_3D ( 'NONE', #1065, #4067, #11073 ) ;
#11890 = EDGE_LOOP ( 'NONE', ( #936, #8981, #5973, #9007 ) ) ;
#11891 = ADVANCED_FACE ( 'NONE', ( #2376 ), #11138, .F. ) ;
#11892 = FILL_AREA_STYLE_COLOUR ( '', #3207 ) ;
#11893 = LINE ( 'NONE', #11106, #4734 ) ;
#11894 = ORIENTED_EDGE ( 'NONE', *, *, #11444, .T. ) ;
#11895 = AXIS2_PLACEMENT_3D ( 'NONE', #5170, #8189, #11186 ) ;
#11896 = CIRCLE ( 'NONE', #6253, 0.4999999999999987232 ) ;
#11897 = LINE ( 'NONE', #1810, #10170 ) ;
#11898 = CARTESIAN_POINT ( 'NONE',  ( -21.83999999999999986, -6.222539674441619262, -15.49999999999999645 ) ) ;
#11899 = CARTESIAN_POINT ( 'NONE',  ( -3.160000000000041442, -6.222539674441619262, -8.631984016460597151E-14 ) ) ;
#11900 = ADVANCED_FACE ( 'NONE', ( #2314 ), #7346, .F. ) ;
#11901 = FACE_OUTER_BOUND ( 'NONE', #7309, .T. ) ;
#11902 = DIRECTION ( 'NONE',  ( 0.000000000000000000, 0.000000000000000000, 1.000000000000000000 ) ) ;
#11903 = LINE ( 'NONE', #10979, #1823 ) ;
#11904 = ADVANCED_FACE ( 'NONE', ( #5321 ), #8399, .T. ) ;
#11905 = AXIS2_PLACEMENT_3D ( 'NONE', #323, #8488, #516 ) ;
#11906 = ORIENTED_EDGE ( 'NONE', *, *, #366, .T. ) ;
#11907 = AXIS2_PLACEMENT_3D ( 'NONE', #2401, #5410, #2265 ) ;
#11908 = CARTESIAN_POINT ( 'NONE',  ( 34.95000000000000284, 8.199999999999999289, 11.70000000000002416 ) ) ;
#11909 = ORIENTED_EDGE ( 'NONE', *, *, #11404, .F. ) ;
#11910 =( GEOMETRIC_REPRESENTATION_CONTEXT ( 3 ) GLOBAL_UNCERTAINTY_ASSIGNED_CONTEXT ( ( #11379 ) ) GLOBAL_UNIT_ASSIGNED_CONTEXT ( ( #6633, #10638, #6705 ) ) REPRESENTATION_CONTEXT ( 'NONE', 'WORKASPACE' ) );
#11911 = PLANE ( 'NONE',  #5069 ) ;
#11912 = LINE ( 'NONE', #7839, #5597 ) ;
#11913 = ORIENTED_EDGE ( 'NONE', *, *, #7975, .T. ) ;
#11914 = PLANE ( 'NONE',  #9615 ) ;
#11915 = DIRECTION ( 'NONE',  ( 0.000000000000000000, 1.000000000000000000, 0.000000000000000000 ) ) ;
#11916 = FACE_OUTER_BOUND ( 'NONE', #11970, .T. ) ;
#11917 = DIRECTION ( 'NONE',  ( 0.000000000000000000, 1.000000000000000000, 0.000000000000000000 ) ) ;
#11918 = ORIENTED_EDGE ( 'NONE', *, *, #8934, .T. ) ;
#11919 = DIRECTION ( 'NONE',  ( 0.000000000000000000, 0.000000000000000000, 1.000000000000000000 ) ) ;
#11920 = ORIENTED_EDGE ( 'NONE', *, *, #11082, .F. ) ;
#11921 = CARTESIAN_POINT ( 'NONE',  ( -28.56000000000004491, 1.600000000000000089, -8.631984016460597151E-14 ) ) ;
#11922 = VERTEX_POINT ( 'NONE', #4138 ) ;
#11923 = VERTEX_POINT ( 'NONE', #6156 ) ;
#11924 = DIRECTION ( 'NONE',  ( -0.000000000000000000, 1.000000000000000000, -0.000000000000000000 ) ) ;
#11925 = FACE_OUTER_BOUND ( 'NONE', #8267, .T. ) ;
#11926 = EDGE_LOOP ( 'NONE', ( #6121, #11630 ) ) ;
#11927 = CIRCLE ( 'NONE', #7324, 1.399999999999995026 ) ;
#11928 = PLANE ( 'NONE',  #5146 ) ;
#11929 = LINE ( 'NONE', #7858, #784 ) ;
#11930 = VERTEX_POINT ( 'NONE', #10137 ) ;
#11931 = CARTESIAN_POINT ( 'NONE',  ( -8.239999999999993108, 1.600000000000000089, -18.00000000000000000 ) ) ;
#11932 = ADVANCED_FACE ( 'NONE', ( #10852 ), #12763, .T. ) ;
#11933 = LINE ( 'NONE', #5909, #3930 ) ;
#11934 = EDGE_CURVE ( 'NONE', #5139, #3235, #7645, .T. ) ;
#11935 = DIRECTION ( 'NONE',  ( 0.000000000000000000, 0.000000000000000000, 1.000000000000000000 ) ) ;
#11936 = EDGE_LOOP ( 'NONE', ( #7989, #4330, #8503, #7231 ) ) ;
#11937 = CARTESIAN_POINT ( 'NONE',  ( 35.30686223849292560, 8.408781693757919840, 11.62861603620758189 ) ) ;
#11938 = ORIENTED_EDGE ( 'NONE', *, *, #11968, .F. ) ;
#11939 = ORIENTED_EDGE ( 'NONE', *, *, #9869, .F. ) ;
#11940 = ORIENTED_EDGE ( 'NONE', *, *, #2603, .T. ) ;
#11941 = CARTESIAN_POINT ( 'NONE',  ( -12.57999999999999829, 0.000000000000000000, -15.49999999999999645 ) ) ;
#11942 = DIRECTION ( 'NONE',  ( 0.000000000000000000, 1.000000000000000000, -0.000000000000000000 ) ) ;
#11943 = PRODUCT_RELATED_PRODUCT_CATEGORY ( 'part', '', ( #12958 ) ) ;
#11944 = EDGE_LOOP ( 'NONE', ( #4815, #9367 ) ) ;
#11945 = DIRECTION ( 'NONE',  ( -2.566158988131371451E-17, 0.000000000000000000, -1.000000000000000000 ) ) ;
#11946 = EDGE_CURVE ( 'NONE', #3074, #4251, #6851, .T. ) ;
#11947 = ORIENTED_EDGE ( 'NONE', *, *, #623, .T. ) ;
#11948 = DIRECTION ( 'NONE',  ( 2.775557561562888984E-15, 0.000000000000000000, -1.000000000000000000 ) ) ;
#11949 = CARTESIAN_POINT ( 'NONE',  ( 35.15000000000001279, 8.199999999999999289, -11.50000000000002487 ) ) ;
#11950 = FACE_BOUND ( 'NONE', #3716, .T. ) ;
#11951 = CARTESIAN_POINT ( 'NONE',  ( -11.67999999999999972, 0.000000000000000000, -14.59999999999999787 ) ) ;
#11952 = PLANE ( 'NONE',  #5570 ) ;
#11953 = ORIENTED_EDGE ( 'NONE', *, *, #4046, .F. ) ;
#11954 = DIRECTION ( 'NONE',  ( 0.000000000000000000, 0.000000000000000000, -1.000000000000000000 ) ) ;
#11955 = VERTEX_POINT ( 'NONE', #1883 ) ;
#11956 = LINE ( 'NONE', #5327, #1954 ) ;
#11957 = DIRECTION ( 'NONE',  ( 0.000000000000000000, -1.000000000000000000, 0.000000000000000000 ) ) ;
#11958 = CARTESIAN_POINT ( 'NONE',  ( -22.50000000000000000, -1.400000000000000133, -4.592425496802574367E-15 ) ) ;
#11959 = AXIS2_PLACEMENT_3D ( 'NONE', #10654, #12434, #8567 ) ;
#11960 = VERTEX_POINT ( 'NONE', #8687 ) ;
#11961 = DIRECTION ( 'NONE',  ( 0.000000000000000000, 0.000000000000000000, -1.000000000000000000 ) ) ;
#11962 = VECTOR ( 'NONE', #12447, 1000.000000000000000 ) ;
#11963 = DIRECTION ( 'NONE',  ( -1.000000000000000000, 3.469446951953604722E-14, 0.000000000000000000 ) ) ;
#11964 = CARTESIAN_POINT ( 'NONE',  ( -10.77999999999999403, -6.222539674441619262, -18.00000000000000000 ) ) ;
#11965 = VECTOR ( 'NONE', #12577, 1000.000000000000000 ) ;
#11966 = ADVANCED_FACE ( 'NONE', ( #3725 ), #9605, .T. ) ;
#11967 = LINE ( 'NONE', #2797, #2469 ) ;
#11968 = EDGE_CURVE ( 'NONE', #7992, #9944, #11709, .T. ) ;
#11969 = ORIENTED_EDGE ( 'NONE', *, *, #5500, .F. ) ;
#11970 = EDGE_LOOP ( 'NONE', ( #10185, #797, #10798, #6793, #12926 ) ) ;
#11971 = DIRECTION ( 'NONE',  ( 0.000000000000000000, 1.000000000000000000, 0.000000000000000000 ) ) ;
#11972 = DIRECTION ( 'NONE',  ( 2.775557561562888984E-15, 0.000000000000000000, -1.000000000000000000 ) ) ;
#11973 = ORIENTED_EDGE ( 'NONE', *, *, #1535, .F. ) ;
#11974 = CARTESIAN_POINT ( 'NONE',  ( -26.02000000000000313, 1.600000000000000089, -15.49999999999999645 ) ) ;
#11975 = CARTESIAN_POINT ( 'NONE',  ( -16.76000000000000156, -6.222539674441619262, -15.49999999999999645 ) ) ;
#11976 = CYLINDRICAL_SURFACE ( 'NONE', #5566, 0.4999999999999987232 ) ;
#11977 = CARTESIAN_POINT ( 'NONE',  ( 33.80000000000000426, -0.0009999999999992653654, 6.250000000000006217 ) ) ;
#11978 = CARTESIAN_POINT ( 'NONE',  ( 3.560000000000000497, 0.000000000000000000, -15.49999999999999645 ) ) ;
#11979 = ADVANCED_FACE ( 'NONE', ( #12623 ), #4764, .T. ) ;
#11980 = ORIENTED_EDGE ( 'NONE', *, *, #783, .F. ) ;
#11981 = DIRECTION ( 'NONE',  ( -0.000000000000000000, 1.000000000000000000, -0.000000000000000000 ) ) ;
#11982 = EDGE_LOOP ( 'NONE', ( #3674, #10397, #922, #554 ) ) ;
#11983 = ORIENTED_EDGE ( 'NONE', *, *, #6689, .F. ) ;
#11984 = DIRECTION ( 'NONE',  ( -1.000000000000000000, 0.000000000000000000, 0.000000000000000000 ) ) ;
#11985 = ADVANCED_FACE ( 'NONE', ( #8877 ), #844, .F. ) ;
#11986 = DIRECTION ( 'NONE',  ( 0.000000000000000000, 1.000000000000000000, -0.000000000000000000 ) ) ;
#11987 = ORIENTED_EDGE ( 'NONE', *, *, #2005, .T. ) ;
#11988 = DIRECTION ( 'NONE',  ( -2.569960705150817904E-15, 1.000000000000000000, -6.123233995736766036E-17 ) ) ;
#11989 = DIRECTION ( 'NONE',  ( 2.775557561562888984E-15, 0.000000000000000000, -1.000000000000000000 ) ) ;
#11990 = SPHERICAL_SURFACE ( 'NONE', #10598, 0.2000000000000000111 ) ;
#11991 = ORIENTED_EDGE ( 'NONE', *, *, #7004, .F. ) ;
#11992 = DIRECTION ( 'NONE',  ( 0.000000000000000000, 0.000000000000000000, -1.000000000000000000 ) ) ;
#11993 = CARTESIAN_POINT ( 'NONE',  ( -5.700000000000000178, 0.000000000000000000, -15.49999999999999645 ) ) ;
#11994 = PLANE ( 'NONE',  #12522 ) ;
#11995 = ORIENTED_EDGE ( 'NONE', *, *, #2615, .T. ) ;
#11996 = CARTESIAN_POINT ( 'NONE',  ( -32.00000000000000000, 1.600000000000000089, -14.99999999999999822 ) ) ;
#11997 = ORIENTED_EDGE ( 'NONE', *, *, #4834, .T. ) ;
#11998 = ORIENTED_EDGE ( 'NONE', *, *, #8640, .T. ) ;
#11999 = EDGE_CURVE ( 'NONE', #9957, #11016, #602, .T. ) ;
#12000 = ORIENTED_EDGE ( 'NONE', *, *, #9603, .F. ) ;
#12001 = CARTESIAN_POINT ( 'NONE',  ( -15.86000000000004384, 0.000000000000000000, -8.631984016460597151E-14 ) ) ;
#12002 = DIRECTION ( 'NONE',  ( 2.775557561562888984E-15, 0.000000000000000000, -1.000000000000000000 ) ) ;
#12003 = ORIENTED_EDGE ( 'NONE', *, *, #9438, .T. ) ;
#12004 = CARTESIAN_POINT ( 'NONE',  ( -34.79999999999999005, 7.399999999999999467, -6.249999999999994671 ) ) ;
#12005 = EDGE_LOOP ( 'NONE', ( #1479, #11487, #9049, #3524 ) ) ;
#12006 = LINE ( 'NONE', #10828, #2034 ) ;
#12007 = DIRECTION ( 'NONE',  ( -0.7071067811865517916, 0.000000000000000000, 0.7071067811865431318 ) ) ;
#12008 = DIRECTION ( 'NONE',  ( 2.775557561562888984E-15, 0.000000000000000000, -1.000000000000000000 ) ) ;
#12009 = FILL_AREA_STYLE ('',( #10901 ) ) ;
#12010 = CYLINDRICAL_SURFACE ( 'NONE', #9731, 2.200000000000000622 ) ;
#12011 = ORIENTED_EDGE ( 'NONE', *, *, #7579, .F. ) ;
#12012 = LINE ( 'NONE', #5795, #11497 ) ;
#12013 = ORIENTED_EDGE ( 'NONE', *, *, #2119, .T. ) ;
#12014 = CARTESIAN_POINT ( 'NONE',  ( -5.699999999999996625, 0.000000000000000000, -18.00000000000000000 ) ) ;
#12015 = LINE ( 'NONE', #5994, #12053 ) ;
#12016 = ADVANCED_FACE ( 'NONE', ( #9794 ), #10716, .F. ) ;
#12017 = ORIENTED_EDGE ( 'NONE', *, *, #3481, .F. ) ;
#12018 = DIRECTION ( 'NONE',  ( 0.000000000000000000, 1.000000000000000000, 0.000000000000000000 ) ) ;
#12019 = FACE_OUTER_BOUND ( 'NONE', #4160, .T. ) ;
#12020 = DIRECTION ( 'NONE',  ( -0.000000000000000000, 1.000000000000000000, -0.000000000000000000 ) ) ;
#12021 = CARTESIAN_POINT ( 'NONE',  ( 35.35000000000000142, 8.199999999999999289, 0.000000000000000000 ) ) ;
#12022 = DIRECTION ( 'NONE',  ( -0.000000000000000000, 1.000000000000000000, -0.000000000000000000 ) ) ;
#12023 = EDGE_CURVE ( 'NONE', #11559, #12144, #8744, .T. ) ;
#12024 = ORIENTED_EDGE ( 'NONE', *, *, #9093, .T. ) ;
#12025 = EDGE_CURVE ( 'NONE', #5882, #10935, #11638, .T. ) ;
#12026 = ORIENTED_EDGE ( 'NONE', *, *, #8012, .F. ) ;
#12027 = CARTESIAN_POINT ( 'NONE',  ( 35.35000000000000142, 1.600000000000062927, -11.90000000000002522 ) ) ;
#12028 = AXIS2_PLACEMENT_3D ( 'NONE', #4681, #2476, #11618 ) ;
#12029 = DIRECTION ( 'NONE',  ( 0.000000000000000000, 0.000000000000000000, -1.000000000000000000 ) ) ;
#12030 = ORIENTED_EDGE ( 'NONE', *, *, #1062, .F. ) ;
#12031 = CARTESIAN_POINT ( 'NONE',  ( 0.000000000000000000, 4.250072516143227868E-14, -11.70000000000002949 ) ) ;
#12032 = EDGE_CURVE ( 'NONE', #5835, #943, #3325, .T. ) ;
#12033 = ADVANCED_FACE ( 'NONE', ( #6844 ), #769, .F. ) ;
#12034 = FACE_OUTER_BOUND ( 'NONE', #3171, .T. ) ;
#12035 = VECTOR ( 'NONE', #1967, 1000.000000000000000 ) ;
#12036 = CYLINDRICAL_SURFACE ( 'NONE', #145, 2.199999999999998845 ) ;
#12037 = B_SPLINE_CURVE_WITH_KNOTS ( 'NONE', 3,
 ( #4405, #10279, #4326, #6347, #12389, #6150 ),
 .UNSPECIFIED., .F., .F.,
 ( 4, 2, 4 ),
 ( 1.734723475976807094E-18, 0.0003268290260693023676, 0.0006536580521386030004 ),
 .UNSPECIFIED. ) ;
#12038 = LINE ( 'NONE', #5244, #7710 ) ;
#12039 = VECTOR ( 'NONE', #5404, 1000.000000000000000 ) ;
#12040 = CARTESIAN_POINT ( 'NONE',  ( -1.520000000000000462, -6.222539674441619262, -15.49999999999999645 ) ) ;
#12041 = AXIS2_PLACEMENT_3D ( 'NONE', #3713, #6713, #8679 ) ;
#12042 = ORIENTED_EDGE ( 'NONE', *, *, #10511, .F. ) ;
#12043 = CARTESIAN_POINT ( 'NONE',  ( -24.37999999999999901, 1.600000000000000089, -15.49999999999999645 ) ) ;
#12044 = EDGE_CURVE ( 'NONE', #2518, #7119, #11825, .T. ) ;
#12045 = ORIENTED_EDGE ( 'NONE', *, *, #12538, .T. ) ;
#12046 = CARTESIAN_POINT ( 'NONE',  ( 34.94999999999999574, 8.602000000000000313, 11.50000000000000000 ) ) ;
#12047 = CARTESIAN_POINT ( 'NONE',  ( -23.48000000000004306, -6.222539674441619262, -8.631984016460597151E-14 ) ) ;
#12048 = VERTEX_POINT ( 'NONE', #7901 ) ;
#12049 = DIRECTION ( 'NONE',  ( 1.000000000000000000, 0.000000000000000000, -0.000000000000000000 ) ) ;
#12050 = DIRECTION ( 'NONE',  ( 1.000000000000000000, 0.000000000000000000, 2.775557561562888984E-15 ) ) ;
#12051 = CARTESIAN_POINT ( 'NONE',  ( -37.69999999999967599, 0.000000000000000000, 15.69999999999999929 ) ) ;
#12052 = ORIENTED_EDGE ( 'NONE', *, *, #4446, .F. ) ;
#12053 = VECTOR ( 'NONE', #7169, 1000.000000000000000 ) ;
#12054 = CARTESIAN_POINT ( 'NONE',  ( -35.15000000000000568, 1.600000000000000089, -11.50000000000002309 ) ) ;
#12055 = AXIS2_PLACEMENT_3D ( 'NONE', #12954, #10970, #2271 ) ;
#12056 = ADVANCED_FACE ( 'NONE', ( #2932 ), #1702, .F. ) ;
#12057 = LINE ( 'NONE', #12134, #8952 ) ;
#12058 = CARTESIAN_POINT ( 'NONE',  ( 37.70000000000032969, 1.600000000000000089, 15.69999999999999929 ) ) ;
#12059 = EDGE_CURVE ( 'NONE', #620, #10413, #5623, .T. ) ;
#12060 = AXIS2_PLACEMENT_3D ( 'NONE', #7146, #5123, #6234 ) ;
#12061 = CARTESIAN_POINT ( 'NONE',  ( -9.139999999999998792, 0.000000000000000000, -14.59999999999999787 ) ) ;
#12062 = DIRECTION ( 'NONE',  ( 1.000000000000000000, -0.000000000000000000, 0.000000000000000000 ) ) ;
#12063 = AXIS2_PLACEMENT_3D ( 'NONE', #7711, #4507, #11446 ) ;
#12064 = ORIENTED_EDGE ( 'NONE', *, *, #6192, .F. ) ;
#12065 = ORIENTED_EDGE ( 'NONE', *, *, #64, .F. ) ;
#12066 = VERTEX_POINT ( 'NONE', #6077 ) ;
#12067 = CARTESIAN_POINT ( 'NONE',  ( -1.520000000000000462, 0.000000000000000000, -15.49999999999999645 ) ) ;
#12068 = CARTESIAN_POINT ( 'NONE',  ( -24.37999999999999901, 1.600000000000000089, -15.49999999999999645 ) ) ;
#12069 = ORIENTED_EDGE ( 'NONE', *, *, #10458, .F. ) ;
#12070 = LINE ( 'NONE', #6954, #5736 ) ;
#12071 = MANIFOLD_SOLID_BREP ( 'LPattern3[14]', #6820 ) ;
#12072 = MECHANICAL_DESIGN_GEOMETRIC_PRESENTATION_REPRESENTATION (  '', ( #1207 ), #6625 ) ;
#12073 = AXIS2_PLACEMENT_3D ( 'NONE', #7470, #4653, #10604 ) ;
#12074 = ORIENTED_EDGE ( 'NONE', *, *, #6935, .T. ) ;
#12075 = LINE ( 'NONE', #1926, #9564 ) ;
#12076 = CARTESIAN_POINT ( 'NONE',  ( -24.37999999999999901, 0.000000000000000000, -15.49999999999999645 ) ) ;
#12077 = CIRCLE ( 'NONE', #6630, 2.199999999999998845 ) ;
#12078 = PLANE ( 'NONE',  #346 ) ;
#12079 = CIRCLE ( 'NONE', #12698, 2.147727943148359131 ) ;
#12080 = LINE ( 'NONE', #8929, #9789 ) ;
#12081 = CARTESIAN_POINT ( 'NONE',  ( -10.03999999999999737, 1.600000000000000089, -18.00000000000000000 ) ) ;
#12082 = VECTOR ( 'NONE', #8015, 1000.000000000000114 ) ;
#12083 = VERTEX_POINT ( 'NONE', #8096 ) ;
#12084 = CARTESIAN_POINT ( 'NONE',  ( -34.95000000000002416, 1.600000000000004086, 11.50000000000002487 ) ) ;
#12085 = AXIS2_PLACEMENT_3D ( 'NONE', #171, #2129, #9263 ) ;
#12086 = ORIENTED_EDGE ( 'NONE', *, *, #10990, .F. ) ;
#12087 = CIRCLE ( 'NONE', #1635, 1.399999999999995026 ) ;
#12088 = CARTESIAN_POINT ( 'NONE',  ( 34.80000000000000426, 7.399999999999999467, 6.250000000000006217 ) ) ;
#12089 = AXIS2_PLACEMENT_3D ( 'NONE', #10540, #5751, #600 ) ;
#12090 = CYLINDRICAL_SURFACE ( 'NONE', #4732, 1.000000000000000000 ) ;
#12091 = ORIENTED_EDGE ( 'NONE', *, *, #208, .F. ) ;
#12092 = CIRCLE ( 'NONE', #184, 0.5000000000000004441 ) ;
#12093 = SURFACE_SIDE_STYLE ('',( #3050 ) ) ;
#12094 = CARTESIAN_POINT ( 'NONE',  ( -35.35200000000000387, 8.199999999999999289, -11.69292893218813667 ) ) ;
#12095 = AXIS2_PLACEMENT_3D ( 'NONE', #4839, #12821, #4893 ) ;
#12096 = DIRECTION ( 'NONE',  ( 1.000000000000000000, -0.000000000000000000, 2.775557561562888984E-15 ) ) ;
#12097 = AXIS2_PLACEMENT_3D ( 'NONE', #442, #1488, #1674 ) ;
#12098 = CARTESIAN_POINT ( 'NONE',  ( 34.95000000000001705, 1.600000000000004086, -11.50000000000002487 ) ) ;
#12099 = VECTOR ( 'NONE', #1981, 1000.000000000000114 ) ;
#12100 = EDGE_CURVE ( 'NONE', #5160, #1773, #5940, .T. ) ;
#12101 = DIRECTION ( 'NONE',  ( 0.000000000000000000, 0.000000000000000000, 1.000000000000000000 ) ) ;
#12102 = AXIS2_PLACEMENT_3D ( 'NONE', #1631, #12622, #11637 ) ;
#12103 = ORIENTED_EDGE ( 'NONE', *, *, #8122, .T. ) ;
#12104 = EDGE_CURVE ( 'NONE', #6755, #9493, #5195, .T. ) ;
#12105 = AXIS2_PLACEMENT_3D ( 'NONE', #7789, #11782, #2878 ) ;
#12106 =( GEOMETRIC_REPRESENTATION_CONTEXT ( 3 ) GLOBAL_UNCERTAINTY_ASSIGNED_CONTEXT ( ( #10467 ) ) GLOBAL_UNIT_ASSIGNED_CONTEXT ( ( #12663, #2726, #2599 ) ) REPRESENTATION_CONTEXT ( 'NONE', 'WORKASPACE' ) );
#12108 = ORIENTED_EDGE ( 'NONE', *, *, #8424, .T. ) ;
#12107 = VECTOR ( 'NONE', #788, 1000.000000000000000 ) ;
#12109 = DIRECTION ( 'NONE',  ( -0.000000000000000000, 1.000000000000000000, -0.000000000000000000 ) ) ;
#12110 = CARTESIAN_POINT ( 'NONE',  ( -18.40000000000004121, 0.000000000000000000, -8.631984016460597151E-14 ) ) ;
#12111 = ORIENTED_EDGE ( 'NONE', *, *, #4048, .F. ) ;
#12112 = CARTESIAN_POINT ( 'NONE',  ( -27.81999999999999673, 1.600000000000000089, -15.49999999999999645 ) ) ;
#12113 = EDGE_CURVE ( 'NONE', #10056, #3294, #12521, .T. ) ;
#12114 = CYLINDRICAL_SURFACE ( 'NONE', #3523, 0.4999999999999987232 ) ;
#12115 = AXIS2_PLACEMENT_3D ( 'NONE', #2809, #4790, #6735 ) ;
#12116 = CYLINDRICAL_SURFACE ( 'NONE', #3270, 0.8999999999999980238 ) ;
#12117 = VECTOR ( 'NONE', #9575, 1000.000000000000000 ) ;
#12118 = CARTESIAN_POINT ( 'NONE',  ( -31.10000000000004405, 1.600000000000000089, -8.631984016460597151E-14 ) ) ;
#12119 = DIRECTION ( 'NONE',  ( 0.7071067811865301422, 0.000000000000000000, 0.7071067811865648922 ) ) ;
#12120 = EDGE_CURVE ( 'NONE', #10266, #2722, #9369, .T. ) ;
#12121 = EDGE_LOOP ( 'NONE', ( #10087, #2174, #12812, #3872 ) ) ;
#12122 = CARTESIAN_POINT ( 'NONE',  ( 34.10000000000000142, 8.599999999999999645, -9.625000000000003553 ) ) ;
#12123 =( NAMED_UNIT ( * ) PLANE_ANGLE_UNIT ( ) SI_UNIT ( $, .RADIAN. ) );
#12124 = AXIS2_PLACEMENT_3D ( 'NONE', #9429, #8390, #12386 ) ;
#12125 = ORIENTED_EDGE ( 'NONE', *, *, #945, .T. ) ;
#12126 = FACE_BOUND ( 'NONE', #4343, .T. ) ;
#12127 = CYLINDRICAL_SURFACE ( 'NONE', #7879, 0.8999999999999980238 ) ;
#12128 = ORIENTED_EDGE ( 'NONE', *, *, #10097, .F. ) ;
#12129 = CARTESIAN_POINT ( 'NONE',  ( -19.29999999999999716, 1.600000000000000089, -15.99999999999999645 ) ) ;
#12130 = CARTESIAN_POINT ( 'NONE',  ( -22.50000000000000000, 0.000000000000000000, -6.000000000000003553 ) ) ;
#12131 = VERTEX_POINT ( 'NONE', #3252 ) ;
#12132 = PRESENTATION_LAYER_ASSIGNMENT (  '', '', ( #10463 ) ) ;
#12133 = CARTESIAN_POINT ( 'NONE',  ( -5.700000000000000178, 1.600000000000000089, -15.49999999999999645 ) ) ;
#12134 = CARTESIAN_POINT ( 'NONE',  ( 1.020000000000000018, -6.222539674441619262, -14.99999999999999822 ) ) ;
#12135 = PRESENTATION_LAYER_ASSIGNMENT (  '', '', ( #4819 ) ) ;
#12136 = EDGE_CURVE ( 'NONE', #5071, #968, #9778, .T. ) ;
#12137 = DIRECTION ( 'NONE',  ( -0.000000000000000000, 1.000000000000000000, -0.000000000000000000 ) ) ;
#12138 = EDGE_CURVE ( 'NONE', #11598, #7521, #1162, .T. ) ;
#12139 = DIRECTION ( 'NONE',  ( 0.000000000000000000, 1.000000000000000000, 0.000000000000000000 ) ) ;
#12140 = ADVANCED_FACE ( 'NONE', ( #59 ), #6001, .T. ) ;
#12141 = VECTOR ( 'NONE', #6050, 1000.000000000000114 ) ;
#12142 = VERTEX_POINT ( 'NONE', #10976 ) ;
#12143 = VECTOR ( 'NONE', #2150, 1000.000000000000000 ) ;
#12144 = VERTEX_POINT ( 'NONE', #5031 ) ;
#12145 = ORIENTED_EDGE ( 'NONE', *, *, #1812, .F. ) ;
#12146 = CARTESIAN_POINT ( 'NONE',  ( 22.86000000000000298, 0.000000000000000000, 0.000000000000000000 ) ) ;
#12147 = FACE_OUTER_BOUND ( 'NONE', #1241, .T. ) ;
#12148 = ORIENTED_EDGE ( 'NONE', *, *, #2592, .F. ) ;
#12149 = DIRECTION ( 'NONE',  ( 0.000000000000000000, 0.000000000000000000, 1.000000000000000000 ) ) ;
#12150 = CARTESIAN_POINT ( 'NONE',  ( -33.64999999999999858, 8.599999999999999645, -9.625000000000003553 ) ) ;
#12151 = EDGE_CURVE ( 'NONE', #4323, #8919, #190, .T. ) ;
#12152 = ORIENTED_EDGE ( 'NONE', *, *, #12362, .F. ) ;
#12153 = CARTESIAN_POINT ( 'NONE',  ( -0.6200000000000440714, -6.222539674441619262, -8.631984016460597151E-14 ) ) ;
#12154 = DIRECTION ( 'NONE',  ( 0.000000000000000000, 0.000000000000000000, -1.000000000000000000 ) ) ;
#12155 = CARTESIAN_POINT ( 'NONE',  ( -31.10000000000004405, 0.000000000000000000, -8.631984016460597151E-14 ) ) ;
#12156 = DIRECTION ( 'NONE',  ( 0.000000000000000000, 1.000000000000000000, -0.000000000000000000 ) ) ;
#12157 = DIRECTION ( 'NONE',  ( 0.000000000000000000, 0.000000000000000000, 1.000000000000000000 ) ) ;
#12158 = ORIENTED_EDGE ( 'NONE', *, *, #9479, .T. ) ;
#12159 = PLANE ( 'NONE',  #11692 ) ;
#12160 = ORIENTED_EDGE ( 'NONE', *, *, #10348, .F. ) ;
#12161 = EDGE_CURVE ( 'NONE', #10393, #6662, #4180, .T. ) ;
#12162 = CYLINDRICAL_SURFACE ( 'NONE', #7028, 2.200000000000000622 ) ;
#12163 = DIRECTION ( 'NONE',  ( 0.000000000000000000, 0.000000000000000000, -1.000000000000000000 ) ) ;
#12164 = ORIENTED_EDGE ( 'NONE', *, *, #2102, .F. ) ;
#12165 = CARTESIAN_POINT ( 'NONE',  ( -40.00000000000000000, 1.600000000000000089, -18.00000000000000000 ) ) ;
#12166 = DIRECTION ( 'NONE',  ( -0.000000000000000000, 1.000000000000000000, -0.000000000000000000 ) ) ;
#12167 = DIRECTION ( 'NONE',  ( -0.000000000000000000, 1.000000000000000000, -0.000000000000000000 ) ) ;
#12168 = DIRECTION ( 'NONE',  ( -0.000000000000000000, 1.000000000000000000, -0.000000000000000000 ) ) ;
#12169 = CARTESIAN_POINT ( 'NONE',  ( 37.70000000000032969, 0.000000000000000000, 17.09999999999999432 ) ) ;
#12170 = ORIENTED_EDGE ( 'NONE', *, *, #2713, .F. ) ;
#12171 = ORIENTED_EDGE ( 'NONE', *, *, #10055, .F. ) ;
#12172 = UNCERTAINTY_MEASURE_WITH_UNIT (LENGTH_MEASURE( 1.000000000000000082E-05 ), #8787, 'distance_accuracy_value', 'NONE');
#12173 = DIRECTION ( 'NONE',  ( -0.000000000000000000, 1.000000000000000000, -0.000000000000000000 ) ) ;
#12174 = ORIENTED_EDGE ( 'NONE', *, *, #9535, .T. ) ;
#12175 = ADVANCED_FACE ( 'NONE', ( #7235, #9986 ), #6191, .T. ) ;
#12176 = LINE ( 'NONE', #3201, #257 ) ;
#12177 = CARTESIAN_POINT ( 'NONE',  ( 3.560000000000000497, 0.000000000000000000, -15.49999999999999645 ) ) ;
#12178 = ORIENTED_EDGE ( 'NONE', *, *, #10977, .T. ) ;
#12179 = DIRECTION ( 'NONE',  ( -0.000000000000000000, 1.000000000000000000, -0.000000000000000000 ) ) ;
#12180 = EDGE_CURVE ( 'NONE', #12735, #4775, #1942, .T. ) ;
#12181 = CARTESIAN_POINT ( 'NONE',  ( -40.00000000000000000, 0.000000000000000000, -18.00000000000000000 ) ) ;
#12182 = DIRECTION ( 'NONE',  ( 0.000000000000000000, 0.000000000000000000, 1.000000000000000000 ) ) ;
#12183 = LINE ( 'NONE', #10201, #7511 ) ;
#12184 =( NAMED_UNIT ( * ) SI_UNIT ( $, .STERADIAN. ) SOLID_ANGLE_UNIT ( ) );
#12185 = MANIFOLD_SOLID_BREP ( 'LPattern3[13]', #10590 ) ;
#12186 = VERTEX_POINT ( 'NONE', #10462 ) ;
#12187 = DIRECTION ( 'NONE',  ( -6.878321229956105203E-31, -2.478176394252937114E-16, -1.000000000000000000 ) ) ;
#12188 = ORIENTED_EDGE ( 'NONE', *, *, #4186, .F. ) ;
#12189 = CARTESIAN_POINT ( 'NONE',  ( 30.48000000000000043, 1.600000000000000089, 0.000000000000000000 ) ) ;
#12190 = DIRECTION ( 'NONE',  ( 0.000000000000000000, 1.000000000000000000, 0.000000000000000000 ) ) ;
#12191 = EDGE_CURVE ( 'NONE', #4585, #7680, #11448, .T. ) ;
#12192 = ORIENTED_EDGE ( 'NONE', *, *, #4765, .T. ) ;
#12193 = DIRECTION ( 'NONE',  ( 2.775557561562888984E-15, 0.000000000000000000, -1.000000000000000000 ) ) ;
#12194 = CARTESIAN_POINT ( 'NONE',  ( 2.660000000000002807, 1.600000000000000089, -15.49999999999999645 ) ) ;
#12195 = ORIENTED_EDGE ( 'NONE', *, *, #11167, .F. ) ;
#12196 = DIRECTION ( 'NONE',  ( 0.000000000000000000, 0.000000000000000000, 1.000000000000000000 ) ) ;
#12197 = DIRECTION ( 'NONE',  ( 0.000000000000000000, 1.000000000000000000, 0.000000000000000000 ) ) ;
#12198 = DIRECTION ( 'NONE',  ( -0.000000000000000000, 1.000000000000000000, -0.000000000000000000 ) ) ;
#12199 = DIRECTION ( 'NONE',  ( 0.000000000000000000, 0.000000000000000000, 1.000000000000000000 ) ) ;
#12200 = DIRECTION ( 'NONE',  ( -0.000000000000000000, 1.000000000000000000, -0.000000000000000000 ) ) ;
#12201 = PRESENTATION_LAYER_ASSIGNMENT (  '', '', ( #2791 ) ) ;
#12202 = EDGE_CURVE ( 'NONE', #4436, #10645, #6387, .T. ) ;
#12203 = ORIENTED_EDGE ( 'NONE', *, *, #10867, .T. ) ;
#12204 = DIRECTION ( 'NONE',  ( 2.775557561562888984E-15, 0.000000000000000000, -1.000000000000000000 ) ) ;
#12205 = ORIENTED_EDGE ( 'NONE', *, *, #6290, .F. ) ;
#12206 = ORIENTED_EDGE ( 'NONE', *, *, #7549, .F. ) ;
#12207 = CARTESIAN_POINT ( 'NONE',  ( -33.64999999999999858, 8.500000000000000000, -9.525000000000003908 ) ) ;
#12208 = DIRECTION ( 'NONE',  ( 0.000000000000000000, 1.000000000000000000, 0.000000000000000000 ) ) ;
#12209 = ORIENTED_EDGE ( 'NONE', *, *, #10680, .F. ) ;
#12210 = DIRECTION ( 'NONE',  ( 2.775557561562888984E-15, 0.000000000000000000, -1.000000000000000000 ) ) ;
#12211 = PLANE ( 'NONE',  #7464 ) ;
#12212 = VERTEX_POINT ( 'NONE', #6466 ) ;
#12213 = EDGE_CURVE ( 'NONE', #5875, #10498, #1298, .T. ) ;
#12214 = CARTESIAN_POINT ( 'NONE',  ( -7.500000000000038192, 1.600000000000000089, -9.131584377541916332E-14 ) ) ;
#12215 = DIRECTION ( 'NONE',  ( -0.000000000000000000, 1.000000000000000000, -0.000000000000000000 ) ) ;
#12216 = STYLED_ITEM ( 'NONE', ( #11701 ), #3424 ) ;
#12217 = DIRECTION ( 'NONE',  ( -0.000000000000000000, 1.000000000000000000, -0.000000000000000000 ) ) ;
#12218 = DIRECTION ( 'NONE',  ( 2.775557561562888984E-15, 0.000000000000000000, -1.000000000000000000 ) ) ;
#12219 = LINE ( 'NONE', #4360, #10785 ) ;
#12220 = ORIENTED_EDGE ( 'NONE', *, *, #12401, .T. ) ;
#12221 = CARTESIAN_POINT ( 'NONE',  ( 32.08076118445750069, -16.60000000000000497, 12.81066017177981209 ) ) ;
#12222 = ORIENTED_EDGE ( 'NONE', *, *, #4182, .T. ) ;
#12223 = DIRECTION ( 'NONE',  ( 0.000000000000000000, 1.000000000000000000, 0.000000000000000000 ) ) ;
#12224 = DIRECTION ( 'NONE',  ( 0.000000000000000000, 1.000000000000000000, -0.000000000000000000 ) ) ;
#12225 = EDGE_CURVE ( 'NONE', #11704, #5067, #384, .T. ) ;
#12226 = ORIENTED_EDGE ( 'NONE', *, *, #11765, .F. ) ;
#12227 = CARTESIAN_POINT ( 'NONE',  ( -35.35000000000000142, 8.199999999999999289, -11.69292893218813667 ) ) ;
#12228 = CARTESIAN_POINT ( 'NONE',  ( -13.31999999999999496, 1.600000000000000089, -18.00000000000000000 ) ) ;
#12229 = CARTESIAN_POINT ( 'NONE',  ( 34.10000000000000142, 8.500000000000000000, 0.000000000000000000 ) ) ;
#12230 = MANIFOLD_SOLID_BREP ( 'Boss-Extrude7[3]', #9739 ) ;
#12231 = EDGE_CURVE ( 'NONE', #8049, #4449, #12556, .T. ) ;
#12232 = CARTESIAN_POINT ( 'NONE',  ( 35.14292893218813418, 1.599999999999978995, 11.70000000000002416 ) ) ;
#12233 = EDGE_LOOP ( 'NONE', ( #7736, #7799 ) ) ;
#12234 = EDGE_CURVE ( 'NONE', #616, #526, #7544, .T. ) ;
#12235 = ORIENTED_EDGE ( 'NONE', *, *, #1407, .T. ) ;
#12236 = ORIENTED_EDGE ( 'NONE', *, *, #7535, .T. ) ;
#12237 = ORIENTED_EDGE ( 'NONE', *, *, #6595, .F. ) ;
#12238 = DIRECTION ( 'NONE',  ( -0.000000000000000000, 0.000000000000000000, 1.000000000000000000 ) ) ;
#12239 = LINE ( 'NONE', #2289, #3918 ) ;
#12240 = ORIENTED_EDGE ( 'NONE', *, *, #5958, .T. ) ;
#12241 = LINE ( 'NONE', #200, #6900 ) ;
#12242 = DIRECTION ( 'NONE',  ( 2.775557561562888984E-15, 0.000000000000000000, -1.000000000000000000 ) ) ;
#12243 = CARTESIAN_POINT ( 'NONE',  ( -15.11999999999999744, 1.600000000000000089, -15.49999999999999645 ) ) ;
#12244 = CARTESIAN_POINT ( 'NONE',  ( 1.919999999999998153, 0.000000000000000000, -15.49999999999999645 ) ) ;
#12245 = DIRECTION ( 'NONE',  ( -0.000000000000000000, 1.000000000000000000, -0.000000000000000000 ) ) ;
#12246 = AXIS2_PLACEMENT_3D ( 'NONE', #2795, #2075, #1813 ) ;
#12247 = VERTEX_POINT ( 'NONE', #3586 ) ;
#12248 = DIRECTION ( 'NONE',  ( 0.7071067811865388020, 0.000000000000000000, 0.7071067811865561215 ) ) ;
#12249 = ORIENTED_EDGE ( 'NONE', *, *, #2207, .T. ) ;
#12250 = DIRECTION ( 'NONE',  ( 2.775557561562888984E-15, 0.000000000000000000, -1.000000000000000000 ) ) ;
#12251 = DIRECTION ( 'NONE',  ( 0.000000000000000000, 1.000000000000000000, 0.000000000000000000 ) ) ;
#12252 = ORIENTED_EDGE ( 'NONE', *, *, #11877, .T. ) ;
#12253 = CARTESIAN_POINT ( 'NONE',  ( -37.70000000000000284, 0.000000000000000000, -15.69999999999999929 ) ) ;
#12254 = CARTESIAN_POINT ( 'NONE',  ( -27.81999999999998963, 0.000000000000000000, -18.00000000000000000 ) ) ;
#12255 = ORIENTED_EDGE ( 'NONE', *, *, #1004, .T. ) ;
#12256 = CARTESIAN_POINT ( 'NONE',  ( 35.05334291870195074, 8.376643082376666882, 11.56430964406271400 ) ) ;
#12257 = FILL_AREA_STYLE ('',( #8400 ) ) ;
#12258 = AXIS2_PLACEMENT_3D ( 'NONE', #1766, #4427, #3498 ) ;
#12259 = EDGE_CURVE ( 'NONE', #3461, #9481, #10807, .T. ) ;
#12260 = DIRECTION ( 'NONE',  ( -0.000000000000000000, 1.000000000000000000, -0.000000000000000000 ) ) ;
#12261 = LINE ( 'NONE', #6161, #7675 ) ;
#12262 = CARTESIAN_POINT ( 'NONE',  ( -14.22000000000000064, 0.000000000000000000, -15.49999999999999645 ) ) ;
#12263 = ADVANCED_FACE ( 'NONE', ( #11316 ), #2347, .T. ) ;
#12264 = EDGE_LOOP ( 'NONE', ( #12909, #1906, #7541, #6334 ) ) ;
#12265 = EDGE_LOOP ( 'NONE', ( #9051, #5274, #3210, #6728 ) ) ;
#12266 = ORIENTED_EDGE ( 'NONE', *, *, #10661, .F. ) ;
#12267 = FACE_OUTER_BOUND ( 'NONE', #3467, .T. ) ;
#12268 = VECTOR ( 'NONE', #6672, 1000.000000000000000 ) ;
#12269 = CARTESIAN_POINT ( 'NONE',  ( -35.35000000000000853, 5.700000000000241762, -4.250000000000000000 ) ) ;
#12270 = ORIENTED_EDGE ( 'NONE', *, *, #10895, .F. ) ;
#12271 = LINE ( 'NONE', #2249, #9664 ) ;
#12272 = AXIS2_PLACEMENT_3D ( 'NONE', #9416, #3400, #9520 ) ;
#12273 = DIRECTION ( 'NONE',  ( 0.000000000000000000, 0.000000000000000000, 1.000000000000000000 ) ) ;
#12274 = ORIENTED_EDGE ( 'NONE', *, *, #3464, .T. ) ;
#12275 = EDGE_CURVE ( 'NONE', #12602, #1945, #3702, .T. ) ;
#12276 = DIRECTION ( 'NONE',  ( 2.775557561562888984E-15, 0.000000000000000000, -1.000000000000000000 ) ) ;
#12277 = EDGE_CURVE ( 'NONE', #932, #4654, #8616, .T. ) ;
#12278 = AXIS2_PLACEMENT_3D ( 'NONE', #9573, #625, #5408 ) ;
#12279 = CARTESIAN_POINT ( 'NONE',  ( 0.000000000000000000, 0.000000000000000000, 0.000000000000000000 ) ) ;
#12280 = DIRECTION ( 'NONE',  ( 1.000000000000000000, 0.000000000000000000, 2.775557561562888984E-15 ) ) ;
#12281 = CARTESIAN_POINT ( 'NONE',  ( -28.56000000000004491, -6.222539674441619262, -8.631984016460597151E-14 ) ) ;
#12282 = AXIS2_PLACEMENT_3D ( 'NONE', #7586, #6584, #9423 ) ;
#12283 = VERTEX_POINT ( 'NONE', #752 ) ;
#12284 = CARTESIAN_POINT ( 'NONE',  ( -18.40000000000004121, 0.000000000000000000, -8.631984016460597151E-14 ) ) ;
#12285 = EDGE_LOOP ( 'NONE', ( #707, #2417, #11947, #4897 ) ) ;
#12286 = ADVANCED_FACE ( 'NONE', ( #7758 ), #6635, .F. ) ;
#12287 = LINE ( 'NONE', #3317, #11436 ) ;
#12288 = CLOSED_SHELL ( 'NONE', ( #8822, #4129, #4543, #1494, #10793, #10372 ) ) ;
#12289 = CARTESIAN_POINT ( 'NONE',  ( -6.599999999999997868, -6.222539674441619262, -14.99999999999999822 ) ) ;
#12290 = CIRCLE ( 'NONE', #6618, 5.999999999999998224 ) ;
#12291 = VECTOR ( 'NONE', #12644, 1000.000000000000114 ) ;
#12292 = CARTESIAN_POINT ( 'NONE',  ( -0.6200000000000440714, 0.000000000000000000, -8.631984016460597151E-14 ) ) ;
#12293 = DIRECTION ( 'NONE',  ( 0.000000000000000000, -1.000000000000000000, -2.478176394252935635E-16 ) ) ;
#12294 = LINE ( 'NONE', #3251, #3044 ) ;
#12295 = PRESENTATION_STYLE_ASSIGNMENT (( #9408 ) ) ;
#12296 = CIRCLE ( 'NONE', #8106, 0.5000000000000004441 ) ;
#12297 = DIRECTION ( 'NONE',  ( 0.000000000000000000, 0.000000000000000000, -1.000000000000000000 ) ) ;
#12298 = AXIS2_PLACEMENT_3D ( 'NONE', #8402, #1390, #6603 ) ;
#12299 = EDGE_CURVE ( 'NONE', #10819, #63, #7072, .T. ) ;
#12300 = VECTOR ( 'NONE', #9806, 1000.000000000000000 ) ;
#12301 = ORIENTED_EDGE ( 'NONE', *, *, #12616, .T. ) ;
#12302 = UNCERTAINTY_MEASURE_WITH_UNIT (LENGTH_MEASURE( 1.000000000000000082E-05 ), #3970, 'distance_accuracy_value', 'NONE');
#12303 = CARTESIAN_POINT ( 'NONE',  ( -20.19999999999998863, 1.600000000000000089, -18.00000000000000000 ) ) ;
#12304 = ORIENTED_EDGE ( 'NONE', *, *, #9535, .F. ) ;
#12305 = ORIENTED_EDGE ( 'NONE', *, *, #3877, .F. ) ;
#12306 = EDGE_CURVE ( 'NONE', #11544, #818, #1742, .T. ) ;
#12307 = AXIS2_PLACEMENT_3D ( 'NONE', #10440, #8351, #1405 ) ;
#12308 = CARTESIAN_POINT ( 'NONE',  ( 34.10000000000000142, 8.599999999999999645, -9.525000000000002132 ) ) ;
#12309 = CIRCLE ( 'NONE', #4154, 0.8999999999999980238 ) ;
#12310 = LINE ( 'NONE', #3202, #3069 ) ;
#12311 = VERTEX_POINT ( 'NONE', #11811 ) ;
#12312 = LINE ( 'NONE', #7329, #21 ) ;
#12313 = AXIS2_PLACEMENT_3D ( 'NONE', #746, #3580, #7567 ) ;
#12314 = CARTESIAN_POINT ( 'NONE',  ( -15.11999999999999744, 0.000000000000000000, -15.49999999999999645 ) ) ;
#12315 = EDGE_CURVE ( 'NONE', #5266, #4203, #2838, .T. ) ;
#12316 = AXIS2_PLACEMENT_3D ( 'NONE', #11582, #7643, #3535 ) ;
#12317 = CARTESIAN_POINT ( 'NONE',  ( -20.94000000000004036, -6.222539674441619262, -8.631984016460597151E-14 ) ) ;
#12318 = STYLED_ITEM ( 'NONE', ( #3194 ), #12071 ) ;
#12319 = FACE_OUTER_BOUND ( 'NONE', #8075, .T. ) ;
#12320 = AXIS2_PLACEMENT_3D ( 'NONE', #11571, #6710, #5366 ) ;
#12321 = DIRECTION ( 'NONE',  ( -0.000000000000000000, 1.000000000000000000, -0.000000000000000000 ) ) ;
#12322 = MANIFOLD_SOLID_BREP ( 'LPattern3[7]', #5784 ) ;
#12323 = ORIENTED_EDGE ( 'NONE', *, *, #978, .F. ) ;
#12324 = ORIENTED_EDGE ( 'NONE', *, *, #9656, .T. ) ;
#12325 = CARTESIAN_POINT ( 'NONE',  ( 34.10000000000000142, 8.500000000000000000, 9.525000000000002132 ) ) ;
#12326 = CARTESIAN_POINT ( 'NONE',  ( 34.80000000000000426, 8.400000000000000355, 6.250000000000006217 ) ) ;
#12327 = ORIENTED_EDGE ( 'NONE', *, *, #688, .T. ) ;
#12328 = CIRCLE ( 'NONE', #3123, 0.4999999999999987232 ) ;
#12329 = DIRECTION ( 'NONE',  ( 2.775557561562888984E-15, 0.000000000000000000, -1.000000000000000000 ) ) ;
#12330 = PLANE ( 'NONE',  #1829 ) ;
#12331 = VERTEX_POINT ( 'NONE', #4745 ) ;
#12332 = VECTOR ( 'NONE', #5342, 1000.000000000000000 ) ;
#12333 = CARTESIAN_POINT ( 'NONE',  ( -31.09999999999999787, 1.600000000000000089, -18.00000000000000000 ) ) ;
#12334 = AXIS2_PLACEMENT_3D ( 'NONE', #10071, #5902, #7855 ) ;
#12335 = DIRECTION ( 'NONE',  ( 1.000000000000000000, 0.000000000000000000, 0.000000000000000000 ) ) ;
#12336 = EDGE_CURVE ( 'NONE', #12331, #895, #638, .T. ) ;
#12337 = VECTOR ( 'NONE', #3699, 1000.000000000000000 ) ;
#12338 = CARTESIAN_POINT ( 'NONE',  ( -6.599999999999997868, 1.600000000000000089, -15.49999999999999645 ) ) ;
#12339 = AXIS2_PLACEMENT_3D ( 'NONE', #2206, #6137, #2995 ) ;
#12340 = LINE ( 'NONE', #3365, #10389 ) ;
#12341 = LINE ( 'NONE', #7147, #6067 ) ;
#12342 = AXIS2_PLACEMENT_3D ( 'NONE', #11743, #30, #1976 ) ;
#12343 = EDGE_LOOP ( 'NONE', ( #9248, #2340 ) ) ;
#12344 = ORIENTED_EDGE ( 'NONE', *, *, #503, .T. ) ;
#12345 = CARTESIAN_POINT ( 'NONE',  ( -8.240000000000042846, 0.000000000000000000, -8.631984016460597151E-14 ) ) ;
#12346 = SURFACE_STYLE_FILL_AREA ( #1337 ) ;
#12347 = ORIENTED_EDGE ( 'NONE', *, *, #1270, .F. ) ;
#12348 = DIRECTION ( 'NONE',  ( 0.000000000000000000, 0.000000000000000000, 1.000000000000000000 ) ) ;
#12349 = EDGE_CURVE ( 'NONE', #2225, #5088, #813, .T. ) ;
#12350 = FACE_OUTER_BOUND ( 'NONE', #1708, .T. ) ;
#12351 = ORIENTED_EDGE ( 'NONE', *, *, #3455, .T. ) ;
#12352 =( GEOMETRIC_REPRESENTATION_CONTEXT ( 3 ) GLOBAL_UNCERTAINTY_ASSIGNED_CONTEXT ( ( #9147 ) ) GLOBAL_UNIT_ASSIGNED_CONTEXT ( ( #351, #3225, #10292 ) ) REPRESENTATION_CONTEXT ( 'NONE', 'WORKASPACE' ) );
#12353 = EDGE_CURVE ( 'NONE', #10996, #4448, #9174, .T. ) ;
#12354 = DIRECTION ( 'NONE',  ( 0.000000000000000000, 0.000000000000000000, -1.000000000000000000 ) ) ;
#12355 = CARTESIAN_POINT ( 'NONE',  ( -29.46000000000000085, 1.600000000000000089, -15.49999999999999645 ) ) ;
#12356 = CARTESIAN_POINT ( 'NONE',  ( -35.35000000000000853, 5.700000000000255973, 11.69292893218813489 ) ) ;
#12357 = AXIS2_PLACEMENT_3D ( 'NONE', #5664, #5720, #8801 ) ;
#12358 = VECTOR ( 'NONE', #8040, 1000.000000000000000 ) ;
#12359 = ORIENTED_EDGE ( 'NONE', *, *, #3848, .F. ) ;
#12360 = CARTESIAN_POINT ( 'NONE',  ( -20.94000000000004036, 1.600000000000000089, -8.631984016460597151E-14 ) ) ;
#12361 = EDGE_LOOP ( 'NONE', ( #10303, #4296, #4671, #4529 ) ) ;
#12362 = EDGE_CURVE ( 'NONE', #4270, #2008, #3838, .T. ) ;
#12363 = PLANE ( 'NONE',  #9735 ) ;
#12364 = DIRECTION ( 'NONE',  ( 0.000000000000000000, 0.000000000000000000, 1.000000000000000000 ) ) ;
#12365 = ORIENTED_EDGE ( 'NONE', *, *, #3697, .F. ) ;
#12366 = VECTOR ( 'NONE', #5741, 1000.000000000000000 ) ;
#12367 = DIRECTION ( 'NONE',  ( -1.000000000000000000, -0.000000000000000000, -0.000000000000000000 ) ) ;
#12368 = CARTESIAN_POINT ( 'NONE',  ( -35.14999999999999858, 8.252466668475182843, -11.66070852858864626 ) ) ;
#12369 = CARTESIAN_POINT ( 'NONE',  ( -27.82000000000003936, -6.222539674441619262, -9.131584377541916332E-14 ) ) ;
#12370 = CARTESIAN_POINT ( 'NONE',  ( -33.79999999999999005, 8.400000000000000355, 7.250000000000006217 ) ) ;
#12371 = ORIENTED_EDGE ( 'NONE', *, *, #12202, .T. ) ;
#12372 = ORIENTED_EDGE ( 'NONE', *, *, #5304, .T. ) ;
#12373 = EDGE_CURVE ( 'NONE', #5048, #11600, #7885, .T. ) ;
#12374 = LINE ( 'NONE', #7766, #10152 ) ;
#12375 = ORIENTED_EDGE ( 'NONE', *, *, #12025, .F. ) ;
#12376 = VERTEX_POINT ( 'NONE', #2655 ) ;
#12377 = DIRECTION ( 'NONE',  ( -0.000000000000000000, 1.000000000000000000, -0.000000000000000000 ) ) ;
#12378 = CARTESIAN_POINT ( 'NONE',  ( 2.660000000000009468, -6.222539674441619262, -18.00000000000000000 ) ) ;
#12379 = ORIENTED_EDGE ( 'NONE', *, *, #5880, .T. ) ;
#12381 = ADVANCED_FACE ( 'NONE', ( #1686 ), #9645, .T. ) ;
#12380 = DIRECTION ( 'NONE',  ( -0.000000000000000000, 1.000000000000000000, -0.000000000000000000 ) ) ;
#12382 = CARTESIAN_POINT ( 'NONE',  ( 34.13137084989850223, 0.000000000000000000, -10.76005050633884075 ) ) ;
#12383 = EDGE_CURVE ( 'NONE', #3708, #4857, #5137, .T. ) ;
#12384 = DIRECTION ( 'NONE',  ( 1.000000000000000000, 0.000000000000000000, 0.000000000000000000 ) ) ;
#12385 = CARTESIAN_POINT ( 'NONE',  ( -17.65999999999999304, 0.000000000000000000, -18.00000000000000000 ) ) ;
#12386 = DIRECTION ( 'NONE',  ( 0.000000000000000000, 0.000000000000000000, 1.000000000000000000 ) ) ;
#12387 = AXIS2_PLACEMENT_3D ( 'NONE', #12189, #3215, #7262 ) ;
#12388 = VERTEX_POINT ( 'NONE', #11100 ) ;
#12389 = CARTESIAN_POINT ( 'NONE',  ( 34.98243832617696825, 8.600000000000001421, -11.60564305317660683 ) ) ;
#12390 =( NAMED_UNIT ( * ) SI_UNIT ( $, .STERADIAN. ) SOLID_ANGLE_UNIT ( ) );
#12391 = EDGE_LOOP ( 'NONE', ( #6005, #12371, #5717, #4134 ) ) ;
#12392 = FACE_OUTER_BOUND ( 'NONE', #4864, .T. ) ;
#12393 = PLANE ( 'NONE',  #1423 ) ;
#12394 = ORIENTED_EDGE ( 'NONE', *, *, #12682, .T. ) ;
#12395 = CARTESIAN_POINT ( 'NONE',  ( -40.00000000000000000, 0.000000000000000000, -18.00000000000000000 ) ) ;
#12396 = CARTESIAN_POINT ( 'NONE',  ( 35.35000000000000853, 5.699999999999992184, -11.69292893218813489 ) ) ;
#12397 = EDGE_CURVE ( 'NONE', #12536, #6217, #8134, .T. ) ;
#12398 = DIRECTION ( 'NONE',  ( 0.000000000000000000, 0.000000000000000000, 1.000000000000000000 ) ) ;
#12399 = DIRECTION ( 'NONE',  ( -0.000000000000000000, 1.000000000000000000, -0.000000000000000000 ) ) ;
#12400 = CARTESIAN_POINT ( 'NONE',  ( -28.55999999999999517, -6.222539674441619262, -18.00000000000000000 ) ) ;
#12401 = EDGE_CURVE ( 'NONE', #8792, #3197, #12080, .T. ) ;
#12402 = ORIENTED_EDGE ( 'NONE', *, *, #380, .F. ) ;
#12403 = ORIENTED_EDGE ( 'NONE', *, *, #9651, .F. ) ;
#12404 = CARTESIAN_POINT ( 'NONE',  ( -35.35000000000000142, 8.199999999999999289, -11.69292893218813667 ) ) ;
#12405 = CARTESIAN_POINT ( 'NONE',  ( -34.06066017177982275, -16.60000000000000497, 10.68933982822018969 ) ) ;
#12406 = EDGE_LOOP ( 'NONE', ( #1086, #10516 ) ) ;
#12407 = CARTESIAN_POINT ( 'NONE',  ( -15.85999999999999943, 0.000000000000000000, -18.00000000000000000 ) ) ;
#12408 = MANIFOLD_SOLID_BREP ( 'Boss-Extrude7[4]', #4740 ) ;
#12409 = CARTESIAN_POINT ( 'NONE',  ( 35.15000000000000568, 5.700000000000047251, -4.250000000000000000 ) ) ;
#12410 = ORIENTED_EDGE ( 'NONE', *, *, #8737, .T. ) ;
#12411 = DIRECTION ( 'NONE',  ( 1.000000000000000000, -0.000000000000000000, 0.000000000000000000 ) ) ;
#12412 = FACE_OUTER_BOUND ( 'NONE', #8249, .T. ) ;
#12413 = DIRECTION ( 'NONE',  ( 1.000000000000000000, -0.000000000000000000, 2.775557561562888984E-15 ) ) ;
#12414 = ORIENTED_EDGE ( 'NONE', *, *, #2504, .F. ) ;
#12415 = CARTESIAN_POINT ( 'NONE',  ( 1.919999999999956408, 0.000000000000000000, -8.631984016460597151E-14 ) ) ;
#12416 = ADVANCED_FACE ( 'NONE', ( #1090 ), #9121, .T. ) ;
#12417 = VERTEX_POINT ( 'NONE', #11032 ) ;
#12418 = DIRECTION ( 'NONE',  ( 0.000000000000000000, 1.000000000000000000, 0.000000000000000000 ) ) ;
#12419 = PLANE ( 'NONE',  #2683 ) ;
#12420 = EDGE_LOOP ( 'NONE', ( #8860, #3343, #11527, #6501 ) ) ;
#12421 = PRESENTATION_STYLE_ASSIGNMENT (( #3323 ) ) ;
#12422 = DIRECTION ( 'NONE',  ( 0.000000000000000000, 1.000000000000000000, -0.000000000000000000 ) ) ;
#12423 = DIRECTION ( 'NONE',  ( 0.7071067811865512365, 0.000000000000000000, 0.7071067811865439090 ) ) ;
#12424 = DIRECTION ( 'NONE',  ( 0.000000000000000000, 1.000000000000000000, 0.000000000000000000 ) ) ;
#12425 = CARTESIAN_POINT ( 'NONE',  ( 2.659999999999961062, 1.600000000000000089, -9.131584377541916332E-14 ) ) ;
#12426 = ORIENTED_EDGE ( 'NONE', *, *, #12299, .T. ) ;
#12427 = EDGE_CURVE ( 'NONE', #7397, #8858, #951, .T. ) ;
#12428 = VERTEX_POINT ( 'NONE', #11951 ) ;
#12429 = EDGE_CURVE ( 'NONE', #9833, #4483, #6899, .T. ) ;
#12430 = DIRECTION ( 'NONE',  ( 2.775557561562888984E-15, 0.000000000000000000, -1.000000000000000000 ) ) ;
#12431 = LINE ( 'NONE', #12564, #9060 ) ;
#12432 = ORIENTED_EDGE ( 'NONE', *, *, #10348, .T. ) ;
#12433 = ORIENTED_EDGE ( 'NONE', *, *, #2690, .F. ) ;
#12434 = DIRECTION ( 'NONE',  ( 0.000000000000000000, 1.000000000000000000, -0.000000000000000000 ) ) ;
#12435 = DIRECTION ( 'NONE',  ( 0.000000000000000000, 1.000000000000000000, 0.000000000000000000 ) ) ;
#12436 = ORIENTED_EDGE ( 'NONE', *, *, #6299, .F. ) ;
#12437 = CARTESIAN_POINT ( 'NONE',  ( 35.12844538072196343, 8.304397331752655376, -11.62861928812542622 ) ) ;
#12438 = CARTESIAN_POINT ( 'NONE',  ( -7.500000000000038192, 0.000000000000000000, -9.131584377541916332E-14 ) ) ;
#12439 = EDGE_CURVE ( 'NONE', #3513, #7501, #10600, .T. ) ;
#12440 = ADVANCED_FACE ( 'NONE', ( #11158 ), #2186, .T. ) ;
#12441 = VERTEX_POINT ( 'NONE', #6060 ) ;
#12442 = EDGE_CURVE ( 'NONE', #6046, #11600, #3895, .T. ) ;
#12443 = EDGE_CURVE ( 'NONE', #4907, #3298, #5925, .T. ) ;
#12444 = DIRECTION ( 'NONE',  ( 0.000000000000000000, 0.000000000000000000, 1.000000000000000000 ) ) ;
#12445 = LINE ( 'NONE', #4704, #11040 ) ;
#12446 = EDGE_LOOP ( 'NONE', ( #5976, #8039 ) ) ;
#12447 = DIRECTION ( 'NONE',  ( 0.000000000000000000, 1.000000000000000000, 0.000000000000000000 ) ) ;
#12448 = DIRECTION ( 'NONE',  ( 0.000000000000000000, 0.000000000000000000, 1.000000000000000000 ) ) ;
#12449 = ORIENTED_EDGE ( 'NONE', *, *, #665, .T. ) ;
#12450 =( NAMED_UNIT ( * ) PLANE_ANGLE_UNIT ( ) SI_UNIT ( $, .RADIAN. ) );
#12451 = DIRECTION ( 'NONE',  ( -1.000000000000000000, -0.000000000000000000, -0.000000000000000000 ) ) ;
#12452 = EDGE_CURVE ( 'NONE', #11349, #4569, #7955, .T. ) ;
#12453 = DIRECTION ( 'NONE',  ( -0.000000000000000000, 1.000000000000000000, -0.000000000000000000 ) ) ;
#12454 = DIRECTION ( 'NONE',  ( 2.775557561562888984E-15, 0.000000000000000000, -1.000000000000000000 ) ) ;
#12455 = VERTEX_POINT ( 'NONE', #9969 ) ;
#12456 = ORIENTED_EDGE ( 'NONE', *, *, #9012, .T. ) ;
#12457 = VERTEX_POINT ( 'NONE', #5017 ) ;
#12458 = DIRECTION ( 'NONE',  ( 2.775557561562888984E-15, 0.000000000000000000, -1.000000000000000000 ) ) ;
#12459 = FACE_OUTER_BOUND ( 'NONE', #10495, .T. ) ;
#12460 = ORIENTED_EDGE ( 'NONE', *, *, #1636, .T. ) ;
#12461 = DIRECTION ( 'NONE',  ( 0.7071067811865512365, 0.000000000000000000, 0.7071067811865439090 ) ) ;
#12462 = EDGE_CURVE ( 'NONE', #8032, #11922, #44, .T. ) ;
#12463 = CARTESIAN_POINT ( 'NONE',  ( -1.520000000000000462, 0.000000000000000000, -15.99999999999999645 ) ) ;
#12464 = ORIENTED_EDGE ( 'NONE', *, *, #10196, .F. ) ;
#12465 = VECTOR ( 'NONE', #2853, 1000.000000000000000 ) ;
#12466 = DIRECTION ( 'NONE',  ( -0.7071067811865583419, 0.000000000000000000, 0.7071067811865368036 ) ) ;
#12467 = DIRECTION ( 'NONE',  ( -0.000000000000000000, 1.000000000000000000, -0.000000000000000000 ) ) ;
#12468 = EDGE_CURVE ( 'NONE', #4961, #1595, #7492, .T. ) ;
#12469 = FACE_OUTER_BOUND ( 'NONE', #759, .T. ) ;
#12470 = CIRCLE ( 'NONE', #2430, 0.8999999999999980238 ) ;
#12471 = CARTESIAN_POINT ( 'NONE',  ( 2.659999999999961062, -6.222539674441619262, -9.131584377541916332E-14 ) ) ;
#12472 = ORIENTED_EDGE ( 'NONE', *, *, #10509, .F. ) ;
#12473 = DIRECTION ( 'NONE',  ( 0.000000000000000000, -0.000000000000000000, -1.000000000000000000 ) ) ;
#12474 = CIRCLE ( 'NONE', #2000, 0.8999999999999980238 ) ;
#12475 = VERTEX_POINT ( 'NONE', #10442 ) ;
#12476 = VECTOR ( 'NONE', #645, 1000.000000000000000 ) ;
#12477 = DIRECTION ( 'NONE',  ( 0.000000000000000000, 1.000000000000000000, 0.000000000000000000 ) ) ;
#12478 = PLANE ( 'NONE',  #12557 ) ;
#12479 = ORIENTED_EDGE ( 'NONE', *, *, #2298, .F. ) ;
#12480 = VECTOR ( 'NONE', #11159, 1000.000000000000000 ) ;
#12481 =( LENGTH_UNIT ( ) NAMED_UNIT ( * ) SI_UNIT ( .MILLI., .METRE. ) );
#12482 = LINE ( 'NONE', #1552, #5008 ) ;
#12483 = CARTESIAN_POINT ( 'NONE',  ( 37.70000000000000284, 0.000000000000000000, -17.89999999999999858 ) ) ;
#12484 = CIRCLE ( 'NONE', #2007, 2.199999999999998845 ) ;
#12485 =( NAMED_UNIT ( * ) PLANE_ANGLE_UNIT ( ) SI_UNIT ( $, .RADIAN. ) );
#12486 = AXIS2_PLACEMENT_3D ( 'NONE', #11503, #3510, #10453 ) ;
#12487 = CARTESIAN_POINT ( 'NONE',  ( -40.00000000000000000, 1.600000000000000089, -18.00000000000000000 ) ) ;
#12488 = EDGE_CURVE ( 'NONE', #8895, #10215, #4229, .T. ) ;
#12489 = ORIENTED_EDGE ( 'NONE', *, *, #268, .F. ) ;
#12490 = VECTOR ( 'NONE', #3613, 1000.000000000000000 ) ;
#12491 = ORIENTED_EDGE ( 'NONE', *, *, #8968, .F. ) ;
#12492 = DIRECTION ( 'NONE',  ( 0.000000000000000000, 0.000000000000000000, -1.000000000000000000 ) ) ;
#12493 = FILL_AREA_STYLE_COLOUR ( '', #8691 ) ;
#12494 = AXIS2_PLACEMENT_3D ( 'NONE', #1446, #8683, #3654 ) ;
#12495 = EDGE_LOOP ( 'NONE', ( #9199, #2383, #12249, #5991 ) ) ;
#12496 = ORIENTED_EDGE ( 'NONE', *, *, #2743, .F. ) ;
#12497 = DIRECTION ( 'NONE',  ( -1.000000000000000000, -0.000000000000000000, -0.000000000000000000 ) ) ;
#12498 = FACE_BOUND ( 'NONE', #5547, .T. ) ;
#12499 = ORIENTED_EDGE ( 'NONE', *, *, #3811, .T. ) ;
#12500 = FACE_BOUND ( 'NONE', #4010, .T. ) ;
#12501 = CIRCLE ( 'NONE', #11239, 0.2000000000000005107 ) ;
#12502 = EDGE_CURVE ( 'NONE', #1595, #4721, #3089, .T. ) ;
#12503 = DIRECTION ( 'NONE',  ( 0.000000000000000000, 0.000000000000000000, 1.000000000000000000 ) ) ;
#12504 = VECTOR ( 'NONE', #3393, 1000.000000000000114 ) ;
#12505 = EDGE_CURVE ( 'NONE', #4203, #410, #11455, .T. ) ;
#12506 = VECTOR ( 'NONE', #1761, 1000.000000000000000 ) ;
#12507 = VECTOR ( 'NONE', #4486, 1000.000000000000000 ) ;
#12508 = FACE_OUTER_BOUND ( 'NONE', #12878, .T. ) ;
#12509 = CIRCLE ( 'NONE', #2479, 0.5000000000000004441 ) ;
#12510 = ORIENTED_EDGE ( 'NONE', *, *, #5794, .F. ) ;
#12511 = AXIS2_PLACEMENT_3D ( 'NONE', #8005, #5070, #3965 ) ;
#12512 = EDGE_CURVE ( 'NONE', #10316, #12930, #498, .T. ) ;
#12513 = CARTESIAN_POINT ( 'NONE',  ( -3.160000000000041442, 0.000000000000000000, -8.631984016460597151E-14 ) ) ;
#12514 = CARTESIAN_POINT ( 'NONE',  ( 15.24000000000000021, -6.222539674441619262, -18.00000000000000000 ) ) ;
#12515 = VERTEX_POINT ( 'NONE', #11494 ) ;
#12516 = CARTESIAN_POINT ( 'NONE',  ( -16.76000000000000156, 1.600000000000000089, -15.49999999999999645 ) ) ;
#12517 = DIRECTION ( 'NONE',  ( 0.000000000000000000, 1.000000000000000000, -0.000000000000000000 ) ) ;
#12518 = VERTEX_POINT ( 'NONE', #11219 ) ;
#12519 = SURFACE_SIDE_STYLE ('',( #302 ) ) ;
#12520 = AXIS2_PLACEMENT_3D ( 'NONE', #3285, #4332, #12335 ) ;
#12521 = CIRCLE ( 'NONE', #11471, 0.8999999999999980238 ) ;
#12522 = AXIS2_PLACEMENT_3D ( 'NONE', #1075, #2317, #6103 ) ;
#12523 = CARTESIAN_POINT ( 'NONE',  ( 40.00000000000002842, 7.949999999999781686, -3.750000000000000000 ) ) ;
#12524 = CARTESIAN_POINT ( 'NONE',  ( -14.22000000000000064, 0.000000000000000000, -15.99999999999999645 ) ) ;
#12525 = DIRECTION ( 'NONE',  ( -0.000000000000000000, 1.000000000000000000, -0.000000000000000000 ) ) ;
#12526 = ORIENTED_EDGE ( 'NONE', *, *, #8373, .F. ) ;
#12527 = ORIENTED_EDGE ( 'NONE', *, *, #3422, .T. ) ;
#12528 = VECTOR ( 'NONE', #12611, 1000.000000000000000 ) ;
#12529 = LINE ( 'NONE', #6741, #8963 ) ;
#12530 = CIRCLE ( 'NONE', #6861, 0.8999999999999980238 ) ;
#12531 =( NAMED_UNIT ( * ) PLANE_ANGLE_UNIT ( ) SI_UNIT ( $, .RADIAN. ) );
#12532 = ORIENTED_EDGE ( 'NONE', *, *, #8289, .F. ) ;
#12533 = CARTESIAN_POINT ( 'NONE',  ( -33.98994949366117879, -2.399999999999999467, -10.61862915010154040 ) ) ;
#12534 = AXIS2_PLACEMENT_3D ( 'NONE', #3371, #8462, #294 ) ;
#12535 = PLANE ( 'NONE',  #7882 ) ;
#12536 = VERTEX_POINT ( 'NONE', #3379 ) ;
#12537 = CARTESIAN_POINT ( 'NONE',  ( -35.12664308237666688, 8.303342918701952513, 11.62861928812542622 ) ) ;
#12538 = EDGE_CURVE ( 'NONE', #9481, #3461, #12296, .T. ) ;
#12539 = CARTESIAN_POINT ( 'NONE',  ( -35.14292893218813418, 1.600000000000062927, -11.90000000000002522 ) ) ;
#12540 = VECTOR ( 'NONE', #2733, 1000.000000000000000 ) ;
#12541 = EDGE_CURVE ( 'NONE', #8150, #5803, #9321, .T. ) ;
#12542 = EDGE_CURVE ( 'NONE', #4029, #11604, #5279, .T. ) ;
#12543 = FACE_OUTER_BOUND ( 'NONE', #4789, .T. ) ;
#12544 = AXIS2_PLACEMENT_3D ( 'NONE', #12950, #10764, #11161 ) ;
#12545 = ORIENTED_EDGE ( 'NONE', *, *, #7288, .F. ) ;
#12546 = FACE_BOUND ( 'NONE', #6753, .T. ) ;
#12547 = ORIENTED_EDGE ( 'NONE', *, *, #6819, .F. ) ;
#12548 = AXIS2_PLACEMENT_3D ( 'NONE', #186, #3324, #4177 ) ;
#12549 = DIRECTION ( 'NONE',  ( 0.000000000000000000, 0.000000000000000000, -1.000000000000000000 ) ) ;
#12550 = CARTESIAN_POINT ( 'NONE',  ( -9.139999999999998792, 0.000000000000000000, -15.49999999999999645 ) ) ;
#12551 = ORIENTED_EDGE ( 'NONE', *, *, #604, .F. ) ;
#12552 = MECHANICAL_DESIGN_GEOMETRIC_PRESENTATION_REPRESENTATION (  '', ( #12764 ), #7108 ) ;
#12553 = CARTESIAN_POINT ( 'NONE',  ( -35.14292893218813418, 8.200000000000001066, -11.90200000000000102 ) ) ;
#12554 = CARTESIAN_POINT ( 'NONE',  ( -34.79999999999999005, 8.400000000000000355, -6.249999999999994671 ) ) ;
#12555 = CARTESIAN_POINT ( 'NONE',  ( 37.70000000000032969, 0.000000000000000000, 13.50000000000000000 ) ) ;
#12556 = LINE ( 'NONE', #1554, #8756 ) ;
#12557 = AXIS2_PLACEMENT_3D ( 'NONE', #559, #4493, #2404 ) ;
#12558 = PLANE ( 'NONE',  #5772 ) ;
#12559 = AXIS2_PLACEMENT_3D ( 'NONE', #7547, #12525, #9552 ) ;
#12560 = ORIENTED_EDGE ( 'NONE', *, *, #10934, .T. ) ;
#12561 = ADVANCED_FACE ( 'NONE', ( #12412 ), #9393, .T. ) ;
#12562 = VERTEX_POINT ( 'NONE', #7366 ) ;
#12563 = DIRECTION ( 'NONE',  ( 0.000000000000000000, 0.000000000000000000, 1.000000000000000000 ) ) ;
#12564 = CARTESIAN_POINT ( 'NONE',  ( -31.10000000000000142, -6.222539674441619262, -15.49999999999999645 ) ) ;
#12565 = EDGE_CURVE ( 'NONE', #6794, #29, #8471, .T. ) ;
#12566 = ORIENTED_EDGE ( 'NONE', *, *, #12120, .F. ) ;
#12567 = VECTOR ( 'NONE', #856, 1000.000000000000000 ) ;
#12568 = ORIENTED_EDGE ( 'NONE', *, *, #2293, .F. ) ;
#12569 = CARTESIAN_POINT ( 'NONE',  ( -32.00000000000000000, 0.000000000000000000, -14.99999999999999822 ) ) ;
#12570 = DIRECTION ( 'NONE',  ( 0.000000000000000000, 1.000000000000000000, 0.000000000000000000 ) ) ;
#12571 = ORIENTED_EDGE ( 'NONE', *, *, #11513, .T. ) ;
#12572 = CARTESIAN_POINT ( 'NONE',  ( -32.01005050633882121, 0.000000000000000000, -12.88137084989846848 ) ) ;
#12573 = CARTESIAN_POINT ( 'NONE',  ( -16.76000000000000156, 1.600000000000000089, -15.49999999999999645 ) ) ;
#12574 = CARTESIAN_POINT ( 'NONE',  ( -19.29999999999999716, 1.600000000000000089, -14.59999999999999787 ) ) ;
#12575 = EDGE_CURVE ( 'NONE', #9266, #4080, #2456, .T. ) ;
#12576 = ORIENTED_EDGE ( 'NONE', *, *, #8331, .T. ) ;
#12577 = DIRECTION ( 'NONE',  ( -2.569960705151068762E-15, -1.000000000000000000, 6.123233995736767268E-17 ) ) ;
#12578 = CARTESIAN_POINT ( 'NONE',  ( 37.70000000000032969, -6.222539674441619262, 15.69999999999999929 ) ) ;
#12579 = EDGE_LOOP ( 'NONE', ( #6761, #11846, #874, #10951 ) ) ;
#12580 = LINE ( 'NONE', #4649, #8789 ) ;
#12581 = CARTESIAN_POINT ( 'NONE',  ( 31.86862915010155106, 0.000000000000000000, -12.73994949366116991 ) ) ;
#12582 = DIRECTION ( 'NONE',  ( 0.000000000000000000, 0.000000000000000000, 1.000000000000000000 ) ) ;
#12583 = LINE ( 'NONE', #4469, #9382 ) ;
#12584 = DIRECTION ( 'NONE',  ( 0.000000000000000000, 1.000000000000000000, 0.000000000000000000 ) ) ;
#12585 = CARTESIAN_POINT ( 'NONE',  ( 40.00000000000000000, 1.600000000000000089, 18.00000000000000000 ) ) ;
#12586 = ORIENTED_EDGE ( 'NONE', *, *, #12625, .T. ) ;
#12587 = ADVANCED_FACE ( 'NONE', ( #12469 ), #9453, .T. ) ;
#12588 = AXIS2_PLACEMENT_3D ( 'NONE', #9523, #4636, #6650 ) ;
#12589 = ORIENTED_EDGE ( 'NONE', *, *, #4458, .T. ) ;
#12590 = ORIENTED_EDGE ( 'NONE', *, *, #9415, .F. ) ;
#12591 = DIRECTION ( 'NONE',  ( 0.000000000000000000, 1.000000000000000000, 0.000000000000000000 ) ) ;
#12592 = CYLINDRICAL_SURFACE ( 'NONE', #7677, 0.8999999999999980238 ) ;
#12593 = ORIENTED_EDGE ( 'NONE', *, *, #12505, .F. ) ;
#12594 = CARTESIAN_POINT ( 'NONE',  ( 37.70000000000032969, 0.000000000000000000, 13.50000000000000000 ) ) ;
#12595 = DIRECTION ( 'NONE',  ( 0.000000000000000000, 0.000000000000000000, 1.000000000000000000 ) ) ;
#12596 = ORIENTED_EDGE ( 'NONE', *, *, #6683, .T. ) ;
#12597 = LINE ( 'NONE', #11491, #10820 ) ;
#12598 = CYLINDRICAL_SURFACE ( 'NONE', #7683, 0.1999999999999987899 ) ;
#12599 = EDGE_CURVE ( 'NONE', #3294, #10394, #3239, .T. ) ;
#12600 = ADVANCED_FACE ( 'NONE', ( #2398 ), #2261, .F. ) ;
#12601 = DIRECTION ( 'NONE',  ( 0.000000000000000000, -0.000000000000000000, -1.000000000000000000 ) ) ;
#12602 = VERTEX_POINT ( 'NONE', #306 ) ;
#12603 = CARTESIAN_POINT ( 'NONE',  ( 35.05406188861417860, 8.378694232274947140, -11.56405536884863317 ) ) ;
#12604 = ORIENTED_EDGE ( 'NONE', *, *, #10307, .F. ) ;
#12605 = EDGE_CURVE ( 'NONE', #10694, #6865, #4139, .T. ) ;
#12606 = DIRECTION ( 'NONE',  ( 0.000000000000000000, 0.000000000000000000, 1.000000000000000000 ) ) ;
#12607 = CARTESIAN_POINT ( 'NONE',  ( -14.22000000000000064, -6.222539674441619262, -14.99999999999999822 ) ) ;
#12608 = ORIENTED_EDGE ( 'NONE', *, *, #11104, .T. ) ;
#12609 = CARTESIAN_POINT ( 'NONE',  ( -26.91999999999999815, -6.222539674441619262, -15.49999999999999645 ) ) ;
#12610 = VECTOR ( 'NONE', #10496, 1000.000000000000000 ) ;
#12611 = DIRECTION ( 'NONE',  ( 2.775557561562888984E-15, 0.000000000000000000, -1.000000000000000000 ) ) ;
#12612 = DIRECTION ( 'NONE',  ( 2.775557561562888984E-15, 0.000000000000000000, -1.000000000000000000 ) ) ;
#12613 = EDGE_LOOP ( 'NONE', ( #3135, #6431 ) ) ;
#12614 = DIRECTION ( 'NONE',  ( 2.775557561562888984E-15, 0.000000000000000000, -1.000000000000000000 ) ) ;
#12615 = EDGE_LOOP ( 'NONE', ( #7345, #5735, #1400, #1226 ) ) ;
#12616 = EDGE_CURVE ( 'NONE', #2883, #10466, #11250, .T. ) ;
#12617 = ORIENTED_EDGE ( 'NONE', *, *, #12621, .T. ) ;
#12618 = PLANE ( 'NONE',  #7776 ) ;
#12619 = PLANE ( 'NONE',  #12912 ) ;
#12620 = CARTESIAN_POINT ( 'NONE',  ( -32.00000000000000000, 1.600000000000000089, -15.49999999999999645 ) ) ;
#12621 = EDGE_CURVE ( 'NONE', #8365, #7521, #365, .T. ) ;
#12622 = DIRECTION ( 'NONE',  ( 0.000000000000000000, 1.000000000000000000, -0.000000000000000000 ) ) ;
#12623 = FACE_OUTER_BOUND ( 'NONE', #1153, .T. ) ;
#12624 = AXIS2_PLACEMENT_3D ( 'NONE', #6416, #10414, #12329 ) ;
#12625 = EDGE_CURVE ( 'NONE', #11665, #7822, #1427, .T. ) ;
#12626 = EDGE_LOOP ( 'NONE', ( #7557, #3152, #9781, #7650 ) ) ;
#12627 = DIRECTION ( 'NONE',  ( 2.775557561562888984E-15, 0.000000000000000000, -1.000000000000000000 ) ) ;
#12628 = DIRECTION ( 'NONE',  ( -0.000000000000000000, 1.000000000000000000, -0.000000000000000000 ) ) ;
#12629 = AXIS2_PLACEMENT_3D ( 'NONE', #7360, #9314, #11295 ) ;
#12630 = ORIENTED_EDGE ( 'NONE', *, *, #6523, .T. ) ;
#12631 = CARTESIAN_POINT ( 'NONE',  ( 34.13137084989850223, -16.60000000000000497, -10.76005050633884075 ) ) ;
#12632 = LINE ( 'NONE', #12697, #2272 ) ;
#12633 = CARTESIAN_POINT ( 'NONE',  ( 40.00000000000002132, 6.200000000000033928, -3.749999999999999556 ) ) ;
#12634 = CARTESIAN_POINT ( 'NONE',  ( -1.520000000000000462, -6.222539674441619262, -14.99999999999999822 ) ) ;
#12635 = FACE_OUTER_BOUND ( 'NONE', #5050, .T. ) ;
#12636 = PRESENTATION_STYLE_ASSIGNMENT (( #8643 ) ) ;
#12637 = EDGE_LOOP ( 'NONE', ( #6063, #464, #8215, #11531 ) ) ;
#12638 = VERTEX_POINT ( 'NONE', #12539 ) ;
#12639 = ORIENTED_EDGE ( 'NONE', *, *, #5094, .T. ) ;
#12640 = CARTESIAN_POINT ( 'NONE',  ( -7.500000000000038192, -6.222539674441619262, -9.131584377541916332E-14 ) ) ;
#12641 = SURFACE_SIDE_STYLE ('',( #4659 ) ) ;
#12642 = ORIENTED_EDGE ( 'NONE', *, *, #2210, .T. ) ;
#12643 = PLANE ( 'NONE',  #12748 ) ;
#12644 = DIRECTION ( 'NONE',  ( 0.7071067811865388020, 0.000000000000000000, -0.7071067811865561215 ) ) ;
#12645 = ORIENTED_EDGE ( 'NONE', *, *, #11819, .F. ) ;
#12646 = CARTESIAN_POINT ( 'NONE',  ( -35.35000000000000142, 8.304988543519002064, 11.66069157708424875 ) ) ;
#12647 = ADVANCED_FACE ( 'NONE', ( #11557 ), #622, .T. ) ;
#12648 = CARTESIAN_POINT ( 'NONE',  ( -34.95000000000001705, 8.199999999999999289, 11.70000000000002416 ) ) ;
#12649 = ADVANCED_FACE ( 'NONE', ( #10555 ), #9692, .F. ) ;
#12650 = FACE_OUTER_BOUND ( 'NONE', #11044, .T. ) ;
#12651 = ORIENTED_EDGE ( 'NONE', *, *, #1062, .T. ) ;
#12652 = FACE_OUTER_BOUND ( 'NONE', #12910, .T. ) ;
#12653 = ORIENTED_EDGE ( 'NONE', *, *, #4511, .F. ) ;
#12654 = EDGE_LOOP ( 'NONE', ( #3033, #11407, #6937, #7359 ) ) ;
#12655 = DIRECTION ( 'NONE',  ( 3.965082230804697016E-15, 1.000000000000000000, 2.478176394252935635E-16 ) ) ;
#12656 = VECTOR ( 'NONE', #2346, 1000.000000000000000 ) ;
#12657 = LINE ( 'NONE', #884, #1449 ) ;
#12658 = ORIENTED_EDGE ( 'NONE', *, *, #1121, .T. ) ;
#12659 = EDGE_CURVE ( 'NONE', #2228, #12048, #5396, .T. ) ;
#12660 = CARTESIAN_POINT ( 'NONE',  ( -35.14292893218813418, 8.200000000000001066, -11.69797999999999938 ) ) ;
#12661 = CARTESIAN_POINT ( 'NONE',  ( -16.76000000000000156, -6.222539674441619262, -14.99999999999999822 ) ) ;
#12662 = CARTESIAN_POINT ( 'NONE',  ( -16.76000000000000156, -6.222539674441619262, -15.49999999999999645 ) ) ;
#12663 =( LENGTH_UNIT ( ) NAMED_UNIT ( * ) SI_UNIT ( .MILLI., .METRE. ) );
#12664 = LINE ( 'NONE', #698, #10157 ) ;
#12665 = CIRCLE ( 'NONE', #1387, 2.199999999999998845 ) ;
#12666 = ORIENTED_EDGE ( 'NONE', *, *, #10001, .F. ) ;
#12667 = LINE ( 'NONE', #5607, #6035 ) ;
#12668 = CIRCLE ( 'NONE', #4724, 0.4999999999999987232 ) ;
#12669 = EDGE_CURVE ( 'NONE', #670, #10734, #1672, .T. ) ;
#12670 = ORIENTED_EDGE ( 'NONE', *, *, #3209, .F. ) ;
#12671 = CARTESIAN_POINT ( 'NONE',  ( 6.100000000000001421, 0.000000000000000000, -15.49999999999999645 ) ) ;
#12672 = AXIS2_PLACEMENT_3D ( 'NONE', #10834, #5791, #3839 ) ;
#12673 =( LENGTH_UNIT ( ) NAMED_UNIT ( * ) SI_UNIT ( .MILLI., .METRE. ) );
#12674 = ORIENTED_EDGE ( 'NONE', *, *, #12616, .F. ) ;
#12675 = PLANE ( 'NONE',  #1303 ) ;
#12676 = AXIS2_PLACEMENT_3D ( 'NONE', #11330, #2362, #5364 ) ;
#12677 = CARTESIAN_POINT ( 'NONE',  ( 33.64999999999999858, 8.500000000000000000, -10.07500000000000462 ) ) ;
#12678 = DIRECTION ( 'NONE',  ( 2.775557561562888984E-15, 0.000000000000000000, -1.000000000000000000 ) ) ;
#12679 = VECTOR ( 'NONE', #4236, 1000.000000000000000 ) ;
#12680 = LINE ( 'NONE', #7529, #11676 ) ;
#12681 = CARTESIAN_POINT ( 'NONE',  ( -32.00000000000000000, -6.222539674441619262, -15.49999999999999645 ) ) ;
#12682 = EDGE_CURVE ( 'NONE', #12066, #4854, #2478, .T. ) ;
#12683 = EDGE_CURVE ( 'NONE', #11534, #5705, #6749, .T. ) ;
#12684 = ADVANCED_FACE ( 'NONE', ( #10690 ), #12598, .T. ) ;
#12685 = VECTOR ( 'NONE', #298, 1000.000000000000000 ) ;
#12686 = DIRECTION ( 'NONE',  ( 0.000000000000000000, 1.000000000000000000, -0.000000000000000000 ) ) ;
#12687 = EDGE_CURVE ( 'NONE', #10331, #9127, #8656, .T. ) ;
#12688 = ORIENTED_EDGE ( 'NONE', *, *, #3384, .F. ) ;
#12689 = VECTOR ( 'NONE', #9463, 1000.000000000000000 ) ;
#12690 = CARTESIAN_POINT ( 'NONE',  ( -15.85999999999999588, 1.600000000000000089, -18.00000000000000000 ) ) ;
#12691 = EDGE_CURVE ( 'NONE', #11559, #10466, #5771, .T. ) ;
#12692 = CLOSED_SHELL ( 'NONE', ( #8985, #9632, #10517, #6219, #11932, #5537, #822, #4079, #10388 ) ) ;
#12693 = CYLINDRICAL_SURFACE ( 'NONE', #7692, 2.199999999999998845 ) ;
#12694 = EDGE_LOOP ( 'NONE', ( #6500, #4267, #9443, #4693 ) ) ;
#12695 = LINE ( 'NONE', #3547, #6687 ) ;
#12696 = VECTOR ( 'NONE', #11853, 1000.000000000000000 ) ;
#12697 = CARTESIAN_POINT ( 'NONE',  ( 6.100000000000001421, 0.000000000000000000, -14.59999999999999787 ) ) ;
#12698 = AXIS2_PLACEMENT_3D ( 'NONE', #4269, #10485, #5319 ) ;
#12699 = DIRECTION ( 'NONE',  ( 0.000000000000000000, 0.000000000000000000, -1.000000000000000000 ) ) ;
#12700 = APPLICATION_PROTOCOL_DEFINITION ( 'draft international standard', 'automotive_design', 1998, #3540 ) ;
#12701 = B_SPLINE_CURVE_WITH_KNOTS ( 'NONE', 3,
 ( #446, #11422, #12603, #8544, #8474, #11499 ),
 .UNSPECIFIED., .F., .F.,
 ( 4, 2, 4 ),
 ( 7.949501638480626889E-18, 0.0001829148252455434004, 0.0003658296504910788860 ),
 .UNSPECIFIED. ) ;
#12702 = VECTOR ( 'NONE', #7102, 1000.000000000000000 ) ;
#12703 = AXIS2_PLACEMENT_3D ( 'NONE', #3497, #3571, #1671 ) ;
#12704 = CARTESIAN_POINT ( 'NONE',  ( -40.00000000000000000, 1.600000000000000089, -18.00000000000000000 ) ) ;
#12705 = VECTOR ( 'NONE', #5226, 1000.000000000000000 ) ;
#12706 = ORIENTED_EDGE ( 'NONE', *, *, #10114, .F. ) ;
#12707 = DIRECTION ( 'NONE',  ( 0.000000000000000000, 1.000000000000000000, -0.000000000000000000 ) ) ;
#12708 = EDGE_CURVE ( 'NONE', #4477, #11459, #7616, .T. ) ;
#12709 = AXIS2_PLACEMENT_3D ( 'NONE', #8831, #4057, #8960 ) ;
#12710 = EDGE_LOOP ( 'NONE', ( #6538, #2904, #5870, #1917 ) ) ;
#12711 = CYLINDRICAL_SURFACE ( 'NONE', #907, 0.1999999999999987899 ) ;
#12712 = ORIENTED_EDGE ( 'NONE', *, *, #5000, .T. ) ;
#12713 = EDGE_CURVE ( 'NONE', #2385, #11774, #9149, .T. ) ;
#12714 = ORIENTED_EDGE ( 'NONE', *, *, #10668, .F. ) ;
#12715 = LINE ( 'NONE', #8529, #2287 ) ;
#12716 = PLANE ( 'NONE',  #9966 ) ;
#12717 = ORIENTED_EDGE ( 'NONE', *, *, #7579, .T. ) ;
#12718 = VECTOR ( 'NONE', #2435, 1000.000000000000000 ) ;
#12719 = CARTESIAN_POINT ( 'NONE',  ( -35.14292893218813418, 8.199999999999999289, 11.70000000000000107 ) ) ;
#12720 = VECTOR ( 'NONE', #10174, 1000.000000000000000 ) ;
#12721 = DIRECTION ( 'NONE',  ( -0.000000000000000000, 1.000000000000000000, -0.000000000000000000 ) ) ;
#12722 = ORIENTED_EDGE ( 'NONE', *, *, #963, .F. ) ;
#12723 = AXIS2_PLACEMENT_3D ( 'NONE', #12338, #11594, #349 ) ;
#12724 = EDGE_CURVE ( 'NONE', #9312, #11857, #12728, .T. ) ;
#12725 = CARTESIAN_POINT ( 'NONE',  ( -35.30689076144392402, 8.408794663505309686, 11.62861928812542622 ) ) ;
#12726 = CIRCLE ( 'NONE', #6641, 0.8999999999999980238 ) ;
#12727 = AXIS2_PLACEMENT_3D ( 'NONE', #12573, #9718, #7713 ) ;
#12728 = LINE ( 'NONE', #8540, #8931 ) ;
#12729 = LINE ( 'NONE', #9830, #806 ) ;
#12730 = CARTESIAN_POINT ( 'NONE',  ( 37.70000000000032969, 1.600000000000000089, 13.50000000000000000 ) ) ;
#12731 = DIRECTION ( 'NONE',  ( -0.000000000000000000, 1.000000000000000000, -0.000000000000000000 ) ) ;
#12732 = COLOUR_RGB ( '',1.000000000000000000, 0.8117647058823529438, 0.5019607843137254832 ) ;
#12733 = AXIS2_PLACEMENT_3D ( 'NONE', #3747, #9872, #1713 ) ;
#12734 = VERTEX_POINT ( 'NONE', #4807 ) ;
#12735 = VERTEX_POINT ( 'NONE', #11606 ) ;
#12736 = VECTOR ( 'NONE', #4478, 1000.000000000000000 ) ;
#12737 = EDGE_CURVE ( 'NONE', #5297, #1676, #6693, .T. ) ;
#12738 = CARTESIAN_POINT ( 'NONE',  ( -28.56000000000004491, 0.000000000000000000, -8.631984016460597151E-14 ) ) ;
#12739 = CARTESIAN_POINT ( 'NONE',  ( -20.94000000000000128, 0.000000000000000000, -15.49999999999999645 ) ) ;
#12740 = VERTEX_POINT ( 'NONE', #4611 ) ;
#12741 = ADVANCED_FACE ( 'NONE', ( #3764 ), #11740, .T. ) ;
#12742 = LINE ( 'NONE', #6822, #6831 ) ;
#12743 = CARTESIAN_POINT ( 'NONE',  ( 1.020000000000000018, 1.600000000000000089, -14.59999999999999787 ) ) ;
#12744 = LINE ( 'NONE', #889, #8069 ) ;
#12745 = AXIS2_PLACEMENT_3D ( 'NONE', #12415, #9504, #10505 ) ;
#12746 = CARTESIAN_POINT ( 'NONE',  ( -33.64999999999999858, 8.500000000000000000, 9.075000000000002842 ) ) ;
#12747 = CARTESIAN_POINT ( 'NONE',  ( -34.79999999999999005, -0.0009999999999992653654, 6.250000000000006217 ) ) ;
#12748 = AXIS2_PLACEMENT_3D ( 'NONE', #9825, #7555, #11734 ) ;
#12749 = COLOUR_RGB ( '',0.2509803921568627416, 0.2509803921568627416, 0.2509803921568627416 ) ;
#12750 = ORIENTED_EDGE ( 'NONE', *, *, #2339, .F. ) ;
#12751 = CARTESIAN_POINT ( 'NONE',  ( -40.00000000000000000, 0.000000000000000000, 18.00000000000000000 ) ) ;
#12752 = ADVANCED_FACE ( 'NONE', ( #5584 ), #11796, .T. ) ;
#12753 = ORIENTED_EDGE ( 'NONE', *, *, #10444, .F. ) ;
#12754 = AXIS2_PLACEMENT_3D ( 'NONE', #1238, #7120, #10115 ) ;
#12755 = FILL_AREA_STYLE_COLOUR ( '', #4262 ) ;
#12756 = CARTESIAN_POINT ( 'NONE',  ( -13.32000000000004292, 0.000000000000000000, -8.631984016460597151E-14 ) ) ;
#12757 = EDGE_CURVE ( 'NONE', #5129, #2827, #6006, .T. ) ;
#12758 = EDGE_LOOP ( 'NONE', ( #3767, #12576, #6382, #4735 ) ) ;
#12759 = DIRECTION ( 'NONE',  ( 0.000000000000000000, 1.000000000000000000, -0.000000000000000000 ) ) ;
#12760 = AXIS2_PLACEMENT_3D ( 'NONE', #11155, #12215, #9118 ) ;
#12761 = CARTESIAN_POINT ( 'NONE',  ( 1.920000000000001483, 0.000000000000000000, -18.00000000000000000 ) ) ;
#12762 = DIRECTION ( 'NONE',  ( -0.7071067811865547892, -0.000000000000000000, 0.7071067811865403563 ) ) ;
#12763 = CYLINDRICAL_SURFACE ( 'NONE', #1846, 0.8999999999999980238 ) ;
#12764 = STYLED_ITEM ( 'NONE', ( #3958 ), #2564 ) ;
#12765 = DIRECTION ( 'NONE',  ( 0.000000000000000000, -1.000000000000000000, 0.000000000000000000 ) ) ;
#12766 = EDGE_CURVE ( 'NONE', #5838, #2877, #11933, .T. ) ;
#12767 = VECTOR ( 'NONE', #2292, 1000.000000000000000 ) ;
#12768 = ORIENTED_EDGE ( 'NONE', *, *, #108, .T. ) ;
#12769 = EDGE_CURVE ( 'NONE', #9611, #2587, #148, .T. ) ;
#12770 = FACE_OUTER_BOUND ( 'NONE', #2374, .T. ) ;
#12771 = DIRECTION ( 'NONE',  ( -1.064096724931068475E-31, -2.610910282104610326E-48, -1.000000000000000000 ) ) ;
#12772 = ORIENTED_EDGE ( 'NONE', *, *, #6805, .T. ) ;
#12773 = ADVANCED_FACE ( 'NONE', ( #6101 ), #3091, .F. ) ;
#12774 = CARTESIAN_POINT ( 'NONE',  ( 0.000000000000000000, 1.600000000000000089, 0.000000000000000000 ) ) ;
#12775 = EDGE_CURVE ( 'NONE', #7940, #12388, #8729, .T. ) ;
#12776 = DIRECTION ( 'NONE',  ( 1.000000000000000000, 0.000000000000000000, 0.000000000000000000 ) ) ;
#12777 = CARTESIAN_POINT ( 'NONE',  ( 6.100000000000001421, 0.000000000000000000, -15.49999999999999645 ) ) ;
#12778 = CYLINDRICAL_SURFACE ( 'NONE', #10848, 0.8999999999999980238 ) ;
#12779 = ORIENTED_EDGE ( 'NONE', *, *, #538, .F. ) ;
#12780 = CYLINDRICAL_SURFACE ( 'NONE', #12115, 0.4999999999999987232 ) ;
#12781 = ORIENTED_EDGE ( 'NONE', *, *, #10917, .T. ) ;
#12782 = FACE_OUTER_BOUND ( 'NONE', #1588, .T. ) ;
#12783 = ORIENTED_EDGE ( 'NONE', *, *, #5561, .F. ) ;
#12784 = ORIENTED_EDGE ( 'NONE', *, *, #12757, .F. ) ;
#12785 = PLANE ( 'NONE',  #8558 ) ;
#12786 = DIRECTION ( 'NONE',  ( 0.000000000000000000, 0.000000000000000000, 1.000000000000000000 ) ) ;
#12787 = ORIENTED_EDGE ( 'NONE', *, *, #8875, .T. ) ;
#12788 = DIRECTION ( 'NONE',  ( 0.000000000000000000, 0.000000000000000000, 1.000000000000000000 ) ) ;
#12789 = PLANE ( 'NONE',  #7679 ) ;
#12790 = ORIENTED_EDGE ( 'NONE', *, *, #7371, .F. ) ;
#12791 = LINE ( 'NONE', #4073, #2679 ) ;
#12792 = ADVANCED_FACE ( 'NONE', ( #7005 ), #6942, .F. ) ;
#12793 = CARTESIAN_POINT ( 'NONE',  ( -10.03999999999999737, -6.222539674441619262, -15.49999999999999645 ) ) ;
#12794 = FACE_OUTER_BOUND ( 'NONE', #8372, .T. ) ;
#12795 = EDGE_CURVE ( 'NONE', #4111, #6182, #10945, .T. ) ;
#12796 = ORIENTED_EDGE ( 'NONE', *, *, #2716, .T. ) ;
#12797 = DIRECTION ( 'NONE',  ( 0.000000000000000000, 1.000000000000000000, 0.000000000000000000 ) ) ;
#12798 = ORIENTED_EDGE ( 'NONE', *, *, #10843, .F. ) ;
#12799 = ORIENTED_EDGE ( 'NONE', *, *, #10105, .T. ) ;
#12800 = ORIENTED_EDGE ( 'NONE', *, *, #4501, .T. ) ;
#12801 = LINE ( 'NONE', #1605, #5369 ) ;
#12802 = VECTOR ( 'NONE', #4703, 1000.000000000000000 ) ;
#12803 = DIRECTION ( 'NONE',  ( -0.000000000000000000, 1.000000000000000000, -0.000000000000000000 ) ) ;
#12804 = ORIENTED_EDGE ( 'NONE', *, *, #12853, .T. ) ;
#12805 = ORIENTED_EDGE ( 'NONE', *, *, #3209, .T. ) ;
#12806 = AXIS2_PLACEMENT_3D ( 'NONE', #11631, #11445, #466 ) ;
#12807 = CARTESIAN_POINT ( 'NONE',  ( -35.14999999999999858, 8.400000000000000355, 11.69292893218813489 ) ) ;
#12808 = CARTESIAN_POINT ( 'NONE',  ( 34.95000000000001705, 8.199999999999999289, -11.70000000000002416 ) ) ;
#12809 = DIRECTION ( 'NONE',  ( 0.000000000000000000, 1.000000000000000000, 0.000000000000000000 ) ) ;
#12810 = EDGE_CURVE ( 'NONE', #3675, #6237, #9100, .T. ) ;
#12811 = CARTESIAN_POINT ( 'NONE',  ( -23.48000000000000043, 0.000000000000000000, -15.49999999999999645 ) ) ;
#12812 = ORIENTED_EDGE ( 'NONE', *, *, #5172, .F. ) ;
#12813 = DIRECTION ( 'NONE',  ( 0.000000000000000000, 1.000000000000000000, 0.000000000000000000 ) ) ;
#12814 = EDGE_LOOP ( 'NONE', ( #4601, #682, #94, #1168 ) ) ;
#12815 = CYLINDRICAL_SURFACE ( 'NONE', #914, 2.199999999999998845 ) ;
#12816 = CARTESIAN_POINT ( 'NONE',  ( -8.240000000000042846, -6.222539674441619262, -8.631984016460597151E-14 ) ) ;
#12817 = ORIENTED_EDGE ( 'NONE', *, *, #8509, .T. ) ;
#12818 = CARTESIAN_POINT ( 'NONE',  ( 6.999999999999957367, 1.600000000000000089, -8.631984016460597151E-14 ) ) ;
#12819 = DIRECTION ( 'NONE',  ( -0.000000000000000000, 1.000000000000000000, -0.000000000000000000 ) ) ;
#12820 = DIRECTION ( 'NONE',  ( 0.000000000000000000, -1.000000000000000000, 0.000000000000000000 ) ) ;
#12821 = DIRECTION ( 'NONE',  ( 0.000000000000000000, 1.000000000000000000, -0.000000000000000000 ) ) ;
#12822 = EDGE_CURVE ( 'NONE', #4231, #4054, #9045, .T. ) ;
#12823 = CARTESIAN_POINT ( 'NONE',  ( 35.01430964406271329, 8.378445380721963431, -11.60439733175265609 ) ) ;
#12824 = ADVANCED_FACE ( 'NONE', ( #11080 ), #10079, .T. ) ;
#12825 = ORIENTED_EDGE ( 'NONE', *, *, #12841, .F. ) ;
#12826 = VECTOR ( 'NONE', #12204, 1000.000000000000000 ) ;
#12827 = DIRECTION ( 'NONE',  ( 0.000000000000000000, 1.000000000000000000, -0.000000000000000000 ) ) ;
#12828 = ORIENTED_EDGE ( 'NONE', *, *, #11200, .F. ) ;
#12829 = CARTESIAN_POINT ( 'NONE',  ( -35.01430964406271329, 8.378445380721963431, 11.60439733175265609 ) ) ;
#12830 = CARTESIAN_POINT ( 'NONE',  ( 33.98994949366120011, -2.399999999999999467, -10.61862915010154396 ) ) ;
#12831 = EDGE_CURVE ( 'NONE', #1265, #8694, #4867, .T. ) ;
#12832 = VERTEX_POINT ( 'NONE', #5059 ) ;
#12833 = CARTESIAN_POINT ( 'NONE',  ( 34.95000000000001705, 82.49217232609667860, -11.70000000000002416 ) ) ;
#12834 = COLOUR_RGB ( '',0.2509803921568627416, 0.2509803921568627416, 0.2509803921568627416 ) ;
#12835 = EDGE_CURVE ( 'NONE', #12247, #4035, #12092, .T. ) ;
#12836 = CARTESIAN_POINT ( 'NONE',  ( 38.10000000000000142, 0.000000000000000000, 0.000000000000000000 ) ) ;
#12837 = LINE ( 'NONE', #6732, #754 ) ;
#12838 = CARTESIAN_POINT ( 'NONE',  ( -37.69999999999967599, 0.000000000000000000, 15.69999999999999929 ) ) ;
#12839 = ORIENTED_EDGE ( 'NONE', *, *, #9297, .F. ) ;
#12840 = DIRECTION ( 'NONE',  ( 2.775557561562888984E-15, 0.000000000000000000, -1.000000000000000000 ) ) ;
#12841 = EDGE_CURVE ( 'NONE', #2132, #569, #7144, .T. ) ;
#12842 = VERTEX_POINT ( 'NONE', #8139 ) ;
#12843 = ORIENTED_EDGE ( 'NONE', *, *, #10277, .F. ) ;
#12844 = ORIENTED_EDGE ( 'NONE', *, *, #8609, .F. ) ;
#12845 = FACE_OUTER_BOUND ( 'NONE', #12495, .T. ) ;
#12846 = CARTESIAN_POINT ( 'NONE',  ( -35.14999999999999858, 8.400000000000000355, -11.69292893218813667 ) ) ;
#12847 = ORIENTED_EDGE ( 'NONE', *, *, #6186, .F. ) ;
#12848 = DIRECTION ( 'NONE',  ( 0.000000000000000000, 0.000000000000000000, 1.000000000000000000 ) ) ;
#12849 = DIRECTION ( 'NONE',  ( 0.000000000000000000, -0.000000000000000000, -1.000000000000000000 ) ) ;
#12850 = VERTEX_POINT ( 'NONE', #4995 ) ;
#12851 = CARTESIAN_POINT ( 'NONE',  ( 35.35200000000000387, 8.305513762269436384, 11.66069140756920497 ) ) ;
#12852 = DIRECTION ( 'NONE',  ( 0.000000000000000000, 0.000000000000000000, 1.000000000000000000 ) ) ;
#12853 = EDGE_CURVE ( 'NONE', #12144, #2883, #12057, .T. ) ;
#12854 = CARTESIAN_POINT ( 'NONE',  ( -13.32000000000004292, 0.000000000000000000, -8.631984016460597151E-14 ) ) ;
#12855 = ORIENTED_EDGE ( 'NONE', *, *, #12136, .F. ) ;
#12856 = CARTESIAN_POINT ( 'NONE',  ( 37.70000000000000284, 0.000000000000000000, -15.69999999999999929 ) ) ;
#12857 = EDGE_CURVE ( 'NONE', #7227, #616, #8984, .T. ) ;
#12858 = ORIENTED_EDGE ( 'NONE', *, *, #7203, .F. ) ;
#12859 = EDGE_CURVE ( 'NONE', #2066, #10150, #5850, .T. ) ;
#12860 = ORIENTED_EDGE ( 'NONE', *, *, #2351, .T. ) ;
#12861 = ORIENTED_EDGE ( 'NONE', *, *, #11347, .F. ) ;
#12862 = FACE_OUTER_BOUND ( 'NONE', #7050, .T. ) ;
#12863 = LINE ( 'NONE', #2906, #12939 ) ;
#12864 = ORIENTED_EDGE ( 'NONE', *, *, #11864, .T. ) ;
#12865 = EDGE_CURVE ( 'NONE', #1184, #2756, #876, .T. ) ;
#12866 = EDGE_LOOP ( 'NONE', ( #7632, #6222, #5798, #5053 ) ) ;
#12867 = CARTESIAN_POINT ( 'NONE',  ( -30.36000000000003851, 1.600000000000000089, -9.131584377541916332E-14 ) ) ;
#12868 = DIRECTION ( 'NONE',  ( -0.000000000000000000, 1.000000000000000000, -0.000000000000000000 ) ) ;
#12869 = CARTESIAN_POINT ( 'NONE',  ( -19.29999999999999716, 1.600000000000000089, -14.59999999999999787 ) ) ;
#12870 = CARTESIAN_POINT ( 'NONE',  ( 34.20208152801715329, -16.60000000000000497, 10.68933982822018258 ) ) ;
#12871 = LINE ( 'NONE', #7957, #12896 ) ;
#12872 = EDGE_LOOP ( 'NONE', ( #4747, #7796, #4094, #3174 ) ) ;
#12873 = DIRECTION ( 'NONE',  ( -0.000000000000000000, 1.000000000000000000, -0.000000000000000000 ) ) ;
#12874 = CIRCLE ( 'NONE', #8275, 0.4500000000000007327 ) ;
#12875 = VERTEX_POINT ( 'NONE', #4015 ) ;
#12876 = DIRECTION ( 'NONE',  ( 0.000000000000000000, 0.000000000000000000, 1.000000000000000000 ) ) ;
#12877 = CARTESIAN_POINT ( 'NONE',  ( -25.28000000000004022, 1.600000000000000089, -9.131584377541916332E-14 ) ) ;
#12878 = EDGE_LOOP ( 'NONE', ( #3412, #3097, #11854, #7194 ) ) ;
#12879 = CARTESIAN_POINT ( 'NONE',  ( -6.599999999999997868, 0.000000000000000000, -15.49999999999999645 ) ) ;
#12880 = DIRECTION ( 'NONE',  ( 1.000000000000000000, -0.000000000000000000, 2.775557561562888984E-15 ) ) ;
#12881 = FACE_OUTER_BOUND ( 'NONE', #4600, .T. ) ;
#12882 = CARTESIAN_POINT ( 'NONE',  ( -22.50000000000000000, 4.599999999999999645, -4.592425496802574367E-15 ) ) ;
#12883 = VECTOR ( 'NONE', #4824, 1000.000000000000000 ) ;
#12884 = CARTESIAN_POINT ( 'NONE',  ( -22.74000000000003752, 0.000000000000000000, -9.131584377541916332E-14 ) ) ;
#12885 = CARTESIAN_POINT ( 'NONE',  ( 37.70000000000000284, 0.000000000000000000, -17.89999999999999858 ) ) ;
#12886 = EDGE_LOOP ( 'NONE', ( #9834, #7026, #4946, #12188 ) ) ;
#12887 = AXIS2_PLACEMENT_3D ( 'NONE', #1373, #5303, #5241 ) ;
#12888 = ORIENTED_EDGE ( 'NONE', *, *, #9784, .T. ) ;
#12889 = PRESENTATION_LAYER_ASSIGNMENT (  '', '', ( #7651 ) ) ;
#12890 = EDGE_CURVE ( 'NONE', #2601, #2968, #7997, .T. ) ;
#12891 = CARTESIAN_POINT ( 'NONE',  ( -35.14292893218813418, 8.199999999999999289, 11.90200000000000102 ) ) ;
#12892 = DIRECTION ( 'NONE',  ( 0.000000000000000000, -1.000000000000000000, 0.000000000000000000 ) ) ;
#12893 = EDGE_LOOP ( 'NONE', ( #9518, #9081, #12608, #8799 ) ) ;
#12894 = CARTESIAN_POINT ( 'NONE',  ( 0.1200000000000020495, 1.600000000000000089, -18.00000000000000000 ) ) ;
#12895 = EDGE_CURVE ( 'NONE', #4684, #11835, #934, .T. ) ;
#12896 = VECTOR ( 'NONE', #2916, 1000.000000000000000 ) ;
#12897 = CARTESIAN_POINT ( 'NONE',  ( -37.69999999999967599, 0.000000000000000000, 17.09999999999999432 ) ) ;
#12898 = DIRECTION ( 'NONE',  ( 0.000000000000000000, 0.000000000000000000, 1.000000000000000000 ) ) ;
#12899 = AXIS2_PLACEMENT_3D ( 'NONE', #6859, #5952, #12898 ) ;
#12900 = FACE_OUTER_BOUND ( 'NONE', #6592, .T. ) ;
#12901 = ADVANCED_FACE ( 'NONE', ( #10288 ), #4211, .F. ) ;
#12902 = ORIENTED_EDGE ( 'NONE', *, *, #9329, .T. ) ;
#12903 = LINE ( 'NONE', #1769, #8553 ) ;
#12904 = EDGE_CURVE ( 'NONE', #7455, #4231, #5187, .T. ) ;
#12905 = CLOSED_SHELL ( 'NONE', ( #12964, #7081, #7245, #10814, #3544, #3793, #3151, #7589, #4390 ) ) ;
#12906 = ORIENTED_EDGE ( 'NONE', *, *, #4383, .T. ) ;
#12907 = CYLINDRICAL_SURFACE ( 'NONE', #6343, 1.000000000000000000 ) ;
#12908 = VECTOR ( 'NONE', #5114, 1000.000000000000000 ) ;
#12909 = ORIENTED_EDGE ( 'NONE', *, *, #2182, .T. ) ;
#12910 = EDGE_LOOP ( 'NONE', ( #2789, #11095, #8812, #2577 ) ) ;
#12911 = CARTESIAN_POINT ( 'NONE',  ( 34.94999999999999574, 8.599999999999999645, 11.50000000000000000 ) ) ;
#12912 = AXIS2_PLACEMENT_3D ( 'NONE', #9660, #2552, #521 ) ;
#12913 = DIRECTION ( 'NONE',  ( 2.775557561562888984E-15, 0.000000000000000000, -1.000000000000000000 ) ) ;
#12914 = EDGE_LOOP ( 'NONE', ( #4174, #11278 ) ) ;
#12915 = CARTESIAN_POINT ( 'NONE',  ( 33.80000000000000426, 7.399999999999999467, 6.250000000000006217 ) ) ;
#12916 = DIRECTION ( 'NONE',  ( -0.000000000000000000, 1.000000000000000000, -0.000000000000000000 ) ) ;
#12917 = ORIENTED_EDGE ( 'NONE', *, *, #756, .F. ) ;
#12918 = CARTESIAN_POINT ( 'NONE',  ( 35.05498854351900206, 8.599999999999997868, 11.53223735510389147 ) ) ;
#12919 = AXIS2_PLACEMENT_3D ( 'NONE', #2714, #7747, #680 ) ;
#12920 = AXIS2_PLACEMENT_3D ( 'NONE', #11432, #3389, #9331 ) ;
#12921 = AXIS2_PLACEMENT_3D ( 'NONE', #5093, #12765, #8949 ) ;
#12922 = DIRECTION ( 'NONE',  ( -0.7071067811865432429, 0.000000000000000000, -0.7071067811865519026 ) ) ;
#12923 = STYLED_ITEM ( 'NONE', ( #6221 ), #8058 ) ;
#12924 = DIRECTION ( 'NONE',  ( 0.000000000000000000, 0.000000000000000000, 1.000000000000000000 ) ) ;
#12925 = VECTOR ( 'NONE', #1668, 1000.000000000000114 ) ;
#12926 = ORIENTED_EDGE ( 'NONE', *, *, #2615, .F. ) ;
#12927 = SURFACE_STYLE_USAGE ( .BOTH. , #8912 ) ;
#12928 = ORIENTED_EDGE ( 'NONE', *, *, #10009, .T. ) ;
#12929 = VECTOR ( 'NONE', #1782, 1000.000000000000000 ) ;
#12930 = VERTEX_POINT ( 'NONE', #483 ) ;
#12931 = CIRCLE ( 'NONE', #395, 0.8999999999999980238 ) ;
#12932 = ORIENTED_EDGE ( 'NONE', *, *, #11266, .F. ) ;
#12933 = CARTESIAN_POINT ( 'NONE',  ( -35.14999999999999858, 8.199999999999999289, -11.69292893218813667 ) ) ;
#12934 = AXIS2_PLACEMENT_3D ( 'NONE', #810, #3766, #11935 ) ;
#12935 = CARTESIAN_POINT ( 'NONE',  ( 1.020000000000000018, 1.600000000000000089, -15.49999999999999645 ) ) ;
#12936 = ORIENTED_EDGE ( 'NONE', *, *, #3322, .F. ) ;
#12937 = ADVANCED_FACE ( 'NONE', ( #2377 ), #7271, .F. ) ;
#12938 = DIRECTION ( 'NONE',  ( 0.7071067811865486830, 0.000000000000000000, -0.7071067811865464625 ) ) ;
#12939 = VECTOR ( 'NONE', #7946, 1000.000000000000000 ) ;
#12940 = ORIENTED_EDGE ( 'NONE', *, *, #5861, .T. ) ;
#12941 = AXIS2_PLACEMENT_3D ( 'NONE', #5302, #1313, #9288 ) ;
#12942 = EDGE_CURVE ( 'NONE', #8049, #1925, #1386, .T. ) ;
#12943 = DIRECTION ( 'NONE',  ( -0.000000000000000000, 1.000000000000000000, -0.000000000000000000 ) ) ;
#12944 = DIRECTION ( 'NONE',  ( -0.000000000000000000, 0.000000000000000000, 1.000000000000000000 ) ) ;
#12945 = DIRECTION ( 'NONE',  ( 1.000000000000000000, 0.000000000000000000, 2.775557561562888984E-15 ) ) ;
#12946 = DIRECTION ( 'NONE',  ( 0.000000000000000000, 0.000000000000000000, 1.000000000000000000 ) ) ;
#12947 = AXIS2_PLACEMENT_3D ( 'NONE', #7714, #4699, #8761 ) ;
#12948 = CARTESIAN_POINT ( 'NONE',  ( -11.67999999999999972, 0.000000000000000000, -15.49999999999999645 ) ) ;
#12949 = VERTEX_POINT ( 'NONE', #6355 ) ;
#12950 = CARTESIAN_POINT ( 'NONE',  ( -33.91923881554251352, -16.60000000000000497, 10.54791847198287691 ) ) ;
#12951 = AXIS2_PLACEMENT_3D ( 'NONE', #2308, #3216, #3277 ) ;
#12952 = ORIENTED_EDGE ( 'NONE', *, *, #3991, .F. ) ;
#12953 = CARTESIAN_POINT ( 'NONE',  ( -35.14292893218813418, 8.400000000000000355, 11.50000000000000000 ) ) ;
#12954 = CARTESIAN_POINT ( 'NONE',  ( 7.620000000000000107, 0.000000000000000000, 0.000000000000000000 ) ) ;
#12955 = DIRECTION ( 'NONE',  ( 2.775557561562888984E-15, 0.000000000000000000, -1.000000000000000000 ) ) ;
#12956 = EDGE_LOOP ( 'NONE', ( #7856, #7209 ) ) ;
#12957 = AXIS2_PLACEMENT_3D ( 'NONE', #11978, #5047, #270 ) ;
#12958 = PRODUCT ( 'LCD 1602 2x16 Blue-White', 'LCD 1602 2x16 Blue-White', '', ( #11539 ) ) ;
#12959 = CARTESIAN_POINT ( 'NONE',  ( -35.14999999999999858, 8.199999999999999289, 11.69292893218813489 ) ) ;
#12960 = PLANE ( 'NONE',  #8151 ) ;
#12961 = AXIS2_PLACEMENT_3D ( 'NONE', #5706, #9685, #5763 ) ;
#12962 = DIRECTION ( 'NONE',  ( -0.000000000000000000, 1.000000000000000000, -0.000000000000000000 ) ) ;
#12963 = AXIS2_PLACEMENT_3D ( 'NONE', #7898, #962, #8945 ) ;
#12964 = ADVANCED_FACE ( 'NONE', ( #222 ), #345, .T. ) ;
#12965 = CARTESIAN_POINT ( 'NONE',  ( -19.29999999999999716, 0.000000000000000000, -15.49999999999999645 ) ) ;
#12966 = CIRCLE ( 'NONE', #6056, 0.8999999999999980238 ) ;
#12967 = ORIENTED_EDGE ( 'NONE', *, *, #6273, .F. ) ;
ENDSEC;
END-ISO-10303-21;
